ISO3,CTSCode,Year,Measurements
AFG,ECCS,1961,-0.096
ALB,ECCS,1961,0.643
DZA,ECCS,1961,0.154
ASM,ECCS,1961,0.075
AND,ECCS,1961,0.736
AGO,ECCS,1961,0.033
AIA,ECCS,1961,-0.029
ATG,ECCS,1961,0.013
ARG,ECCS,1961,0.117
ABW,ECCS,1961,-0.343
AUS,ECCS,1961,0.152
AUT,ECCS,1961,1.031
BHS,ECCS,1961,-0.01
BHR,ECCS,1961,-0.484
BGD,ECCS,1961,0.126
BRB,ECCS,1961,0.245
BLZ,ECCS,1961,-0.005
BEN,ECCS,1961,-0.173
BTN,ECCS,1961,0.176
BOL,ECCS,1961,0.223
BWA,ECCS,1961,0.088
BRA,ECCS,1961,0.198
VGB,ECCS,1961,-0.043
BRN,ECCS,1961,0.116
BGR,ECCS,1961,0.881
BFA,ECCS,1961,-0.293
BDI,ECCS,1961,0.074
CPV,ECCS,1961,-0.076
KHM,ECCS,1961,-0.024
CMR,ECCS,1961,-0.105
CAN,ECCS,1961,0.047
CAF,ECCS,1961,-0.012
TCD,ECCS,1961,-0.406
CHL,ECCS,1961,-0.272
HKG,ECCS,1961,0.072
MAC,ECCS,1961,0.072
CHN,ECCS,1961,0.255
COL,ECCS,1961,0.027
COM,ECCS,1961,0.479
COD,ECCS,1961,-0.013
COG,ECCS,1961,-0.144
COK,ECCS,1961,0.108
CUB,ECCS,1961,-0.057
CYP,ECCS,1961,0.062
DNK,ECCS,1961,1.118
DJI,ECCS,1961,0.135
DMA,ECCS,1961,0.011
DOM,ECCS,1961,-0.05
ECU,ECCS,1961,-0.138
EGY,ECCS,1961,-0.223
SLV,ECCS,1961,-0.057
GNQ,ECCS,1961,-0.135
SWZ,ECCS,1961,0.312
FLK,ECCS,1961,-0.351
FRO,ECCS,1961,0.632
FJI,ECCS,1961,0.25
FIN,ECCS,1961,1.895
FRA,ECCS,1961,0.831
PYF,ECCS,1961,0.08
GAB,ECCS,1961,-0.098
GMB,ECCS,1961,-0.137
DEU,ECCS,1961,0.992
GHA,ECCS,1961,-0.102
GIB,ECCS,1961,0.606
GRC,ECCS,1961,0.466
GRL,ECCS,1961,-0.398
GRD,ECCS,1961,0.394
GLP,ECCS,1961,-0.008
GTM,ECCS,1961,-0.035
GUF,ECCS,1961,-0.087
GIN,ECCS,1961,-0.126
GNB,ECCS,1961,-0.136
GUY,ECCS,1961,0.011
HTI,ECCS,1961,-0.031
VAT,ECCS,1961,0.71
HND,ECCS,1961,-0.081
HUN,ECCS,1961,1.181
ISL,ECCS,1961,0.613
IND,ECCS,1961,-0.179
IDN,ECCS,1961,-0.049
IRN,ECCS,1961,-0.074
IRQ,ECCS,1961,-0.161
IRL,ECCS,1961,0.268
IMN,ECCS,1961,0.358
ISR,ECCS,1961,-0.108
ITA,ECCS,1961,0.811
JAM,ECCS,1961,-0.043
JPN,ECCS,1961,0.666
JOR,ECCS,1961,-0.18
KEN,ECCS,1961,0.29
KIR,ECCS,1961,-0.015
PRK,ECCS,1961,0.495
KOR,ECCS,1961,0.64
KWT,ECCS,1961,-0.245
LAO,ECCS,1961,0.087
LBN,ECCS,1961,0.018
LSO,ECCS,1961,0.362
LBR,ECCS,1961,-0.117
LBY,ECCS,1961,-0.433
LIE,ECCS,1961,1.056
MDG,ECCS,1961,0.57
MWI,ECCS,1961,0.351
MYS,ECCS,1961,-0.019
MLI,ECCS,1961,-0.281
MLT,ECCS,1961,0.537
MTQ,ECCS,1961,0.062
MRT,ECCS,1961,-0.005
MUS,ECCS,1961,0.453
MYT,ECCS,1961,0.442
MEX,ECCS,1961,-0.148
MCO,ECCS,1961,0.779
MNG,ECCS,1961,0.148
MSR,ECCS,1961,0.013
MAR,ECCS,1961,0.636
MOZ,ECCS,1961,0.432
MMR,ECCS,1961,-0.023
NRU,ECCS,1961,-0.237
NPL,ECCS,1961,0.091
NLD,ECCS,1961,0.856
NCL,ECCS,1961,-0.198
NZL,ECCS,1961,-0.279
NIC,ECCS,1961,-0.192
NER,ECCS,1961,-0.664
NGA,ECCS,1961,-0.251
NIU,ECCS,1961,0.214
NFK,ECCS,1961,-0.315
NOR,ECCS,1961,1.24
OMN,ECCS,1961,-0.286
PAK,ECCS,1961,-0.255
PNG,ECCS,1961,-0.174
PRY,ECCS,1961,0.574
PER,ECCS,1961,-0.002
PHL,ECCS,1961,-0.134
PCN,ECCS,1961,0.564
POL,ECCS,1961,1.397
PRT,ECCS,1961,0.833
PRI,ECCS,1961,-0.089
QAT,ECCS,1961,-0.522
ROU,ECCS,1961,1.083
RWA,ECCS,1961,-0.002
SPM,ECCS,1961,-0.055
WSM,ECCS,1961,0.058
SMR,ECCS,1961,0.915
STP,ECCS,1961,-0.083
SAU,ECCS,1961,-0.177
SEN,ECCS,1961,-0.154
SYC,ECCS,1961,0.355
SLE,ECCS,1961,-0.077
SLB,ECCS,1961,0.208
SOM,ECCS,1961,0.323
ZAF,ECCS,1961,0.256
ESP,ECCS,1961,0.747
LKA,ECCS,1961,-0.103
KNA,ECCS,1961,0.013
LCA,ECCS,1961,0.232
VCT,ECCS,1961,0.398
SUR,ECCS,1961,-0.021
SJM,ECCS,1961,0.565
SWE,ECCS,1961,1.558
CHE,ECCS,1961,0.993
SYR,ECCS,1961,-0.023
TWN,ECCS,1961,0.145
TZA,ECCS,1961,0.385
THA,ECCS,1961,-0.15
TLS,ECCS,1961,-0.341
TGO,ECCS,1961,-0.116
TKL,ECCS,1961,-0.073
TON,ECCS,1961,0.315
TTO,ECCS,1961,0.201
TUN,ECCS,1961,0.248
TCA,ECCS,1961,-0.08
TUV,ECCS,1961,-0.06
UGA,ECCS,1961,-0.015
ARE,ECCS,1961,-0.288
GBR,ECCS,1961,0.496
USA,ECCS,1961,0.005
VIR,ECCS,1961,-0.072
URY,ECCS,1961,0.411
VUT,ECCS,1961,0.179
VEN,ECCS,1961,0.023
VNM,ECCS,1961,0.038
WLF,ECCS,1961,0.329
PSE,ECCS,1961,-0.109
ESH,ECCS,1961,0.633
YEM,ECCS,1961,0.061
ZMB,ECCS,1961,0.237
ZWE,ECCS,1961,0.253
AFG,ECCS,1962,-0.143
ALB,ECCS,1962,0.351
DZA,ECCS,1962,0.105
ASM,ECCS,1962,-0.047
AND,ECCS,1962,0.109
AGO,ECCS,1962,-0.159
AIA,ECCS,1962,-0.046
ATG,ECCS,1962,-0.025
ARG,ECCS,1962,-0.046
ABW,ECCS,1962,-0.046
AUS,ECCS,1962,0.132
AUT,ECCS,1962,-0.626
BHS,ECCS,1962,-0.152
BHR,ECCS,1962,0.369
BGD,ECCS,1962,-0.31
BRB,ECCS,1962,0.138
BLZ,ECCS,1962,-0.176
BEN,ECCS,1962,-0.284
BTN,ECCS,1962,-0.361
BOL,ECCS,1962,-0.054
BWA,ECCS,1962,0.206
BRA,ECCS,1962,-0.184
VGB,ECCS,1962,-0.067
BRN,ECCS,1962,-0.049
BGR,ECCS,1962,0.467
BFA,ECCS,1962,-0.24
BDI,ECCS,1962,-0.463
CPV,ECCS,1962,0.275
KHM,ECCS,1962,-0.114
CMR,ECCS,1962,-0.212
CAN,ECCS,1962,-0.12
CYM,ECCS,1962,-0.391
CAF,ECCS,1962,-0.327
TCD,ECCS,1962,-0.266
CHL,ECCS,1962,0.27
HKG,ECCS,1962,-0.066
MAC,ECCS,1962,-0.066
CHN,ECCS,1962,-0.146
COL,ECCS,1962,-0.16
COM,ECCS,1962,0.023
COD,ECCS,1962,-0.167
COG,ECCS,1962,-0.036
COK,ECCS,1962,-0.091
CRI,ECCS,1962,-0.108
CUB,ECCS,1962,-0.073
CYP,ECCS,1962,0.8
DNK,ECCS,1962,-0.646
DJI,ECCS,1962,-0.175
DMA,ECCS,1962,-0.025
DOM,ECCS,1962,-0.025
ECU,ECCS,1962,-0.179
EGY,ECCS,1962,0.67
SLV,ECCS,1962,-0.161
GNQ,ECCS,1962,-0.047
SWZ,ECCS,1962,0.451
FLK,ECCS,1962,0.401
FRO,ECCS,1962,-0.479
FJI,ECCS,1962,-0.065
FIN,ECCS,1962,-0.329
FRA,ECCS,1962,-0.297
PYF,ECCS,1962,-0.169
GAB,ECCS,1962,-0.036
GMB,ECCS,1962,-0.046
DEU,ECCS,1962,-0.749
GHA,ECCS,1962,-0.17
GIB,ECCS,1962,0.553
GRC,ECCS,1962,0.61
GRL,ECCS,1962,0.925
GRD,ECCS,1962,-0.252
GLP,ECCS,1962,-0.035
GTM,ECCS,1962,-0.129
GUF,ECCS,1962,-0.083
GIN,ECCS,1962,-0.135
GNB,ECCS,1962,-0.076
GUY,ECCS,1962,-0.082
HTI,ECCS,1962,-0.018
VAT,ECCS,1962,0.078
HND,ECCS,1962,-0.132
HUN,ECCS,1962,-0.414
ISL,ECCS,1962,-0.217
IND,ECCS,1962,-0.474
IDN,ECCS,1962,0.016
IRN,ECCS,1962,0.235
IRQ,ECCS,1962,0.919
IRL,ECCS,1962,-0.687
IMN,ECCS,1962,-0.749
ISR,ECCS,1962,0.81
ITA,ECCS,1962,0.039
JAM,ECCS,1962,-0.05
JPN,ECCS,1962,0.123
JOR,ECCS,1962,0.99
KEN,ECCS,1962,-0.234
KIR,ECCS,1962,-0.111
PRK,ECCS,1962,-0.053
KOR,ECCS,1962,-0.091
KWT,ECCS,1962,0.833
LAO,ECCS,1962,-0.221
LBN,ECCS,1962,0.84
LSO,ECCS,1962,0.267
LBR,ECCS,1962,-0.11
LBY,ECCS,1962,0.224
LIE,ECCS,1962,-0.487
MDG,ECCS,1962,-0.069
MWI,ECCS,1962,-0.132
MYS,ECCS,1962,-0.071
MDV,ECCS,1962,-0.038
MLI,ECCS,1962,-0.147
MLT,ECCS,1962,0.377
MTQ,ECCS,1962,0.007
MRT,ECCS,1962,0.173
MUS,ECCS,1962,-0.016
MYT,ECCS,1962,0.026
MEX,ECCS,1962,0.183
MCO,ECCS,1962,-0.007
MNG,ECCS,1962,-0.125
MSR,ECCS,1962,-0.025
MAR,ECCS,1962,0.555
MOZ,ECCS,1962,0.076
MMR,ECCS,1962,-0.115
NPL,ECCS,1962,-0.492
NLD,ECCS,1962,-0.905
NCL,ECCS,1962,0.132
NZL,ECCS,1962,0.584
NIC,ECCS,1962,-0.086
NER,ECCS,1962,-0.146
NGA,ECCS,1962,-0.267
NIU,ECCS,1962,-0.363
NFK,ECCS,1962,0.396
NOR,ECCS,1962,-0.77
OMN,ECCS,1962,0.289
PAK,ECCS,1962,-0.215
PNG,ECCS,1962,0.22
PRY,ECCS,1962,-0.639
PER,ECCS,1962,-0.147
PHL,ECCS,1962,-0.107
PCN,ECCS,1962,0.112
POL,ECCS,1962,-0.516
PRT,ECCS,1962,0.539
PRI,ECCS,1962,-0.136
QAT,ECCS,1962,0.418
ROU,ECCS,1962,0.174
RWA,ECCS,1962,-0.34
SPM,ECCS,1962,-0.131
WSM,ECCS,1962,-0.02
SMR,ECCS,1962,-0.124
STP,ECCS,1962,-0.03
SAU,ECCS,1962,0.674
SEN,ECCS,1962,-0.01
SYC,ECCS,1962,0.064
SLE,ECCS,1962,-0.078
SLB,ECCS,1962,0.089
SOM,ECCS,1962,-0.021
ZAF,ECCS,1962,0.218
ESP,ECCS,1962,0.429
LKA,ECCS,1962,-0.078
KNA,ECCS,1962,-0.025
LCA,ECCS,1962,-0.067
VCT,ECCS,1962,-0.256
SUR,ECCS,1962,-0.098
SJM,ECCS,1962,-1.364
SWE,ECCS,1962,-0.687
CHE,ECCS,1962,-0.353
SYR,ECCS,1962,0.992
TWN,ECCS,1962,-0.178
TZA,ECCS,1962,-0.252
THA,ECCS,1962,-0.148
TLS,ECCS,1962,0.011
TGO,ECCS,1962,-0.206
TKL,ECCS,1962,0.084
TON,ECCS,1962,-0.199
TTO,ECCS,1962,-0.115
TUN,ECCS,1962,0.168
TCA,ECCS,1962,-0.226
TUV,ECCS,1962,0.097
UGA,ECCS,1962,-0.288
ARE,ECCS,1962,0.408
GBR,ECCS,1962,-0.73
USA,ECCS,1962,-0.025
VIR,ECCS,1962,-0.08
URY,ECCS,1962,-0.456
VUT,ECCS,1962,0.101
VEN,ECCS,1962,-0.18
VNM,ECCS,1962,-0.215
WLF,ECCS,1962,-0.045
PSE,ECCS,1962,0.803
ESH,ECCS,1962,0.572
YEM,ECCS,1962,0.018
ZMB,ECCS,1962,-0.149
ZWE,ECCS,1962,0.222
AFG,ECCS,1963,0.848
ALB,ECCS,1963,0.089
DZA,ECCS,1963,0.072
ASM,ECCS,1963,0.161
AND,ECCS,1963,-0.759
AGO,ECCS,1963,-0.195
AIA,ECCS,1963,0.192
ATG,ECCS,1963,0.228
ARG,ECCS,1963,0.163
ABW,ECCS,1963,-0.132
AUS,ECCS,1963,-0.091
AUT,ECCS,1963,-0.729
BHS,ECCS,1963,-0.173
BHR,ECCS,1963,0.616
BGD,ECCS,1963,-0.12
BRB,ECCS,1963,0.264
BLZ,ECCS,1963,-0.109
BEN,ECCS,1963,0.094
BTN,ECCS,1963,-0.277
BOL,ECCS,1963,0.357
BWA,ECCS,1963,-0.505
BRA,ECCS,1963,0.165
VGB,ECCS,1963,0.155
BRN,ECCS,1963,-0.229
BGR,ECCS,1963,-0.264
BFA,ECCS,1963,0.126
BDI,ECCS,1963,-0.228
CPV,ECCS,1963,0.525
KHM,ECCS,1963,-0.285
CMR,ECCS,1963,0.14
CAN,ECCS,1963,0.335
CYM,ECCS,1963,-0.248
CAF,ECCS,1963,0.01
TCD,ECCS,1963,0.297
CHL,ECCS,1963,0.108
HKG,ECCS,1963,0.315
MAC,ECCS,1963,0.315
CHN,ECCS,1963,0.287
COL,ECCS,1963,-0.037
COM,ECCS,1963,-0.226
COD,ECCS,1963,-0.053
COG,ECCS,1963,0.13
COK,ECCS,1963,-0.129
CRI,ECCS,1963,-0.024
CUB,ECCS,1963,-0.176
CYP,ECCS,1963,0.742
DNK,ECCS,1963,-1.023
DJI,ECCS,1963,0.087
DMA,ECCS,1963,0.229
DOM,ECCS,1963,0.036
ECU,ECCS,1963,-0.009
EGY,ECCS,1963,0.644
SLV,ECCS,1963,-0.158
GNQ,ECCS,1963,0.248
SWZ,ECCS,1963,-0.194
FLK,ECCS,1963,-0.286
FRO,ECCS,1963,-0.055
FJI,ECCS,1963,-0.028
FIN,ECCS,1963,-0.396
FRA,ECCS,1963,-0.949
PYF,ECCS,1963,-0.085
GAB,ECCS,1963,0.26
GMB,ECCS,1963,0.123
DEU,ECCS,1963,-1.084
GHA,ECCS,1963,0.12
GIB,ECCS,1963,0.009
GRC,ECCS,1963,0.296
GRL,ECCS,1963,0.483
GRD,ECCS,1963,0.445
GLP,ECCS,1963,0.21
GTM,ECCS,1963,-0.104
GUF,ECCS,1963,-0.071
GIN,ECCS,1963,0.163
GNB,ECCS,1963,0.146
GUY,ECCS,1963,-0.199
HTI,ECCS,1963,-0.046
VAT,ECCS,1963,-0.145
HND,ECCS,1963,-0.211
HUN,ECCS,1963,-0.457
ISL,ECCS,1963,0.009
IND,ECCS,1963,-0.019
IDN,ECCS,1963,-0.105
IRN,ECCS,1963,0.74
IRQ,ECCS,1963,0.477
IRL,ECCS,1963,-0.773
IMN,ECCS,1963,-0.825
ISR,ECCS,1963,0.832
ITA,ECCS,1963,-0.354
JAM,ECCS,1963,-0.12
JPN,ECCS,1963,-0.056
JOR,ECCS,1963,0.789
KEN,ECCS,1963,-0.203
KIR,ECCS,1963,-0.057
PRK,ECCS,1963,-0.103
KOR,ECCS,1963,-0.478
KWT,ECCS,1963,0.511
LAO,ECCS,1963,-0.375
LBN,ECCS,1963,0.784
LSO,ECCS,1963,0.019
LBR,ECCS,1963,0.118
LBY,ECCS,1963,0.271
LIE,ECCS,1963,-0.778
MDG,ECCS,1963,-0.267
MWI,ECCS,1963,-0.382
MYS,ECCS,1963,-0.12
MLI,ECCS,1963,0.209
MLT,ECCS,1963,-0.174
MTQ,ECCS,1963,0.235
MRT,ECCS,1963,0.137
MUS,ECCS,1963,-0.067
MYT,ECCS,1963,-0.16
MEX,ECCS,1963,0.215
MCO,ECCS,1963,-0.59
MNG,ECCS,1963,1.19
MSR,ECCS,1963,0.228
MAR,ECCS,1963,0.182
MOZ,ECCS,1963,-0.403
MMR,ECCS,1963,-0.17
NPL,ECCS,1963,-0.211
NLD,ECCS,1963,-1.272
NCL,ECCS,1963,-0.158
NZL,ECCS,1963,-0.354
NIC,ECCS,1963,-0.116
NER,ECCS,1963,0.411
NGA,ECCS,1963,0.257
NIU,ECCS,1963,-0.473
NFK,ECCS,1963,0.1
NOR,ECCS,1963,-0.124
OMN,ECCS,1963,0.494
PAK,ECCS,1963,0.442
PNG,ECCS,1963,-0.017
PRY,ECCS,1963,0.889
PER,ECCS,1963,0.011
PHL,ECCS,1963,-0.349
PCN,ECCS,1963,0.185
POL,ECCS,1963,-0.884
PRT,ECCS,1963,-0.072
PRI,ECCS,1963,0.136
QAT,ECCS,1963,0.334
ROU,ECCS,1963,-0.295
RWA,ECCS,1963,-0.204
SPM,ECCS,1963,-0.193
WSM,ECCS,1963,0.069
SMR,ECCS,1963,-0.391
STP,ECCS,1963,0.272
SAU,ECCS,1963,0.474
SEN,ECCS,1963,0.083
SYC,ECCS,1963,-0.098
SLE,ECCS,1963,0.166
SLB,ECCS,1963,-0.085
SOM,ECCS,1963,-0.211
ZAF,ECCS,1963,0.187
ESP,ECCS,1963,-0.217
LKA,ECCS,1963,-0.007
KNA,ECCS,1963,0.228
LCA,ECCS,1963,0.323
VCT,ECCS,1963,0.448
SUR,ECCS,1963,-0.078
SJM,ECCS,1963,-2.244
SWE,ECCS,1963,-0.453
CHE,ECCS,1963,-0.864
SYR,ECCS,1963,0.554
TWN,ECCS,1963,-0.233
TZA,ECCS,1963,-0.296
THA,ECCS,1963,-0.315
TLS,ECCS,1963,-0.624
TGO,ECCS,1963,0.038
TKL,ECCS,1963,0.13
TON,ECCS,1963,-0.297
TTO,ECCS,1963,0.307
TUN,ECCS,1963,-0.014
TCA,ECCS,1963,0.045
TUV,ECCS,1963,-0.021
UGA,ECCS,1963,-0.212
ARE,ECCS,1963,0.301
GBR,ECCS,1963,-0.866
USA,ECCS,1963,0.426
VIR,ECCS,1963,0.153
URY,ECCS,1963,0.334
VUT,ECCS,1963,-0.157
VEN,ECCS,1963,-0.041
VNM,ECCS,1963,-0.283
WLF,ECCS,1963,0.131
PSE,ECCS,1963,0.834
ESH,ECCS,1963,0.351
YEM,ECCS,1963,0.203
ZMB,ECCS,1963,-0.367
ZWE,ECCS,1963,-0.462
AFG,ECCS,1964,-0.762
ALB,ECCS,1964,-0.154
DZA,ECCS,1964,0.248
ASM,ECCS,1964,-0.146
AND,ECCS,1964,0.303
AGO,ECCS,1964,-0.231
AIA,ECCS,1964,0.099
ATG,ECCS,1964,0.093
ARG,ECCS,1964,-0.353
ABW,ECCS,1964,0.122
AUS,ECCS,1964,-0.014
AUT,ECCS,1964,-0.366
BHS,ECCS,1964,0.092
BHR,ECCS,1964,-0.572
BGD,ECCS,1964,0.1
BRB,ECCS,1964,0.073
BLZ,ECCS,1964,-0.118
BEN,ECCS,1964,-0.259
BTN,ECCS,1964,0.05
BOL,ECCS,1964,-0.128
BWA,ECCS,1964,-0.067
BRA,ECCS,1964,-0.216
VGB,ECCS,1964,0.104
BRN,ECCS,1964,0.036
BGR,ECCS,1964,-0.543
BFA,ECCS,1964,-0.247
BDI,ECCS,1964,-0.167
CPV,ECCS,1964,0.046
KHM,ECCS,1964,0.145
CMR,ECCS,1964,-0.166
CAN,ECCS,1964,-0.299
CAF,ECCS,1964,-0.159
TCD,ECCS,1964,-0.173
CHL,ECCS,1964,-0.172
HKG,ECCS,1964,0.104
MAC,ECCS,1964,0.104
CHN,ECCS,1964,-0.024
COL,ECCS,1964,0.077
COM,ECCS,1964,-0.19
COD,ECCS,1964,-0.123
COG,ECCS,1964,-0.112
COK,ECCS,1964,0.132
CRI,ECCS,1964,-0.183
CUB,ECCS,1964,0.109
CYP,ECCS,1964,-0.583
DNK,ECCS,1964,-0.28
DJI,ECCS,1964,-0.249
DMA,ECCS,1964,0.094
DOM,ECCS,1964,0.19
ECU,ECCS,1964,-0.194
EGY,ECCS,1964,-0.365
SLV,ECCS,1964,-0.083
GNQ,ECCS,1964,-0.139
SWZ,ECCS,1964,0.065
FLK,ECCS,1964,-0.082
FRO,ECCS,1964,0.478
FJI,ECCS,1964,0.205
FIN,ECCS,1964,0.344
FRA,ECCS,1964,0.029
PYF,ECCS,1964,-0.255
GAB,ECCS,1964,-0.123
GMB,ECCS,1964,-0.185
DEU,ECCS,1964,-0.329
GHA,ECCS,1964,-0.22
GIB,ECCS,1964,0.469
GRC,ECCS,1964,-0.311
GRL,ECCS,1964,0.305
GRD,ECCS,1964,-0.151
GLP,ECCS,1964,0.096
GTM,ECCS,1964,-0.08
GUF,ECCS,1964,-0.008
GIN,ECCS,1964,-0.182
GNB,ECCS,1964,-0.228
GUY,ECCS,1964,0.247
HTI,ECCS,1964,0.154
VAT,ECCS,1964,0.21
HND,ECCS,1964,-0.045
HUN,ECCS,1964,-0.869
ISL,ECCS,1964,1.15
IND,ECCS,1964,-0.031
IDN,ECCS,1964,0.002
IRN,ECCS,1964,-0.661
IRQ,ECCS,1964,-0.776
IRL,ECCS,1964,0.156
IMN,ECCS,1964,0.088
ISR,ECCS,1964,-0.634
ITA,ECCS,1964,0.145
JAM,ECCS,1964,-0.052
JPN,ECCS,1964,0.26
JOR,ECCS,1964,-0.655
KEN,ECCS,1964,-0.439
KIR,ECCS,1964,-0.166
PRK,ECCS,1964,0.241
KOR,ECCS,1964,0.604
KWT,ECCS,1964,-0.747
LAO,ECCS,1964,-0.06
LBN,ECCS,1964,-0.707
LSO,ECCS,1964,-0.004
LBR,ECCS,1964,-0.164
LBY,ECCS,1964,-0.064
LIE,ECCS,1964,0.064
MDG,ECCS,1964,-0.352
MWI,ECCS,1964,-0.27
MYS,ECCS,1964,0.052
MLI,ECCS,1964,-0.142
MLT,ECCS,1964,0.276
MTQ,ECCS,1964,0.09
MRT,ECCS,1964,0.086
MUS,ECCS,1964,-0.165
MYT,ECCS,1964,-0.141
MEX,ECCS,1964,-0.304
MCO,ECCS,1964,0.433
MNG,ECCS,1964,-0.179
MSR,ECCS,1964,0.093
MAR,ECCS,1964,0.487
MOZ,ECCS,1964,-0.168
MMR,ECCS,1964,0.027
NPL,ECCS,1964,0.17
NLD,ECCS,1964,-0.341
NCL,ECCS,1964,0.218
NZL,ECCS,1964,-0.454
NIC,ECCS,1964,-0.147
NER,ECCS,1964,-0.283
NGA,ECCS,1964,-0.294
NIU,ECCS,1964,0.077
NFK,ECCS,1964,0.17
NOR,ECCS,1964,0.378
OMN,ECCS,1964,-0.35
PAK,ECCS,1964,-0.359
PNG,ECCS,1964,0.092
PRY,ECCS,1964,-0.292
PER,ECCS,1964,-0.243
PHL,ECCS,1964,-0.025
PCN,ECCS,1964,0.248
POL,ECCS,1964,-0.718
PRT,ECCS,1964,0.526
PRI,ECCS,1964,0.075
QAT,ECCS,1964,-0.476
ROU,ECCS,1964,-0.784
RWA,ECCS,1964,-0.189
SPM,ECCS,1964,-0.527
WSM,ECCS,1964,0.075
SMR,ECCS,1964,-0.098
STP,ECCS,1964,-0.126
SAU,ECCS,1964,-0.479
SEN,ECCS,1964,-0.213
SYC,ECCS,1964,-0.193
SLE,ECCS,1964,-0.163
SLB,ECCS,1964,0.102
SOM,ECCS,1964,0.027
ZAF,ECCS,1964,-0.066
ESP,ECCS,1964,0.487
LKA,ECCS,1964,0.099
KNA,ECCS,1964,0.093
LCA,ECCS,1964,-0.008
VCT,ECCS,1964,-0.153
SUR,ECCS,1964,0.045
SJM,ECCS,1964,-0.505
SWE,ECCS,1964,0.393
CHE,ECCS,1964,0.143
SYR,ECCS,1964,-0.693
TWN,ECCS,1964,0.226
TZA,ECCS,1964,-0.388
THA,ECCS,1964,-0.027
TLS,ECCS,1964,-0.202
TGO,ECCS,1964,-0.18
TKL,ECCS,1964,-0.301
TON,ECCS,1964,0.229
TTO,ECCS,1964,-0.066
TUN,ECCS,1964,0.382
TCA,ECCS,1964,0.254
TUV,ECCS,1964,-0.016
UGA,ECCS,1964,-0.26
ARE,ECCS,1964,-0.296
GBR,ECCS,1964,0.025
USA,ECCS,1964,-0.28
VIR,ECCS,1964,0.099
URY,ECCS,1964,-0.759
VUT,ECCS,1964,0.228
VEN,ECCS,1964,0.033
VNM,ECCS,1964,0.086
WLF,ECCS,1964,0.19
PSE,ECCS,1964,-0.642
ESH,ECCS,1964,0.841
YEM,ECCS,1964,-0.215
ZMB,ECCS,1964,-0.258
ZWE,ECCS,1964,-0.097
AFG,ECCS,1965,-0.233
ALB,ECCS,1965,-0.377
DZA,ECCS,1965,-0.104
ASM,ECCS,1965,-0.538
AND,ECCS,1965,-0.501
AGO,ECCS,1965,-0.2
AIA,ECCS,1965,-0.334
ATG,ECCS,1965,-0.378
ARG,ECCS,1965,0.089
ABW,ECCS,1965,-0.33
AUS,ECCS,1965,0.128
AUT,ECCS,1965,-0.882
BHS,ECCS,1965,-0.003
BHR,ECCS,1965,0.224
BGD,ECCS,1965,-0.198
BRB,ECCS,1965,-0.176
BLZ,ECCS,1965,-0.152
BEN,ECCS,1965,-0.112
BTN,ECCS,1965,-0.577
BOL,ECCS,1965,0.245
BWA,ECCS,1965,0.09
BRA,ECCS,1965,-0.088
VGB,ECCS,1965,-0.29
BRN,ECCS,1965,-0.335
BGR,ECCS,1965,-0.468
BFA,ECCS,1965,-0.163
BDI,ECCS,1965,-0.204
CPV,ECCS,1965,-0.283
KHM,ECCS,1965,-0.212
CMR,ECCS,1965,-0.095
CAN,ECCS,1965,-0.871
CAF,ECCS,1965,-0.061
TCD,ECCS,1965,-0.114
CHL,ECCS,1965,0.143
HKG,ECCS,1965,0.141
MAC,ECCS,1965,0.141
CHN,ECCS,1965,0.076
COL,ECCS,1965,-0.141
COM,ECCS,1965,-0.312
COD,ECCS,1965,-0.189
COG,ECCS,1965,-0.154
COK,ECCS,1965,-0.403
CRI,ECCS,1965,-0.456
CUB,ECCS,1965,0.088
CYP,ECCS,1965,-0.181
DNK,ECCS,1965,-0.611
DJI,ECCS,1965,-0.38
DMA,ECCS,1965,-0.378
DOM,ECCS,1965,-0.332
ECU,ECCS,1965,0.299
EGY,ECCS,1965,-0.08
SLV,ECCS,1965,-0.099
GNQ,ECCS,1965,-0.155
SWZ,ECCS,1965,-0.18
FLK,ECCS,1965,0.178
FRO,ECCS,1965,-0.354
FJI,ECCS,1965,-0.598
FIN,ECCS,1965,-0.261
FRA,ECCS,1965,-0.622
PYF,ECCS,1965,-0.174
GAB,ECCS,1965,-0.134
GMB,ECCS,1965,-0.467
DEU,ECCS,1965,-0.815
GHA,ECCS,1965,-0.141
GIB,ECCS,1965,-0.092
GRC,ECCS,1965,-0.328
GRL,ECCS,1965,0.869
GRD,ECCS,1965,-0.16
GLP,ECCS,1965,-0.356
GTM,ECCS,1965,-0.083
GUF,ECCS,1965,-0.2
GIN,ECCS,1965,-0.107
GNB,ECCS,1965,-0.387
GUY,ECCS,1965,-0.033
HTI,ECCS,1965,-0.18
VAT,ECCS,1965,-0.427
HND,ECCS,1965,-0.07
HUN,ECCS,1965,-0.877
ISL,ECCS,1965,-0.175
IND,ECCS,1965,-0.068
IDN,ECCS,1965,-0.203
IRN,ECCS,1965,-0.276
IRQ,ECCS,1965,-0.102
IRL,ECCS,1965,-0.557
IMN,ECCS,1965,-0.587
ISR,ECCS,1965,-0.033
ITA,ECCS,1965,-0.424
JAM,ECCS,1965,-0.235
JPN,ECCS,1965,-0.524
JOR,ECCS,1965,-0.003
KEN,ECCS,1965,-0.303
KIR,ECCS,1965,-0.336
PRK,ECCS,1965,-0.207
KOR,ECCS,1965,-0.165
KWT,ECCS,1965,0.089
LAO,ECCS,1965,-0.169
LBN,ECCS,1965,-0.076
LSO,ECCS,1965,-0.083
LBR,ECCS,1965,-0.259
LBY,ECCS,1965,-0.076
LIE,ECCS,1965,-0.837
MDG,ECCS,1965,-0.551
MWI,ECCS,1965,-0.513
MYS,ECCS,1965,-0.241
MLI,ECCS,1965,-0.315
MLT,ECCS,1965,-0.204
MTQ,ECCS,1965,-0.337
MRT,ECCS,1965,-0.506
MUS,ECCS,1965,-0.109
MYT,ECCS,1965,-0.499
MEX,ECCS,1965,-0.081
MCO,ECCS,1965,-0.446
MNG,ECCS,1965,0.855
MSR,ECCS,1965,-0.378
MAR,ECCS,1965,-0.278
MOZ,ECCS,1965,-0.562
MMR,ECCS,1965,-0.317
NPL,ECCS,1965,-0.403
NLD,ECCS,1965,-0.73
NCL,ECCS,1965,-0.751
NZL,ECCS,1965,-0.451
NIC,ECCS,1965,-0.266
NER,ECCS,1965,-0.039
NGA,ECCS,1965,-0.058
NIU,ECCS,1965,-0.539
NFK,ECCS,1965,-0.452
NOR,ECCS,1965,-0.259
OMN,ECCS,1965,-0.106
PAK,ECCS,1965,-0.258
PAN,ECCS,1965,-0.265
PNG,ECCS,1965,-0.525
PRY,ECCS,1965,-0.077
PER,ECCS,1965,0.162
PHL,ECCS,1965,-0.29
PCN,ECCS,1965,0.235
POL,ECCS,1965,-1.064
PRT,ECCS,1965,-0.219
PRI,ECCS,1965,-0.368
QAT,ECCS,1965,0.269
ROU,ECCS,1965,-0.665
RWA,ECCS,1965,-0.244
SPM,ECCS,1965,-0.502
WSM,ECCS,1965,-0.311
SMR,ECCS,1965,-0.404
STP,ECCS,1965,-0.093
SAU,ECCS,1965,0.152
SEN,ECCS,1965,-0.455
SYC,ECCS,1965,-0.563
SLE,ECCS,1965,-0.293
SLB,ECCS,1965,-0.501
SOM,ECCS,1965,-0.381
ZAF,ECCS,1965,-0.016
ESP,ECCS,1965,-0.184
LKA,ECCS,1965,-0.114
KNA,ECCS,1965,-0.378
LCA,ECCS,1965,-0.235
VCT,ECCS,1965,-0.161
SUR,ECCS,1965,-0.055
SJM,ECCS,1965,-0.159
SWE,ECCS,1965,-0.223
CHE,ECCS,1965,-0.786
SYR,ECCS,1965,-0.172
TWN,ECCS,1965,-0.171
TZA,ECCS,1965,-0.204
THA,ECCS,1965,-0.222
TGO,ECCS,1965,-0.091
TKL,ECCS,1965,-0.118
TON,ECCS,1965,-0.612
TTO,ECCS,1965,-0.146
TUN,ECCS,1965,-0.124
TCA,ECCS,1965,-0.312
TUV,ECCS,1965,-0.318
UGA,ECCS,1965,-0.11
ARE,ECCS,1965,0.157
GBR,ECCS,1965,-0.576
USA,ECCS,1965,-0.358
VIR,ECCS,1965,-0.304
URY,ECCS,1965,0.185
VUT,ECCS,1965,-0.517
VEN,ECCS,1965,-0.163
VNM,ECCS,1965,-0.02
WLF,ECCS,1965,-0.408
PSE,ECCS,1965,-0.034
ESH,ECCS,1965,-0.305
YEM,ECCS,1965,-0.591
ZMB,ECCS,1965,-0.39
ZWE,ECCS,1965,-0.471
AFG,ECCS,1966,0.239
ALB,ECCS,1966,0.565
DZA,ECCS,1966,0.424
ASM,ECCS,1966,0.21
AND,ECCS,1966,0.395
AGO,ECCS,1966,0.177
AIA,ECCS,1966,0.08
ATG,ECCS,1966,0.216
ARG,ECCS,1966,-0.178
ABW,ECCS,1966,0.212
AUS,ECCS,1966,-0.255
AUT,ECCS,1966,0.606
BHS,ECCS,1966,-0.193
BHR,ECCS,1966,0.516
BGD,ECCS,1966,0.312
BRB,ECCS,1966,-0.025
BLZ,ECCS,1966,-0.254
BEN,ECCS,1966,-0.018
BTN,ECCS,1966,0.134
BOL,ECCS,1966,-0.104
BWA,ECCS,1966,0.437
BRA,ECCS,1966,0.03
VGB,ECCS,1966,-0.056
BRN,ECCS,1966,0.161
BGR,ECCS,1966,1.141
BFA,ECCS,1966,-0.154
BDI,ECCS,1966,0.074
CPV,ECCS,1966,0.302
KHM,ECCS,1966,0.425
CMR,ECCS,1966,-0.005
CAN,ECCS,1966,-0.161
CYM,ECCS,1966,-0.269
CAF,ECCS,1966,0.03
TCD,ECCS,1966,-0.011
CHL,ECCS,1966,-0.195
HKG,ECCS,1966,0.642
MAC,ECCS,1966,0.642
CHN,ECCS,1966,0.179
COL,ECCS,1966,0.115
COM,ECCS,1966,0.081
COD,ECCS,1966,0.116
COG,ECCS,1966,0.112
COK,ECCS,1966,0.006
CRI,ECCS,1966,0.246
CUB,ECCS,1966,-0.277
CYP,ECCS,1966,0.648
DNK,ECCS,1966,-0.51
DJI,ECCS,1966,0.054
DMA,ECCS,1966,0.216
DOM,ECCS,1966,-0.004
ECU,ECCS,1966,0.11
EGY,ECCS,1966,0.457
SLV,ECCS,1966,0.089
GNQ,ECCS,1966,0.143
SWZ,ECCS,1966,0.333
FLK,ECCS,1966,-0.606
FRO,ECCS,1966,-0.393
FJI,ECCS,1966,-0.235
FIN,ECCS,1966,-1.799
FRA,ECCS,1966,0.423
PYF,ECCS,1966,0.035
GAB,ECCS,1966,0.17
GMB,ECCS,1966,-0.091
DEU,ECCS,1966,0.405
GHA,ECCS,1966,0.085
GIB,ECCS,1966,0.23
GRC,ECCS,1966,0.789
GRL,ECCS,1966,-0.168
GRD,ECCS,1966,0.139
GLP,ECCS,1966,0.148
GTM,ECCS,1966,-0.086
GUF,ECCS,1966,0.108
GIN,ECCS,1966,-0.024
GNB,ECCS,1966,-0.052
GUY,ECCS,1966,0.252
HTI,ECCS,1966,0.02
VAT,ECCS,1966,0.243
HND,ECCS,1966,0.051
HUN,ECCS,1966,0.761
ISL,ECCS,1966,-0.575
IND,ECCS,1966,0.32
IDN,ECCS,1966,0.016
IRN,ECCS,1966,0.755
IRQ,ECCS,1966,0.997
IRL,ECCS,1966,-0.039
IMN,ECCS,1966,-0.109
ISR,ECCS,1966,0.602
ITA,ECCS,1966,0.304
JAM,ECCS,1966,-0.008
JPN,ECCS,1966,0.018
JOR,ECCS,1966,0.735
KEN,ECCS,1966,0.073
KIR,ECCS,1966,-0.004
PRK,ECCS,1966,-0.063
KOR,ECCS,1966,0.111
KWT,ECCS,1966,0.827
LAO,ECCS,1966,0.464
LBN,ECCS,1966,0.674
LSO,ECCS,1966,0.235
LBR,ECCS,1966,0.053
LBY,ECCS,1966,0.298
LIE,ECCS,1966,0.413
MDG,ECCS,1966,-0.004
MWI,ECCS,1966,0.167
MYS,ECCS,1966,0.133
MDV,ECCS,1966,0.424
MLI,ECCS,1966,-0.005
MLT,ECCS,1966,0.174
MTQ,ECCS,1966,0.169
MRT,ECCS,1966,0.133
MUS,ECCS,1966,0.079
MYT,ECCS,1966,0.112
MEX,ECCS,1966,-0.254
MCO,ECCS,1966,0.225
MNG,ECCS,1966,0.371
MSR,ECCS,1966,0.216
MAR,ECCS,1966,0.451
MOZ,ECCS,1966,0.16
MMR,ECCS,1966,0.391
NRU,ECCS,1966,-0.339
NPL,ECCS,1966,0.27
NLD,ECCS,1966,0.27
NCL,ECCS,1966,-0.581
NZL,ECCS,1966,-0.214
NIC,ECCS,1966,0.248
NER,ECCS,1966,-0.13
NGA,ECCS,1966,-0.092
NIU,ECCS,1966,-0.427
NFK,ECCS,1966,-0.265
NOR,ECCS,1966,-1.634
OMN,ECCS,1966,0.309
PAK,ECCS,1966,-0.121
PAN,ECCS,1966,0.069
PNG,ECCS,1966,-0.142
PRY,ECCS,1966,-0.077
PER,ECCS,1966,0.063
PHL,ECCS,1966,0.171
PCN,ECCS,1966,-0.481
POL,ECCS,1966,0.554
PRT,ECCS,1966,0.29
PRI,ECCS,1966,-0.055
QAT,ECCS,1966,0.33
ROU,ECCS,1966,1.064
RWA,ECCS,1966,0.083
SPM,ECCS,1966,0.129
WSM,ECCS,1966,0.085
SMR,ECCS,1966,0.396
STP,ECCS,1966,0.235
SAU,ECCS,1966,0.645
SEN,ECCS,1966,-0.082
SYC,ECCS,1966,0.041
SLE,ECCS,1966,-0.018
SLB,ECCS,1966,-0.163
SOM,ECCS,1966,0.177
ZAF,ECCS,1966,0.251
ESP,ECCS,1966,0.407
LKA,ECCS,1966,0.24
KNA,ECCS,1966,0.216
LCA,ECCS,1966,0.117
VCT,ECCS,1966,0.14
SUR,ECCS,1966,0.122
SJM,ECCS,1966,-2.357
SWE,ECCS,1966,-1.668
CHE,ECCS,1966,0.471
SYR,ECCS,1966,0.924
TWN,ECCS,1966,0.263
TZA,ECCS,1966,0.09
THA,ECCS,1966,0.411
TLS,ECCS,1966,0.118
TGO,ECCS,1966,0.059
TKL,ECCS,1966,0.017
TON,ECCS,1966,-0.416
TTO,ECCS,1966,0.156
TUN,ECCS,1966,0.577
TCA,ECCS,1966,0.254
TUV,ECCS,1966,0.0
UGA,ECCS,1966,0.018
ARE,ECCS,1966,0.224
GBR,ECCS,1966,-0.14
USA,ECCS,1966,-0.212
VIR,ECCS,1966,-0.055
URY,ECCS,1966,-0.412
VUT,ECCS,1966,-0.203
VEN,ECCS,1966,0.205
VNM,ECCS,1966,0.486
WLF,ECCS,1966,0.051
PSE,ECCS,1966,0.595
ESH,ECCS,1966,0.314
YEM,ECCS,1966,0.119
ZMB,ECCS,1966,0.317
ZWE,ECCS,1966,0.212
AFG,ECCS,1967,-0.355
ALB,ECCS,1967,-0.071
DZA,ECCS,1967,0.0
ASM,ECCS,1967,-0.339
AND,ECCS,1967,0.614
AGO,ECCS,1967,-0.082
AIA,ECCS,1967,-0.207
ATG,ECCS,1967,-0.087
ARG,ECCS,1967,-0.01
ABW,ECCS,1967,-0.351
AUS,ECCS,1967,-0.096
AUT,ECCS,1967,0.682
BHS,ECCS,1967,-0.172
BHR,ECCS,1967,-0.381
BGD,ECCS,1967,-0.211
BRB,ECCS,1967,-0.107
BLZ,ECCS,1967,-0.369
BEN,ECCS,1967,-0.257
BTN,ECCS,1967,-0.379
BOL,ECCS,1967,0.3
BWA,ECCS,1967,-0.442
BRA,ECCS,1967,0.083
VGB,ECCS,1967,-0.326
BRN,ECCS,1967,-0.109
BGR,ECCS,1967,0.016
BFA,ECCS,1967,-0.197
BDI,ECCS,1967,-0.185
CPV,ECCS,1967,-0.037
KHM,ECCS,1967,-0.126
CMR,ECCS,1967,-0.114
CAN,ECCS,1967,-0.46
CYM,ECCS,1967,-0.375
CAF,ECCS,1967,-0.29
TCD,ECCS,1967,-0.381
CHL,ECCS,1967,-0.177
HKG,ECCS,1967,0.047
MAC,ECCS,1967,0.047
CHN,ECCS,1967,-0.285
COL,ECCS,1967,-0.282
COM,ECCS,1967,0.177
COD,ECCS,1967,-0.121
COG,ECCS,1967,-0.129
COK,ECCS,1967,-0.359
CUB,ECCS,1967,-0.267
CYP,ECCS,1967,-0.771
DNK,ECCS,1967,0.824
DJI,ECCS,1967,-0.417
DMA,ECCS,1967,-0.087
DOM,ECCS,1967,-0.239
ECU,ECCS,1967,-0.41
EGY,ECCS,1967,-0.68
SLV,ECCS,1967,-0.488
GNQ,ECCS,1967,-0.048
SWZ,ECCS,1967,-0.261
FLK,ECCS,1967,0.011
FRO,ECCS,1967,-0.121
FJI,ECCS,1967,-0.239
FIN,ECCS,1967,1.092
FRA,ECCS,1967,0.497
PYF,ECCS,1967,-0.324
GAB,ECCS,1967,-0.095
GMB,ECCS,1967,-0.389
DEU,ECCS,1967,0.868
GHA,ECCS,1967,-0.197
GIB,ECCS,1967,-0.125
GRC,ECCS,1967,-0.196
GRL,ECCS,1967,-0.417
GRD,ECCS,1967,-0.131
GLP,ECCS,1967,-0.147
GTM,ECCS,1967,-0.396
GUF,ECCS,1967,-0.16
GIN,ECCS,1967,-0.241
GNB,ECCS,1967,-0.282
GUY,ECCS,1967,-0.131
HTI,ECCS,1967,-0.202
VAT,ECCS,1967,0.142
HND,ECCS,1967,-0.322
HUN,ECCS,1967,0.601
ISL,ECCS,1967,-0.678
IND,ECCS,1967,-0.201
IDN,ECCS,1967,-0.136
IRN,ECCS,1967,-0.287
IRQ,ECCS,1967,-0.809
IRL,ECCS,1967,-0.014
IMN,ECCS,1967,0.098
ISR,ECCS,1967,-0.928
ITA,ECCS,1967,0.297
JAM,ECCS,1967,-0.199
JPN,ECCS,1967,0.034
JOR,ECCS,1967,-1.052
KEN,ECCS,1967,-0.048
KIR,ECCS,1967,-0.027
PRK,ECCS,1967,0.166
KOR,ECCS,1967,0.18
KWT,ECCS,1967,-0.641
LAO,ECCS,1967,-0.102
LBN,ECCS,1967,-0.95
LSO,ECCS,1967,-0.107
LBR,ECCS,1967,-0.143
LBY,ECCS,1967,-0.541
LIE,ECCS,1967,0.552
MDG,ECCS,1967,0.33
MWI,ECCS,1967,0.086
MYS,ECCS,1967,-0.14
MDV,ECCS,1967,-0.041
MLI,ECCS,1967,-0.132
MLT,ECCS,1967,0.16
MTQ,ECCS,1967,-0.09
MRT,ECCS,1967,-0.222
MUS,ECCS,1967,0.217
MYT,ECCS,1967,0.182
MEX,ECCS,1967,-0.117
MCO,ECCS,1967,0.442
MNG,ECCS,1967,-0.446
MSR,ECCS,1967,-0.087
MAR,ECCS,1967,-0.023
MOZ,ECCS,1967,0.129
MMR,ECCS,1967,-0.047
NPL,ECCS,1967,-0.281
NLD,ECCS,1967,0.755
NCL,ECCS,1967,0.093
NZL,ECCS,1967,-0.157
NIC,ECCS,1967,-0.326
NER,ECCS,1967,-0.395
NGA,ECCS,1967,-0.323
NIU,ECCS,1967,-0.281
NFK,ECCS,1967,0.201
NOR,ECCS,1967,0.565
OMN,ECCS,1967,0.024
PAK,ECCS,1967,-0.299
PAN,ECCS,1967,-0.255
PNG,ECCS,1967,-0.252
PRY,ECCS,1967,0.476
PER,ECCS,1967,-0.271
PHL,ECCS,1967,-0.154
PCN,ECCS,1967,0.392
POL,ECCS,1967,1.138
PRT,ECCS,1967,-0.043
PRI,ECCS,1967,-0.261
QAT,ECCS,1967,-0.343
ROU,ECCS,1967,0.294
RWA,ECCS,1967,-0.18
SPM,ECCS,1967,0.223
WSM,ECCS,1967,-0.3
SMR,ECCS,1967,0.383
STP,ECCS,1967,-0.06
SAU,ECCS,1967,-0.704
SEN,ECCS,1967,-0.435
SYC,ECCS,1967,0.002
SLE,ECCS,1967,-0.138
SLB,ECCS,1967,-0.175
SOM,ECCS,1967,-0.102
ZAF,ECCS,1967,-0.073
ESP,ECCS,1967,0.153
LKA,ECCS,1967,-0.069
KNA,ECCS,1967,-0.087
LCA,ECCS,1967,-0.11
VCT,ECCS,1967,-0.132
SUR,ECCS,1967,-0.16
SJM,ECCS,1967,-0.134
SWE,ECCS,1967,0.832
CHE,ECCS,1967,0.561
SYR,ECCS,1967,-1.024
TWN,ECCS,1967,0.059
TZA,ECCS,1967,0.046
THA,ECCS,1967,-0.051
TLS,ECCS,1967,-0.391
TGO,ECCS,1967,-0.231
TKL,ECCS,1967,-0.299
TON,ECCS,1967,-0.211
TTO,ECCS,1967,-0.111
TUN,ECCS,1967,0.075
TUV,ECCS,1967,-0.24
UGA,ECCS,1967,-0.064
ARE,ECCS,1967,-0.128
GBR,ECCS,1967,0.217
USA,ECCS,1967,0.078
VIR,ECCS,1967,-0.313
URY,ECCS,1967,0.016
VUT,ECCS,1967,-0.171
VEN,ECCS,1967,-0.249
VNM,ECCS,1967,-0.128
WLF,ECCS,1967,-0.252
PSE,ECCS,1967,-0.935
ESH,ECCS,1967,-0.015
YEM,ECCS,1967,-0.227
ZMB,ECCS,1967,-0.018
ZWE,ECCS,1967,-0.055
AFG,ECCS,1968,-0.402
ALB,ECCS,1968,0.085
DZA,ECCS,1968,-0.065
ASM,ECCS,1968,-0.164
AND,ECCS,1968,-0.02
AGO,ECCS,1968,-0.193
AIA,ECCS,1968,-0.161
ATG,ECCS,1968,-0.196
ARG,ECCS,1968,0.452
ABW,ECCS,1968,-0.139
AUS,ECCS,1968,-0.215
AUT,ECCS,1968,0.217
BHS,ECCS,1968,-0.312
BHR,ECCS,1968,-0.464
BGD,ECCS,1968,-0.224
BRB,ECCS,1968,-0.197
BLZ,ECCS,1968,-0.258
BEN,ECCS,1968,-0.1
BTN,ECCS,1968,-0.465
BOL,ECCS,1968,-0.077
BWA,ECCS,1968,-0.17
BRA,ECCS,1968,-0.403
VGB,ECCS,1968,-0.127
BRN,ECCS,1968,-0.184
BGR,ECCS,1968,0.417
BFA,ECCS,1968,-0.206
BDI,ECCS,1968,-0.207
CPV,ECCS,1968,-0.342
KHM,ECCS,1968,-0.163
CMR,ECCS,1968,-0.088
CAN,ECCS,1968,0.474
CYM,ECCS,1968,-0.504
CAF,ECCS,1968,-0.205
TCD,ECCS,1968,-0.173
CHL,ECCS,1968,0.314
HKG,ECCS,1968,-0.649
MAC,ECCS,1968,-0.649
CHN,ECCS,1968,-0.411
COL,ECCS,1968,-0.235
COM,ECCS,1968,-0.43
COD,ECCS,1968,-0.164
COG,ECCS,1968,-0.096
COK,ECCS,1968,-0.373
CUB,ECCS,1968,-0.356
CYP,ECCS,1968,-0.027
DNK,ECCS,1968,0.27
DJI,ECCS,1968,-0.462
DMA,ECCS,1968,-0.194
DOM,ECCS,1968,-0.269
ECU,ECCS,1968,-0.364
EGY,ECCS,1968,-0.131
SLV,ECCS,1968,-0.342
GNQ,ECCS,1968,-0.045
SWZ,ECCS,1968,-0.385
FLK,ECCS,1968,0.286
FRO,ECCS,1968,-0.251
FJI,ECCS,1968,-0.058
FIN,ECCS,1968,-1.629
FRA,ECCS,1968,-0.077
PYF,ECCS,1968,-0.569
GAB,ECCS,1968,-0.098
GMB,ECCS,1968,-0.555
DEU,ECCS,1968,0.204
GHA,ECCS,1968,-0.104
GIB,ECCS,1968,0.004
GRC,ECCS,1968,0.189
GRL,ECCS,1968,-0.276
GRD,ECCS,1968,-0.146
GLP,ECCS,1968,-0.178
GTM,ECCS,1968,-0.359
GUF,ECCS,1968,-0.156
GIN,ECCS,1968,-0.191
GNB,ECCS,1968,-0.447
GUY,ECCS,1968,-0.3
HTI,ECCS,1968,-0.175
VAT,ECCS,1968,0.03
HND,ECCS,1968,-0.304
HUN,ECCS,1968,0.388
ISL,ECCS,1968,-0.722
IND,ECCS,1968,-0.188
IDN,ECCS,1968,-0.055
IRN,ECCS,1968,-0.275
IRQ,ECCS,1968,-0.242
IRL,ECCS,1968,0.063
IMN,ECCS,1968,0.027
ISR,ECCS,1968,-0.118
ITA,ECCS,1968,0.012
JAM,ECCS,1968,-0.122
JPN,ECCS,1968,-0.496
JOR,ECCS,1968,-0.136
KEN,ECCS,1968,-0.633
KIR,ECCS,1968,-0.003
PRK,ECCS,1968,-0.467
KOR,ECCS,1968,-0.669
KWT,ECCS,1968,-0.278
LAO,ECCS,1968,-0.115
LBN,ECCS,1968,-0.093
LSO,ECCS,1968,-0.367
LBR,ECCS,1968,-0.071
LBY,ECCS,1968,0.003
LIE,ECCS,1968,0.018
MDG,ECCS,1968,-0.421
MWI,ECCS,1968,-0.263
MYS,ECCS,1968,-0.104
MDV,ECCS,1968,-0.149
MLI,ECCS,1968,-0.288
MLT,ECCS,1968,0.008
MTQ,ECCS,1968,-0.197
MRT,ECCS,1968,-0.468
MUS,ECCS,1968,-0.183
MYT,ECCS,1968,-0.455
MEX,ECCS,1968,-0.433
MCO,ECCS,1968,0.005
MNG,ECCS,1968,-0.789
MSR,ECCS,1968,-0.196
MAR,ECCS,1968,-0.166
MOZ,ECCS,1968,-0.348
MMR,ECCS,1968,-0.164
NPL,ECCS,1968,-0.422
NLD,ECCS,1968,0.157
NCL,ECCS,1968,-0.365
NZL,ECCS,1968,-0.059
NIC,ECCS,1968,-0.244
NER,ECCS,1968,-0.048
NGA,ECCS,1968,-0.045
NIU,ECCS,1968,-0.12
NFK,ECCS,1968,-0.005
NOR,ECCS,1968,-0.931
OMN,ECCS,1968,-0.679
PAK,ECCS,1968,-0.445
PAN,ECCS,1968,-0.226
PNG,ECCS,1968,-0.109
PRY,ECCS,1968,-0.061
PER,ECCS,1968,-0.335
PHL,ECCS,1968,-0.123
PCN,ECCS,1968,-0.382
POL,ECCS,1968,0.462
PRT,ECCS,1968,0.021
PRI,ECCS,1968,-0.258
QAT,ECCS,1968,-0.627
ROU,ECCS,1968,0.445
RWA,ECCS,1968,-0.015
SPM,ECCS,1968,0.099
WSM,ECCS,1968,-0.227
SMR,ECCS,1968,-0.035
STP,ECCS,1968,-0.027
SAU,ECCS,1968,-0.437
SEN,ECCS,1968,-0.544
SYC,ECCS,1968,-0.178
SLE,ECCS,1968,-0.073
SLB,ECCS,1968,-0.178
SOM,ECCS,1968,-0.577
ZAF,ECCS,1968,-0.379
ESP,ECCS,1968,0.097
LKA,ECCS,1968,-0.052
KNA,ECCS,1968,-0.196
LCA,ECCS,1968,-0.179
VCT,ECCS,1968,-0.146
SUR,ECCS,1968,-0.266
SJM,ECCS,1968,-3.25
SWE,ECCS,1968,-0.929
CHE,ECCS,1968,-0.055
SYR,ECCS,1968,-0.193
TWN,ECCS,1968,-0.972
TZA,ECCS,1968,-0.467
THA,ECCS,1968,-0.113
TLS,ECCS,1968,0.003
TGO,ECCS,1968,-0.099
TKL,ECCS,1968,-0.212
TON,ECCS,1968,0.0
TTO,ECCS,1968,-0.18
TUN,ECCS,1968,0.091
TUV,ECCS,1968,-0.255
UGA,ECCS,1968,-0.254
ARE,ECCS,1968,-0.704
GBR,ECCS,1968,-0.073
USA,ECCS,1968,-0.078
VIR,ECCS,1968,-0.15
URY,ECCS,1968,0.384
VUT,ECCS,1968,-0.321
VEN,ECCS,1968,-0.195
VNM,ECCS,1968,-0.295
WLF,ECCS,1968,-0.092
PSE,ECCS,1968,-0.111
ESH,ECCS,1968,-0.378
YEM,ECCS,1968,-0.228
ZMB,ECCS,1968,-0.132
ZWE,ECCS,1968,0.086
AFG,ECCS,1969,-0.528
ALB,ECCS,1969,-0.009
DZA,ECCS,1969,0.275
ASM,ECCS,1969,0.153
AND,ECCS,1969,-0.172
AGO,ECCS,1969,0.183
AIA,ECCS,1969,0.397
ATG,ECCS,1969,0.359
ARG,ECCS,1969,0.263
ABW,ECCS,1969,0.502
AUS,ECCS,1969,0.107
AUT,ECCS,1969,-0.12
BHS,ECCS,1969,-0.128
BHR,ECCS,1969,0.553
BGD,ECCS,1969,0.018
BRB,ECCS,1969,0.495
BLZ,ECCS,1969,0.23
BEN,ECCS,1969,0.35
BTN,ECCS,1969,0.135
BOL,ECCS,1969,0.592
BWA,ECCS,1969,0.215
BRA,ECCS,1969,0.323
VGB,ECCS,1969,0.434
BRN,ECCS,1969,0.231
BGR,ECCS,1969,-0.489
BFA,ECCS,1969,0.566
BDI,ECCS,1969,0.215
CPV,ECCS,1969,0.943
KHM,ECCS,1969,0.444
CMR,ECCS,1969,0.227
CAN,ECCS,1969,-0.005
CYM,ECCS,1969,0.048
CAF,ECCS,1969,0.101
TCD,ECCS,1969,0.591
CHL,ECCS,1969,0.097
HKG,ECCS,1969,0.0
MAC,ECCS,1969,0.0
CHN,ECCS,1969,-0.216
COL,ECCS,1969,0.307
COM,ECCS,1969,0.221
COD,ECCS,1969,0.136
COG,ECCS,1969,0.125
COK,ECCS,1969,-0.041
CRI,ECCS,1969,0.091
CUB,ECCS,1969,-0.009
CYP,ECCS,1969,0.138
DNK,ECCS,1969,-0.133
DJI,ECCS,1969,0.223
DMA,ECCS,1969,0.361
DOM,ECCS,1969,0.318
ECU,ECCS,1969,0.415
EGY,ECCS,1969,0.43
SLV,ECCS,1969,0.263
GNQ,ECCS,1969,0.125
SWZ,ECCS,1969,0.469
FLK,ECCS,1969,-0.348
FRO,ECCS,1969,-0.346
FJI,ECCS,1969,-0.067
FIN,ECCS,1969,-0.475
FRA,ECCS,1969,0.017
PYF,ECCS,1969,0.29
GAB,ECCS,1969,0.152
GMB,ECCS,1969,0.81
DEU,ECCS,1969,-0.111
GHA,ECCS,1969,0.342
GIB,ECCS,1969,-0.336
GRC,ECCS,1969,-0.08
GRL,ECCS,1969,-0.08
GRD,ECCS,1969,0.478
GLP,ECCS,1969,0.379
GTM,ECCS,1969,0.393
GUF,ECCS,1969,0.474
GIN,ECCS,1969,0.432
GNB,ECCS,1969,0.704
GUY,ECCS,1969,0.434
HTI,ECCS,1969,0.152
VAT,ECCS,1969,0.005
HND,ECCS,1969,0.231
HUN,ECCS,1969,-0.274
ISL,ECCS,1969,-1.016
IND,ECCS,1969,0.354
IDN,ECCS,1969,0.165
IRN,ECCS,1969,-0.371
IRQ,ECCS,1969,0.273
IRL,ECCS,1969,-0.279
IMN,ECCS,1969,-0.297
ISR,ECCS,1969,0.238
ITA,ECCS,1969,-0.107
JAM,ECCS,1969,0.242
JPN,ECCS,1969,-0.043
JOR,ECCS,1969,0.376
KEN,ECCS,1969,0.076
KIR,ECCS,1969,0.371
PRK,ECCS,1969,-0.457
KOR,ECCS,1969,-0.28
KWT,ECCS,1969,0.385
LAO,ECCS,1969,0.518
LBN,ECCS,1969,0.221
LSO,ECCS,1969,0.503
LBR,ECCS,1969,0.16
LBY,ECCS,1969,0.806
LIE,ECCS,1969,-0.012
MDG,ECCS,1969,0.403
MWI,ECCS,1969,0.287
MYS,ECCS,1969,0.235
MDV,ECCS,1969,0.316
MLI,ECCS,1969,0.668
MLT,ECCS,1969,-0.079
MTQ,ECCS,1969,0.384
MRT,ECCS,1969,0.582
MUS,ECCS,1969,0.32
MYT,ECCS,1969,0.15
MEX,ECCS,1969,0.173
MCO,ECCS,1969,-0.243
MNG,ECCS,1969,-0.841
MSR,ECCS,1969,0.359
MAR,ECCS,1969,-0.035
MOZ,ECCS,1969,0.313
MMR,ECCS,1969,0.199
NPL,ECCS,1969,0.092
NLD,ECCS,1969,-0.006
NCL,ECCS,1969,-0.091
NZL,ECCS,1969,-0.377
NIC,ECCS,1969,0.134
NER,ECCS,1969,0.796
NGA,ECCS,1969,0.384
NFK,ECCS,1969,-0.365
NOR,ECCS,1969,-0.166
OMN,ECCS,1969,0.039
PAK,ECCS,1969,0.278
PAN,ECCS,1969,0.164
PNG,ECCS,1969,0.14
PRY,ECCS,1969,0.351
PER,ECCS,1969,0.47
PHL,ECCS,1969,0.118
PCN,ECCS,1969,-0.273
POL,ECCS,1969,-0.489
PRT,ECCS,1969,-0.355
PRI,ECCS,1969,0.428
QAT,ECCS,1969,0.603
ROU,ECCS,1969,-0.582
RWA,ECCS,1969,0.222
SPM,ECCS,1969,0.613
WSM,ECCS,1969,0.211
SMR,ECCS,1969,-0.12
STP,ECCS,1969,0.174
SAU,ECCS,1969,0.53
SEN,ECCS,1969,0.718
SYC,ECCS,1969,0.179
SLE,ECCS,1969,0.259
SLB,ECCS,1969,0.204
SOM,ECCS,1969,0.043
ZAF,ECCS,1969,0.289
ESP,ECCS,1969,-0.281
LKA,ECCS,1969,0.243
KNA,ECCS,1969,0.359
LCA,ECCS,1969,0.443
VCT,ECCS,1969,0.478
SUR,ECCS,1969,0.495
SJM,ECCS,1969,-1.74
SWE,ECCS,1969,-0.203
CHE,ECCS,1969,-0.074
SYR,ECCS,1969,0.158
TWN,ECCS,1969,-0.039
TZA,ECCS,1969,0.348
THA,ECCS,1969,0.467
TLS,ECCS,1969,0.143
TGO,ECCS,1969,0.317
TKL,ECCS,1969,0.114
TON,ECCS,1969,-0.215
TTO,ECCS,1969,0.492
TUN,ECCS,1969,0.058
TUV,ECCS,1969,0.205
UGA,ECCS,1969,0.121
ARE,ECCS,1969,0.447
GBR,ECCS,1969,-0.216
USA,ECCS,1969,-0.267
VIR,ECCS,1969,0.436
URY,ECCS,1969,0.155
VUT,ECCS,1969,0.079
VEN,ECCS,1969,0.491
VNM,ECCS,1969,0.556
WLF,ECCS,1969,-0.205
PSE,ECCS,1969,0.229
ESH,ECCS,1969,0.301
YEM,ECCS,1969,0.285
ZMB,ECCS,1969,0.235
ZWE,ECCS,1969,0.21
AFG,ECCS,1970,0.828
ALB,ECCS,1970,-0.114
DZA,ECCS,1970,0.111
ASM,ECCS,1970,-0.023
AND,ECCS,1970,0.087
AGO,ECCS,1970,0.242
AIA,ECCS,1970,0.162
ATG,ECCS,1970,0.225
ARG,ECCS,1970,0.409
ABW,ECCS,1970,0.293
AUS,ECCS,1970,0.0
AUT,ECCS,1970,-0.547
BHS,ECCS,1970,-0.505
BHR,ECCS,1970,0.253
BGD,ECCS,1970,-0.023
BRB,ECCS,1970,0.28
BLZ,ECCS,1970,-0.211
BEN,ECCS,1970,0.355
BTN,ECCS,1970,-0.05
BOL,ECCS,1970,0.264
BWA,ECCS,1970,0.623
BRA,ECCS,1970,0.12
VGB,ECCS,1970,0.099
BRN,ECCS,1970,0.1
BGR,ECCS,1970,0.195
BFA,ECCS,1970,0.35
BDI,ECCS,1970,0.325
CPV,ECCS,1970,0.736
KHM,ECCS,1970,0.057
CMR,ECCS,1970,0.178
CAN,ECCS,1970,0.427
CYM,ECCS,1970,-0.269
CAF,ECCS,1970,0.198
TCD,ECCS,1970,0.114
CHL,ECCS,1970,0.144
HKG,ECCS,1970,-0.387
MAC,ECCS,1970,-0.387
CHN,ECCS,1970,-0.306
COL,ECCS,1970,0.044
COM,ECCS,1970,0.08
COD,ECCS,1970,0.215
COG,ECCS,1970,0.169
COK,ECCS,1970,0.181
CRI,ECCS,1970,-0.387
CUB,ECCS,1970,-0.393
CYP,ECCS,1970,0.463
DNK,ECCS,1970,-1.211
DJI,ECCS,1970,0.112
DMA,ECCS,1970,0.225
DOM,ECCS,1970,0.027
ECU,ECCS,1970,-0.118
EGY,ECCS,1970,-0.079
SLV,ECCS,1970,-0.035
GNQ,ECCS,1970,0.27
SWZ,ECCS,1970,0.598
FLK,ECCS,1970,0.203
FRO,ECCS,1970,-0.512
FJI,ECCS,1970,0.146
FIN,ECCS,1970,-0.628
FRA,ECCS,1970,-0.105
PYF,ECCS,1970,0.234
GAB,ECCS,1970,0.175
GMB,ECCS,1970,0.402
DEU,ECCS,1970,-0.834
GHA,ECCS,1970,0.347
GIB,ECCS,1970,-0.085
GRC,ECCS,1970,0.274
GRL,ECCS,1970,-0.284
GRD,ECCS,1970,0.351
GLP,ECCS,1970,0.194
GTM,ECCS,1970,-0.096
GUF,ECCS,1970,0.205
GIN,ECCS,1970,0.342
GNB,ECCS,1970,0.343
GUY,ECCS,1970,0.345
HTI,ECCS,1970,-0.234
VAT,ECCS,1970,-0.146
HND,ECCS,1970,-0.103
HUN,ECCS,1970,-0.506
ISL,ECCS,1970,-0.763
IND,ECCS,1970,0.054
IDN,ECCS,1970,0.171
IRN,ECCS,1970,0.943
IRQ,ECCS,1970,0.688
IRL,ECCS,1970,0.048
IMN,ECCS,1970,0.038
ISR,ECCS,1970,0.194
ITA,ECCS,1970,-0.162
JAM,ECCS,1970,-0.243
JPN,ECCS,1970,-0.374
JOR,ECCS,1970,0.189
KEN,ECCS,1970,0.19
KIR,ECCS,1970,0.114
PRK,ECCS,1970,-0.38
KOR,ECCS,1970,-0.482
KWT,ECCS,1970,0.497
LAO,ECCS,1970,-0.046
LBN,ECCS,1970,0.381
LSO,ECCS,1970,0.471
LBR,ECCS,1970,0.316
LBY,ECCS,1970,-0.213
LIE,ECCS,1970,-0.553
MDG,ECCS,1970,0.247
MWI,ECCS,1970,0.164
MYS,ECCS,1970,0.115
MLI,ECCS,1970,0.379
MLT,ECCS,1970,-0.092
MTQ,ECCS,1970,0.236
MRT,ECCS,1970,0.671
MUS,ECCS,1970,0.363
MYT,ECCS,1970,0.166
MEX,ECCS,1970,-0.304
MCO,ECCS,1970,-0.045
MNG,ECCS,1970,-0.28
MSR,ECCS,1970,0.225
MAR,ECCS,1970,0.053
MOZ,ECCS,1970,0.243
MMR,ECCS,1970,-0.033
NPL,ECCS,1970,0.1
NLD,ECCS,1970,-0.588
NCL,ECCS,1970,0.516
NZL,ECCS,1970,0.595
NIC,ECCS,1970,-0.196
NER,ECCS,1970,0.037
NGA,ECCS,1970,0.22
NFK,ECCS,1970,0.446
NOR,ECCS,1970,-0.689
OMN,ECCS,1970,0.635
PAK,ECCS,1970,0.581
PAN,ECCS,1970,0.055
PNG,ECCS,1970,0.198
PRY,ECCS,1970,0.238
PER,ECCS,1970,-0.028
PHL,ECCS,1970,0.198
PCN,ECCS,1970,0.376
POL,ECCS,1970,-1.284
PRT,ECCS,1970,0.07
PRI,ECCS,1970,0.064
QAT,ECCS,1970,0.232
ROU,ECCS,1970,-0.047
RWA,ECCS,1970,0.186
SPM,ECCS,1970,1.014
WSM,ECCS,1970,0.215
SMR,ECCS,1970,-0.119
STP,ECCS,1970,0.234
SAU,ECCS,1970,0.368
SEN,ECCS,1970,0.523
SYC,ECCS,1970,0.29
SLE,ECCS,1970,0.33
SLB,ECCS,1970,0.111
SOM,ECCS,1970,0.091
ZAF,ECCS,1970,0.363
ESP,ECCS,1970,0.123
LKA,ECCS,1970,0.137
KNA,ECCS,1970,0.225
LCA,ECCS,1970,0.29
VCT,ECCS,1970,0.352
SUR,ECCS,1970,0.215
SJM,ECCS,1970,-0.189
SWE,ECCS,1970,-1.096
CHE,ECCS,1970,-0.484
SYR,ECCS,1970,0.634
TWN,ECCS,1970,-0.379
TZA,ECCS,1970,0.206
THA,ECCS,1970,0.004
TLS,ECCS,1970,0.311
TGO,ECCS,1970,0.346
TKL,ECCS,1970,-0.384
TON,ECCS,1970,0.312
TTO,ECCS,1970,0.297
TUN,ECCS,1970,-0.172
TUV,ECCS,1970,0.08
UGA,ECCS,1970,0.039
ARE,ECCS,1970,0.32
GBR,ECCS,1970,-0.08
USA,ECCS,1970,-0.023
VIR,ECCS,1970,0.092
URY,ECCS,1970,0.391
VUT,ECCS,1970,0.293
VEN,ECCS,1970,0.173
VNM,ECCS,1970,-0.042
WLF,ECCS,1970,0.058
PSE,ECCS,1970,0.197
ESH,ECCS,1970,0.609
YEM,ECCS,1970,0.411
ZMB,ECCS,1970,0.34
ZWE,ECCS,1970,0.419
AFG,ECCS,1971,0.628
ALB,ECCS,1971,-0.208
DZA,ECCS,1971,-0.391
ASM,ECCS,1971,-0.449
AND,ECCS,1971,-0.383
AGO,ECCS,1971,-0.105
AIA,ECCS,1971,-0.195
ATG,ECCS,1971,-0.199
ARG,ECCS,1971,-0.289
ABW,ECCS,1971,-0.216
AUS,ECCS,1971,-0.034
AUT,ECCS,1971,-0.065
BHS,ECCS,1971,0.044
BHR,ECCS,1971,-0.23
BGD,ECCS,1971,-0.594
BRB,ECCS,1971,-0.273
BLZ,ECCS,1971,-0.218
BEN,ECCS,1971,-0.14
BTN,ECCS,1971,-0.253
BOL,ECCS,1971,-0.493
BWA,ECCS,1971,-0.107
BRA,ECCS,1971,-0.151
VGB,ECCS,1971,-0.191
BRN,ECCS,1971,-0.232
BGR,ECCS,1971,-0.155
BFA,ECCS,1971,-0.043
BDI,ECCS,1971,-0.259
CPV,ECCS,1971,-0.286
KHM,ECCS,1971,-0.461
CMR,ECCS,1971,-0.131
CAN,ECCS,1971,-0.017
CYM,ECCS,1971,-0.265
CAF,ECCS,1971,-0.099
TCD,ECCS,1971,-0.201
CHL,ECCS,1971,-0.416
HKG,ECCS,1971,-0.175
MAC,ECCS,1971,-0.175
CHN,ECCS,1971,0.035
COL,ECCS,1971,-0.415
COM,ECCS,1971,-0.547
COD,ECCS,1971,-0.14
COG,ECCS,1971,-0.083
COK,ECCS,1971,-0.14
CRI,ECCS,1971,-0.485
CUB,ECCS,1971,0.05
CYP,ECCS,1971,-0.265
DNK,ECCS,1971,0.265
DJI,ECCS,1971,-0.199
DMA,ECCS,1971,-0.199
DOM,ECCS,1971,-0.28
ECU,ECCS,1971,-0.557
EGY,ECCS,1971,-0.247
SLV,ECCS,1971,-0.255
GNQ,ECCS,1971,-0.096
SWZ,ECCS,1971,0.019
FLK,ECCS,1971,-0.223
FRO,ECCS,1971,0.242
FJI,ECCS,1971,0.144
FIN,ECCS,1971,-0.452
FRA,ECCS,1971,-0.174
PYF,ECCS,1971,-0.225
GAB,ECCS,1971,-0.036
GMB,ECCS,1971,-0.039
DEU,ECCS,1971,0.03
GHA,ECCS,1971,-0.118
GIB,ECCS,1971,-0.847
GRC,ECCS,1971,-0.229
GRL,ECCS,1971,-0.838
GRD,ECCS,1971,-0.39
GLP,ECCS,1971,-0.197
GTM,ECCS,1971,-0.105
GUF,ECCS,1971,-0.361
GIN,ECCS,1971,-0.138
GNB,ECCS,1971,-0.045
GUY,ECCS,1971,-0.477
HTI,ECCS,1971,-0.25
VAT,ECCS,1971,-0.247
HND,ECCS,1971,-0.177
HUN,ECCS,1971,-0.064
ISL,ECCS,1971,-0.099
IND,ECCS,1971,-0.487
IDN,ECCS,1971,-0.173
IRN,ECCS,1971,0.086
IRQ,ECCS,1971,-0.167
IRL,ECCS,1971,0.331
IMN,ECCS,1971,0.305
ISR,ECCS,1971,-0.37
ITA,ECCS,1971,-0.159
JAM,ECCS,1971,-0.369
JPN,ECCS,1971,-0.331
JOR,ECCS,1971,-0.424
KEN,ECCS,1971,-0.249
KIR,ECCS,1971,-0.429
PRK,ECCS,1971,-0.272
KOR,ECCS,1971,-0.182
KWT,ECCS,1971,-0.183
LAO,ECCS,1971,-0.494
LBN,ECCS,1971,-0.308
LSO,ECCS,1971,-0.03
LBR,ECCS,1971,-0.121
LBY,ECCS,1971,-0.185
LIE,ECCS,1971,-0.083
MDG,ECCS,1971,-0.243
MWI,ECCS,1971,-0.232
MYS,ECCS,1971,-0.242
MLI,ECCS,1971,-0.006
MLT,ECCS,1971,-0.222
MTQ,ECCS,1971,-0.219
MRT,ECCS,1971,-0.351
MUS,ECCS,1971,-0.353
MYT,ECCS,1971,-0.761
MEX,ECCS,1971,-0.062
MCO,ECCS,1971,-0.039
MNG,ECCS,1971,-0.032
MSR,ECCS,1971,-0.199
MAR,ECCS,1971,-0.864
MOZ,ECCS,1971,-0.113
MMR,ECCS,1971,-0.407
NRU,ECCS,1971,-0.091
NPL,ECCS,1971,-0.52
NLD,ECCS,1971,0.049
NCL,ECCS,1971,0.187
NZL,ECCS,1971,0.675
NIC,ECCS,1971,-0.407
NER,ECCS,1971,-0.124
NGA,ECCS,1971,-0.043
NFK,ECCS,1971,0.378
NOR,ECCS,1971,-0.074
OMN,ECCS,1971,0.053
PAK,ECCS,1971,0.213
PAN,ECCS,1971,-0.404
PNG,ECCS,1971,-0.003
PRY,ECCS,1971,-0.41
PER,ECCS,1971,-0.458
PHL,ECCS,1971,-0.345
PCN,ECCS,1971,0.064
POL,ECCS,1971,0.137
PRT,ECCS,1971,-0.897
PRI,ECCS,1971,-0.247
QAT,ECCS,1971,-0.158
ROU,ECCS,1971,-0.022
RWA,ECCS,1971,-0.262
SPM,ECCS,1971,0.335
WSM,ECCS,1971,-0.418
SMR,ECCS,1971,-0.156
STP,ECCS,1971,-0.061
SAU,ECCS,1971,-0.438
SEN,ECCS,1971,-0.059
SYC,ECCS,1971,-0.43
SLE,ECCS,1971,-0.169
SLB,ECCS,1971,-0.159
SOM,ECCS,1971,-0.261
ZAF,ECCS,1971,-0.166
ESP,ECCS,1971,-0.754
LKA,ECCS,1971,-0.321
KNA,ECCS,1971,-0.199
LCA,ECCS,1971,-0.298
VCT,ECCS,1971,-0.388
SUR,ECCS,1971,-0.48
SJM,ECCS,1971,-1.309
SWE,ECCS,1971,0.035
CHE,ECCS,1971,-0.069
SYR,ECCS,1971,-0.191
TWN,ECCS,1971,-0.28
TZA,ECCS,1971,-0.262
THA,ECCS,1971,-0.48
TLS,ECCS,1971,0.117
TGO,ECCS,1971,-0.168
TKL,ECCS,1971,-0.36
TON,ECCS,1971,0.098
TTO,ECCS,1971,-0.417
TUN,ECCS,1971,-0.199
TCA,ECCS,1971,0.101
TUV,ECCS,1971,-0.336
UGA,ECCS,1971,-0.141
ARE,ECCS,1971,-0.188
GBR,ECCS,1971,0.251
USA,ECCS,1971,-0.415
VIR,ECCS,1971,-0.199
URY,ECCS,1971,-0.33
VUT,ECCS,1971,0.01
VEN,ECCS,1971,-0.397
VNM,ECCS,1971,-0.462
WLF,ECCS,1971,-0.039
PSE,ECCS,1971,-0.369
ESH,ECCS,1971,-0.686
YEM,ECCS,1971,-0.178
ZMB,ECCS,1971,-0.218
ZWE,ECCS,1971,-0.042
AFG,ECCS,1972,-1.116
ALB,ECCS,1972,-0.088
DZA,ECCS,1972,-0.356
ASM,ECCS,1972,-0.042
AND,ECCS,1972,-0.491
AGO,ECCS,1972,-0.044
AIA,ECCS,1972,-0.025
ATG,ECCS,1972,-0.092
ARG,ECCS,1972,-0.033
ABW,ECCS,1972,0.069
AUS,ECCS,1972,0.089
AUT,ECCS,1972,0.096
BHS,ECCS,1972,0.494
BHR,ECCS,1972,-0.596
BGD,ECCS,1972,-0.042
BRB,ECCS,1972,-0.097
BLZ,ECCS,1972,0.531
BEN,ECCS,1972,0.135
BTN,ECCS,1972,-0.075
BOL,ECCS,1972,0.152
BWA,ECCS,1972,-0.452
BRA,ECCS,1972,0.087
VGB,ECCS,1972,0.041
BRN,ECCS,1972,0.034
BGR,ECCS,1972,0.122
BFA,ECCS,1972,0.131
BDI,ECCS,1972,0.176
CPV,ECCS,1972,-0.056
KHM,ECCS,1972,0.042
CMR,ECCS,1972,0.054
CAN,ECCS,1972,-1.788
CYM,ECCS,1972,0.153
CAF,ECCS,1972,0.018
TCD,ECCS,1972,0.203
CHL,ECCS,1972,-0.168
HKG,ECCS,1972,-0.124
MAC,ECCS,1972,-0.124
CHN,ECCS,1972,0.013
COL,ECCS,1972,-0.016
COM,ECCS,1972,-0.077
COD,ECCS,1972,0.072
COG,ECCS,1972,-0.046
COK,ECCS,1972,-0.091
CRI,ECCS,1972,0.177
CUB,ECCS,1972,0.411
CYP,ECCS,1972,-0.608
DNK,ECCS,1972,0.295
DJI,ECCS,1972,0.161
DMA,ECCS,1972,-0.092
DOM,ECCS,1972,0.046
ECU,ECCS,1972,0.51
EGY,ECCS,1972,-0.014
SLV,ECCS,1972,0.45
GNQ,ECCS,1972,-0.05
SWZ,ECCS,1972,-0.375
FLK,ECCS,1972,-0.505
FRO,ECCS,1972,0.669
FJI,ECCS,1972,-0.229
FIN,ECCS,1972,0.932
FRA,ECCS,1972,-0.331
PYF,ECCS,1972,0.215
GAB,ECCS,1972,-0.04
GMB,ECCS,1972,0.316
DEU,ECCS,1972,-0.018
GHA,ECCS,1972,0.068
GIB,ECCS,1972,-0.903
GRC,ECCS,1972,-0.186
GRL,ECCS,1972,-1.083
GRD,ECCS,1972,-0.211
GLP,ECCS,1972,-0.059
GTM,ECCS,1972,0.488
GUF,ECCS,1972,-0.038
GIN,ECCS,1972,0.197
GNB,ECCS,1972,0.275
GUY,ECCS,1972,-0.062
HTI,ECCS,1972,0.101
VAT,ECCS,1972,-0.177
HND,ECCS,1972,0.327
HUN,ECCS,1972,0.389
ISL,ECCS,1972,0.744
IND,ECCS,1972,0.004
IDN,ECCS,1972,-0.067
IRN,ECCS,1972,-0.943
IRQ,ECCS,1972,-0.736
IRL,ECCS,1972,-0.279
IMN,ECCS,1972,-0.199
ISR,ECCS,1972,-0.521
ITA,ECCS,1972,-0.146
JAM,ECCS,1972,0.021
JPN,ECCS,1972,0.228
JOR,ECCS,1972,-0.646
KEN,ECCS,1972,0.232
KIR,ECCS,1972,-0.284
PRK,ECCS,1972,-0.16
KOR,ECCS,1972,-0.071
KWT,ECCS,1972,-0.796
LAO,ECCS,1972,-0.021
LBN,ECCS,1972,-0.669
LSO,ECCS,1972,-0.099
LBR,ECCS,1972,0.031
LBY,ECCS,1972,0.168
LIE,ECCS,1972,0.068
MDG,ECCS,1972,-0.076
MWI,ECCS,1972,0.05
MYS,ECCS,1972,0.042
MDV,ECCS,1972,0.074
MLI,ECCS,1972,0.279
MLT,ECCS,1972,-0.235
MTQ,ECCS,1972,-0.089
MRT,ECCS,1972,-0.089
MUS,ECCS,1972,0.048
MYT,ECCS,1972,-0.194
MEX,ECCS,1972,0.309
MCO,ECCS,1972,-0.159
MNG,ECCS,1972,0.242
MSR,ECCS,1972,-0.092
MAR,ECCS,1972,-1.35
MOZ,ECCS,1972,-0.207
MMR,ECCS,1972,-0.011
NRU,ECCS,1972,-0.407
NPL,ECCS,1972,-0.016
NLD,ECCS,1972,-0.118
NCL,ECCS,1972,-0.148
NZL,ECCS,1972,0.112
NIC,ECCS,1972,0.225
NER,ECCS,1972,0.305
NGA,ECCS,1972,0.132
NIU,ECCS,1972,-0.017
NFK,ECCS,1972,-0.088
NOR,ECCS,1972,0.939
OMN,ECCS,1972,-0.095
PAK,ECCS,1972,-0.46
PAN,ECCS,1972,0.037
PNG,ECCS,1972,-0.34
PRY,ECCS,1972,0.434
PER,ECCS,1972,0.276
PHL,ECCS,1972,0.011
PCN,ECCS,1972,-0.327
POL,ECCS,1972,0.481
PRT,ECCS,1972,-0.935
PRI,ECCS,1972,0.038
QAT,ECCS,1972,-0.755
ROU,ECCS,1972,0.38
RWA,ECCS,1972,0.106
SPM,ECCS,1972,-1.209
WSM,ECCS,1972,-0.093
SMR,ECCS,1972,-0.07
STP,ECCS,1972,-0.018
SAU,ECCS,1972,-0.574
SEN,ECCS,1972,0.344
SYC,ECCS,1972,-0.287
SLE,ECCS,1972,0.127
SLB,ECCS,1972,-0.364
SOM,ECCS,1972,0.277
ZAF,ECCS,1972,0.1
ESP,ECCS,1972,-0.833
LKA,ECCS,1972,-0.12
KNA,ECCS,1972,-0.092
LCA,ECCS,1972,-0.136
VCT,ECCS,1972,-0.21
SUR,ECCS,1972,-0.061
SJM,ECCS,1972,2.386
SWE,ECCS,1972,0.797
CHE,ECCS,1972,-0.062
SYR,ECCS,1972,-0.932
TWN,ECCS,1972,-0.212
TZA,ECCS,1972,0.035
THA,ECCS,1972,0.04
TLS,ECCS,1972,-0.184
TGO,ECCS,1972,0.186
TKL,ECCS,1972,0.104
TON,ECCS,1972,-0.037
TTO,ECCS,1972,-0.214
TUN,ECCS,1972,-0.333
TCA,ECCS,1972,0.04
TUV,ECCS,1972,-0.097
UGA,ECCS,1972,0.113
ARE,ECCS,1972,-0.805
GBR,ECCS,1972,-0.058
USA,ECCS,1972,-0.261
VIR,ECCS,1972,0.042
URY,ECCS,1972,0.236
VUT,ECCS,1972,-0.327
VEN,ECCS,1972,-0.085
VNM,ECCS,1972,0.023
WLF,ECCS,1972,-0.114
PSE,ECCS,1972,-0.516
ESH,ECCS,1972,-1.102
YEM,ECCS,1972,0.057
ZMB,ECCS,1972,-0.116
ZWE,ECCS,1972,-0.376
AFG,ECCS,1973,0.24
ALB,ECCS,1973,-0.313
DZA,ECCS,1973,-0.03
ASM,ECCS,1973,0.357
AND,ECCS,1973,0.01
AGO,ECCS,1973,0.466
AIA,ECCS,1973,0.249
ATG,ECCS,1973,0.334
ARG,ECCS,1973,-0.179
ABW,ECCS,1973,0.299
AUS,ECCS,1973,0.834
AUT,ECCS,1973,-0.04
BHS,ECCS,1973,0.339
BHR,ECCS,1973,-0.252
BGD,ECCS,1973,0.155
BRB,ECCS,1973,-0.052
BLZ,ECCS,1973,0.446
BEN,ECCS,1973,0.621
BTN,ECCS,1973,0.292
BOL,ECCS,1973,0.162
BWA,ECCS,1973,0.617
BRA,ECCS,1973,0.425
VGB,ECCS,1973,0.163
BRN,ECCS,1973,0.282
BGR,ECCS,1973,-0.435
BFA,ECCS,1973,0.654
BDI,ECCS,1973,0.512
CPV,ECCS,1973,0.2
KHM,ECCS,1973,0.35
CMR,ECCS,1973,0.584
CAN,ECCS,1973,0.319
CYM,ECCS,1973,0.341
CAF,ECCS,1973,0.503
TCD,ECCS,1973,0.709
CHL,ECCS,1973,-0.151
HKG,ECCS,1973,0.435
MAC,ECCS,1973,0.435
CHN,ECCS,1973,0.409
COL,ECCS,1973,0.353
COM,ECCS,1973,0.133
COD,ECCS,1973,0.454
COG,ECCS,1973,0.502
COK,ECCS,1973,0.481
CRI,ECCS,1973,0.197
CUB,ECCS,1973,0.385
CYP,ECCS,1973,-0.374
DNK,ECCS,1973,0.675
DJI,ECCS,1973,0.618
DMA,ECCS,1973,0.333
DOM,ECCS,1973,0.303
ECU,ECCS,1973,0.041
EGY,ECCS,1973,-0.297
SLV,ECCS,1973,0.444
GNQ,ECCS,1973,0.489
SWZ,ECCS,1973,0.141
FLK,ECCS,1973,0.219
FRO,ECCS,1973,-0.053
FJI,ECCS,1973,0.456
FIN,ECCS,1973,1.135
FRA,ECCS,1973,0.05
PYF,ECCS,1973,0.39
GAB,ECCS,1973,0.496
GMB,ECCS,1973,0.688
DEU,ECCS,1973,0.185
GHA,ECCS,1973,0.604
GIB,ECCS,1973,-0.176
GRC,ECCS,1973,-0.36
GRL,ECCS,1973,-0.892
GRD,ECCS,1973,0.048
GLP,ECCS,1973,0.291
GTM,ECCS,1973,0.524
GUF,ECCS,1973,0.182
GIN,ECCS,1973,0.597
GNB,ECCS,1973,0.592
GUY,ECCS,1973,0.147
HTI,ECCS,1973,0.484
VAT,ECCS,1973,0.025
HND,ECCS,1973,0.518
HUN,ECCS,1973,-0.034
ISL,ECCS,1973,-0.132
IND,ECCS,1973,0.298
IDN,ECCS,1973,0.275
IRN,ECCS,1973,-0.178
IRQ,ECCS,1973,-0.258
IRL,ECCS,1973,0.351
IMN,ECCS,1973,0.288
ISR,ECCS,1973,-0.499
ITA,ECCS,1973,0.022
JAM,ECCS,1973,0.38
JPN,ECCS,1973,0.328
JOR,ECCS,1973,-0.532
KEN,ECCS,1973,0.543
KIR,ECCS,1973,0.148
PRK,ECCS,1973,0.627
KOR,ECCS,1973,0.535
KWT,ECCS,1973,-0.259
LAO,ECCS,1973,0.481
LBN,ECCS,1973,-0.551
LSO,ECCS,1973,0.123
LBR,ECCS,1973,0.508
LBY,ECCS,1973,-0.083
LIE,ECCS,1973,-0.033
MDG,ECCS,1973,0.167
MWI,ECCS,1973,0.312
MYS,ECCS,1973,0.268
MDV,ECCS,1973,0.432
MLI,ECCS,1973,0.511
MLT,ECCS,1973,0.057
MTQ,ECCS,1973,0.267
MRT,ECCS,1973,0.463
MUS,ECCS,1973,-0.135
MYT,ECCS,1973,0.207
MEX,ECCS,1973,-0.158
MCO,ECCS,1973,0.237
MNG,ECCS,1973,0.697
MSR,ECCS,1973,0.334
MAR,ECCS,1973,0.032
MOZ,ECCS,1973,0.244
MMR,ECCS,1973,0.253
NRU,ECCS,1973,0.439
NPL,ECCS,1973,0.159
NLD,ECCS,1973,0.291
NCL,ECCS,1973,0.853
NZL,ECCS,1973,0.186
NIC,ECCS,1973,0.381
NER,ECCS,1973,0.385
NGA,ECCS,1973,0.85
NIU,ECCS,1973,0.75
NFK,ECCS,1973,0.758
NOR,ECCS,1973,0.925
OMN,ECCS,1973,-0.167
PAK,ECCS,1973,0.124
PAN,ECCS,1973,0.127
PNG,ECCS,1973,0.172
PRY,ECCS,1973,0.122
PER,ECCS,1973,0.145
PHL,ECCS,1973,0.294
PCN,ECCS,1973,-0.317
POL,ECCS,1973,0.422
PRT,ECCS,1973,-0.093
PRI,ECCS,1973,0.239
QAT,ECCS,1973,-0.253
ROU,ECCS,1973,-0.223
RWA,ECCS,1973,0.5
SPM,ECCS,1973,-0.749
WSM,ECCS,1973,0.196
SMR,ECCS,1973,-0.005
STP,ECCS,1973,0.486
SAU,ECCS,1973,-0.249
SEN,ECCS,1973,0.714
SYC,ECCS,1973,0.239
SLE,ECCS,1973,0.481
SLB,ECCS,1973,0.169
SOM,ECCS,1973,0.577
ZAF,ECCS,1973,0.336
ESP,ECCS,1973,-0.171
LKA,ECCS,1973,0.377
KNA,ECCS,1973,0.334
LCA,ECCS,1973,0.12
VCT,ECCS,1973,0.048
SUR,ECCS,1973,0.102
SJM,ECCS,1973,0.531
SWE,ECCS,1973,1.146
CHE,ECCS,1973,-0.06
SYR,ECCS,1973,-0.427
TWN,ECCS,1973,0.439
TZA,ECCS,1973,0.335
THA,ECCS,1973,0.355
TLS,ECCS,1973,0.638
TGO,ECCS,1973,0.589
TKL,ECCS,1973,0.099
TON,ECCS,1973,0.456
TTO,ECCS,1973,0.044
TUN,ECCS,1973,-0.103
TCA,ECCS,1973,0.312
TUV,ECCS,1973,0.174
UGA,ECCS,1973,0.387
ARE,ECCS,1973,-0.305
GBR,ECCS,1973,0.201
USA,ECCS,1973,-0.028
VIR,ECCS,1973,0.176
URY,ECCS,1973,-0.134
VUT,ECCS,1973,0.537
VEN,ECCS,1973,0.325
VNM,ECCS,1973,0.447
WLF,ECCS,1973,0.366
PSE,ECCS,1973,-0.5
ESH,ECCS,1973,0.01
YEM,ECCS,1973,0.265
ZMB,ECCS,1973,0.347
ZWE,ECCS,1973,0.618
AFG,ECCS,1974,-0.484
ALB,ECCS,1974,-0.147
DZA,ECCS,1974,-0.506
ASM,ECCS,1974,-0.271
AND,ECCS,1974,-0.372
AGO,ECCS,1974,-0.163
AIA,ECCS,1974,-0.249
ATG,ECCS,1974,-0.22
ARG,ECCS,1974,-0.151
ABW,ECCS,1974,-0.427
AUS,ECCS,1974,-0.354
AUT,ECCS,1974,0.305
BHS,ECCS,1974,0.118
BHR,ECCS,1974,-0.23
BGD,ECCS,1974,-0.146
BRB,ECCS,1974,-0.393
BLZ,ECCS,1974,0.141
BEN,ECCS,1974,0.048
BTN,ECCS,1974,0.132
BOL,ECCS,1974,-0.161
BWA,ECCS,1974,-0.736
BRA,ECCS,1974,-0.195
VGB,ECCS,1974,-0.279
BRN,ECCS,1974,-0.195
BGR,ECCS,1974,-0.208
BFA,ECCS,1974,-0.092
BDI,ECCS,1974,0.074
CPV,ECCS,1974,-0.577
KHM,ECCS,1974,-0.332
CMR,ECCS,1974,-0.065
CAN,ECCS,1974,-0.836
CYM,ECCS,1974,0.465
CAF,ECCS,1974,-0.107
TCD,ECCS,1974,-0.035
CHL,ECCS,1974,-0.256
HKG,ECCS,1974,-0.334
MAC,ECCS,1974,-0.334
CHN,ECCS,1974,-0.008
COL,ECCS,1974,-0.314
COM,ECCS,1974,-0.378
COD,ECCS,1974,-0.089
COG,ECCS,1974,-0.071
COK,ECCS,1974,-0.115
CRI,ECCS,1974,-0.233
CUB,ECCS,1974,0.066
CYP,ECCS,1974,-0.199
DNK,ECCS,1974,0.581
DJI,ECCS,1974,-0.183
DMA,ECCS,1974,-0.219
DOM,ECCS,1974,-0.471
ECU,ECCS,1974,-0.332
EGY,ECCS,1974,-0.123
SLV,ECCS,1974,-0.222
GNQ,ECCS,1974,-0.14
SWZ,ECCS,1974,-0.218
FLK,ECCS,1974,0.211
FRO,ECCS,1974,0.497
FJI,ECCS,1974,0.197
FIN,ECCS,1974,1.113
FRA,ECCS,1974,-0.086
PYF,ECCS,1974,-0.262
GAB,ECCS,1974,-0.052
GMB,ECCS,1974,-0.214
DEU,ECCS,1974,0.315
GHA,ECCS,1974,0.031
GIB,ECCS,1974,-0.435
GRC,ECCS,1974,-0.191
GRL,ECCS,1974,0.418
GRD,ECCS,1974,-0.465
GLP,ECCS,1974,-0.234
GTM,ECCS,1974,-0.212
GUF,ECCS,1974,-0.341
GIN,ECCS,1974,-0.058
GNB,ECCS,1974,-0.143
GUY,ECCS,1974,-0.31
HTI,ECCS,1974,0.011
VAT,ECCS,1974,-0.202
HND,ECCS,1974,-0.239
HUN,ECCS,1974,0.261
ISL,ECCS,1974,0.488
IND,ECCS,1974,0.013
IDN,ECCS,1974,-0.13
IRN,ECCS,1974,-0.657
IRQ,ECCS,1974,-0.461
IRL,ECCS,1974,-0.222
IMN,ECCS,1974,-0.207
ISR,ECCS,1974,-0.282
ITA,ECCS,1974,-0.12
JAM,ECCS,1974,0.146
JPN,ECCS,1974,-0.484
JOR,ECCS,1974,-0.369
KEN,ECCS,1974,-0.05
KIR,ECCS,1974,-0.144
PRK,ECCS,1974,-0.464
KOR,ECCS,1974,-0.782
KWT,ECCS,1974,-0.376
LAO,ECCS,1974,-0.418
LBN,ECCS,1974,-0.253
LSO,ECCS,1974,-0.11
LBR,ECCS,1974,0.019
LBY,ECCS,1974,-0.087
LIE,ECCS,1974,0.168
MDG,ECCS,1974,-0.289
MWI,ECCS,1974,-0.292
MYS,ECCS,1974,-0.217
MDV,ECCS,1974,-0.283
MLI,ECCS,1974,-0.438
MLT,ECCS,1974,-0.191
MTQ,ECCS,1974,-0.253
MRT,ECCS,1974,-0.714
MUS,ECCS,1974,-0.768
MYT,ECCS,1974,-0.48
MEX,ECCS,1974,-0.075
MCO,ECCS,1974,-0.11
MNG,ECCS,1974,0.203
MSR,ECCS,1974,-0.22
MAR,ECCS,1974,-0.478
MOZ,ECCS,1974,-0.303
MMR,ECCS,1974,-0.264
NRU,ECCS,1974,0.342
NPL,ECCS,1974,0.168
NLD,ECCS,1974,0.231
NCL,ECCS,1974,0.348
NZL,ECCS,1974,0.363
NIC,ECCS,1974,-0.218
NER,ECCS,1974,-0.049
NGA,ECCS,1974,0.122
NIU,ECCS,1974,0.266
NOR,ECCS,1974,0.972
OMN,ECCS,1974,-0.133
PAK,ECCS,1974,-0.163
PAN,ECCS,1974,-0.401
PNG,ECCS,1974,0.0
PRY,ECCS,1974,-0.226
PER,ECCS,1974,-0.301
PHL,ECCS,1974,-0.062
PCN,ECCS,1974,0.032
POL,ECCS,1974,0.494
PRT,ECCS,1974,-0.478
PRI,ECCS,1974,-0.337
QAT,ECCS,1974,-0.309
ROU,ECCS,1974,-0.1
RWA,ECCS,1974,-0.002
SPM,ECCS,1974,-0.914
WSM,ECCS,1974,-0.419
SMR,ECCS,1974,-0.053
STP,ECCS,1974,-0.085
SAU,ECCS,1974,-0.213
SEN,ECCS,1974,-0.445
SYC,ECCS,1974,-0.437
SLE,ECCS,1974,-0.03
SLB,ECCS,1974,0.075
SOM,ECCS,1974,0.018
ZAF,ECCS,1974,-0.262
ESP,ECCS,1974,-0.447
LKA,ECCS,1974,-0.314
KNA,ECCS,1974,-0.22
LCA,ECCS,1974,-0.365
VCT,ECCS,1974,-0.467
SUR,ECCS,1974,-0.325
SJM,ECCS,1974,1.597
SWE,ECCS,1974,0.935
CHE,ECCS,1974,0.09
SYR,ECCS,1974,-0.207
TWN,ECCS,1974,-0.417
TZA,ECCS,1974,-0.148
THA,ECCS,1974,-0.474
TLS,ECCS,1974,-0.394
TGO,ECCS,1974,-0.048
TKL,ECCS,1974,-0.279
TON,ECCS,1974,0.111
TTO,ECCS,1974,-0.419
TUN,ECCS,1974,-0.31
TCA,ECCS,1974,0.144
TUV,ECCS,1974,-0.328
UGA,ECCS,1974,-0.097
ARE,ECCS,1974,-0.409
GBR,ECCS,1974,-0.064
USA,ECCS,1974,0.089
VIR,ECCS,1974,-0.284
URY,ECCS,1974,-0.064
VUT,ECCS,1974,0.186
VEN,ECCS,1974,-0.285
VNM,ECCS,1974,-0.398
WLF,ECCS,1974,0.13
PSE,ECCS,1974,-0.28
ESH,ECCS,1974,-0.571
YEM,ECCS,1974,-0.151
ZMB,ECCS,1974,-0.427
ZWE,ECCS,1974,-0.479
AFG,ECCS,1975,-0.469
ALB,ECCS,1975,-0.223
DZA,ECCS,1975,-0.57
ASM,ECCS,1975,-0.08
AND,ECCS,1975,0.23
AGO,ECCS,1975,-0.034
AIA,ECCS,1975,-0.232
ATG,ECCS,1975,-0.255
ARG,ECCS,1975,-0.068
ABW,ECCS,1975,-0.136
AUS,ECCS,1975,0.05
AUT,ECCS,1975,0.853
BHS,ECCS,1975,0.502
BHR,ECCS,1975,-0.186
BGD,ECCS,1975,-0.076
BRB,ECCS,1975,-0.593
BLZ,ECCS,1975,0.144
BEN,ECCS,1975,-0.26
BTN,ECCS,1975,0.097
BOL,ECCS,1975,-0.072
BWA,ECCS,1975,-0.229
BRA,ECCS,1975,-0.156
VGB,ECCS,1975,-0.21
BRN,ECCS,1975,0.016
BGR,ECCS,1975,0.38
BFA,ECCS,1975,-0.355
KHM,ECCS,1975,-0.039
CMR,ECCS,1975,-0.196
CAN,ECCS,1975,0.236
CYM,ECCS,1975,1.049
CAF,ECCS,1975,-0.088
TCD,ECCS,1975,-0.177
CHL,ECCS,1975,-0.216
HKG,ECCS,1975,0.167
MAC,ECCS,1975,0.167
CHN,ECCS,1975,0.275
COL,ECCS,1975,-0.285
COM,ECCS,1975,-0.175
COD,ECCS,1975,-0.109
COG,ECCS,1975,-0.135
COK,ECCS,1975,-0.131
CRI,ECCS,1975,-0.19
CUB,ECCS,1975,0.505
CYP,ECCS,1975,-0.233
DNK,ECCS,1975,1.338
DJI,ECCS,1975,0.077
DMA,ECCS,1975,-0.255
DOM,ECCS,1975,-0.049
ECU,ECCS,1975,-0.471
EGY,ECCS,1975,-0.486
SLV,ECCS,1975,0.132
GNQ,ECCS,1975,-0.152
SWZ,ECCS,1975,-0.368
FLK,ECCS,1975,0.128
FRO,ECCS,1975,-0.028
FJI,ECCS,1975,0.199
FIN,ECCS,1975,1.884
FRA,ECCS,1975,0.475
PYF,ECCS,1975,-0.162
GAB,ECCS,1975,-0.111
GMB,ECCS,1975,-0.168
DEU,ECCS,1975,1.096
GHA,ECCS,1975,-0.181
GIB,ECCS,1975,-0.205
GRC,ECCS,1975,-0.252
GRL,ECCS,1975,-1.092
GRD,ECCS,1975,-0.465
GLP,ECCS,1975,-0.244
GTM,ECCS,1975,0.236
GUF,ECCS,1975,-0.302
GIN,ECCS,1975,-0.232
GNB,ECCS,1975,-0.188
GUY,ECCS,1975,-0.304
HTI,ECCS,1975,0.347
VAT,ECCS,1975,-0.131
HND,ECCS,1975,0.105
HUN,ECCS,1975,0.859
ISL,ECCS,1975,-0.448
IND,ECCS,1975,-0.323
IDN,ECCS,1975,-0.114
IRN,ECCS,1975,-0.194
IRQ,ECCS,1975,-0.254
IRL,ECCS,1975,0.697
IMN,ECCS,1975,0.691
ISR,ECCS,1975,-0.439
ITA,ECCS,1975,0.068
JAM,ECCS,1975,0.246
JPN,ECCS,1975,0.043
JOR,ECCS,1975,-0.574
KEN,ECCS,1975,-0.006
KIR,ECCS,1975,-0.234
PRK,ECCS,1975,0.92
KOR,ECCS,1975,0.591
KWT,ECCS,1975,-0.271
LAO,ECCS,1975,0.223
LBN,ECCS,1975,-0.283
LSO,ECCS,1975,-0.151
LBR,ECCS,1975,-0.113
LBY,ECCS,1975,-0.497
LIE,ECCS,1975,0.677
MDG,ECCS,1975,-0.237
MWI,ECCS,1975,-0.123
MYS,ECCS,1975,-0.02
MDV,ECCS,1975,-0.494
MLI,ECCS,1975,-0.472
MLT,ECCS,1975,-0.324
MTQ,ECCS,1975,-0.325
MRT,ECCS,1975,-0.346
MUS,ECCS,1975,-0.202
MYT,ECCS,1975,-0.06
MEX,ECCS,1975,-0.312
MCO,ECCS,1975,0.165
MNG,ECCS,1975,0.501
MSR,ECCS,1975,-0.255
MAR,ECCS,1975,-0.257
MOZ,ECCS,1975,-0.167
MMR,ECCS,1975,0.118
NRU,ECCS,1975,0.226
NPL,ECCS,1975,-0.072
NLD,ECCS,1975,1.036
NCL,ECCS,1975,0.286
NZL,ECCS,1975,0.588
NIC,ECCS,1975,0.013
NER,ECCS,1975,-0.476
NGA,ECCS,1975,-0.277
NIU,ECCS,1975,0.095
NOR,ECCS,1975,1.065
OMN,ECCS,1975,-0.221
PAK,ECCS,1975,-0.581
PAN,ECCS,1975,-0.327
PNG,ECCS,1975,0.019
PRY,ECCS,1975,-0.024
PER,ECCS,1975,-0.261
PHL,ECCS,1975,0.07
PCN,ECCS,1975,0.127
POL,ECCS,1975,1.49
PRT,ECCS,1975,-0.126
PRI,ECCS,1975,-0.134
QAT,ECCS,1975,-0.23
ROU,ECCS,1975,0.802
SPM,ECCS,1975,-0.662
WSM,ECCS,1975,-0.238
SMR,ECCS,1975,0.238
STP,ECCS,1975,-0.092
SAU,ECCS,1975,-0.351
SEN,ECCS,1975,-0.236
SYC,ECCS,1975,-0.233
SLE,ECCS,1975,-0.123
SLB,ECCS,1975,0.025
SOM,ECCS,1975,0.048
ZAF,ECCS,1975,-0.151
ESP,ECCS,1975,-0.102
LKA,ECCS,1975,-0.232
KNA,ECCS,1975,-0.255
LCA,ECCS,1975,-0.437
VCT,ECCS,1975,-0.466
SUR,ECCS,1975,-0.383
SJM,ECCS,1975,0.413
SWE,ECCS,1975,1.573
CHE,ECCS,1975,0.618
SYR,ECCS,1975,-0.207
TWN,ECCS,1975,0.175
TZA,ECCS,1975,-0.046
THA,ECCS,1975,0.073
TLS,ECCS,1975,-0.412
TGO,ECCS,1975,-0.184
TKL,ECCS,1975,-0.293
TON,ECCS,1975,0.071
TTO,ECCS,1975,-0.438
TUN,ECCS,1975,-0.308
TCA,ECCS,1975,0.462
UGA,ECCS,1975,0.009
ARE,ECCS,1975,-0.256
GBR,ECCS,1975,0.603
USA,ECCS,1975,-0.371
VIR,ECCS,1975,-0.198
URY,ECCS,1975,0.01
VUT,ECCS,1975,0.107
VEN,ECCS,1975,-0.283
VNM,ECCS,1975,0.167
WLF,ECCS,1975,-0.019
PSE,ECCS,1975,-0.437
ESH,ECCS,1975,-0.231
YEM,ECCS,1975,-0.083
ZMB,ECCS,1975,-0.155
ZWE,ECCS,1975,-0.258
AFG,ECCS,1976,-0.292
ALB,ECCS,1976,-0.698
DZA,ECCS,1976,-0.816
ASM,ECCS,1976,-0.139
AND,ECCS,1976,-0.052
AGO,ECCS,1976,-0.331
AIA,ECCS,1976,-0.296
ATG,ECCS,1976,-0.294
ARG,ECCS,1976,-0.376
AUS,ECCS,1976,-0.516
AUT,ECCS,1976,0.21
BHS,ECCS,1976,-0.21
BHR,ECCS,1976,-0.466
BGD,ECCS,1976,-0.081
BRB,ECCS,1976,-0.449
BLZ,ECCS,1976,-0.394
BEN,ECCS,1976,-0.182
BTN,ECCS,1976,-0.048
BOL,ECCS,1976,-0.183
BWA,ECCS,1976,-0.706
BRA,ECCS,1976,-0.192
VGB,ECCS,1976,-0.297
BRN,ECCS,1976,-0.141
BGR,ECCS,1976,-0.847
BFA,ECCS,1976,-0.339
CPV,ECCS,1976,-0.341
KHM,ECCS,1976,-0.459
CMR,ECCS,1976,-0.162
CAN,ECCS,1976,0.092
CYM,ECCS,1976,0.022
CAF,ECCS,1976,-0.144
TCD,ECCS,1976,0.225
CHL,ECCS,1976,-0.377
HKG,ECCS,1976,-0.764
MAC,ECCS,1976,-0.764
CHN,ECCS,1976,-0.395
COL,ECCS,1976,-0.202
COM,ECCS,1976,-0.104
COD,ECCS,1976,-0.187
COG,ECCS,1976,-0.244
COK,ECCS,1976,-0.138
CRI,ECCS,1976,0.121
CUB,ECCS,1976,-0.203
CYP,ECCS,1976,-0.746
DNK,ECCS,1976,0.3
DJI,ECCS,1976,-0.063
DMA,ECCS,1976,-0.293
DOM,ECCS,1976,-0.373
ECU,ECCS,1976,0.141
EGY,ECCS,1976,-0.28
SLV,ECCS,1976,-0.086
GNQ,ECCS,1976,-0.309
SWZ,ECCS,1976,-0.393
FLK,ECCS,1976,-0.223
FRO,ECCS,1976,0.504
FJI,ECCS,1976,-0.009
FIN,ECCS,1976,-0.884
FRA,ECCS,1976,0.362
PYF,ECCS,1976,-0.17
GAB,ECCS,1976,-0.314
GMB,ECCS,1976,-0.044
DEU,ECCS,1976,0.466
GHA,ECCS,1976,-0.317
GIB,ECCS,1976,-0.492
GRC,ECCS,1976,-0.913
GRL,ECCS,1976,-0.35
GRD,ECCS,1976,-0.103
GLP,ECCS,1976,-0.294
GTM,ECCS,1976,-0.279
GUF,ECCS,1976,-0.155
GIN,ECCS,1976,-0.224
GNB,ECCS,1976,-0.096
GUY,ECCS,1976,-0.275
HTI,ECCS,1976,-0.334
VAT,ECCS,1976,-0.402
HND,ECCS,1976,-0.117
HUN,ECCS,1976,-0.271
ISL,ECCS,1976,0.331
IND,ECCS,1976,-0.046
IDN,ECCS,1976,0.002
IRN,ECCS,1976,-0.509
IRQ,ECCS,1976,-0.805
IRL,ECCS,1976,0.551
IMN,ECCS,1976,0.657
ISR,ECCS,1976,-0.603
ITA,ECCS,1976,-0.325
JAM,ECCS,1976,-0.344
JPN,ECCS,1976,-0.507
JOR,ECCS,1976,-0.781
KEN,ECCS,1976,0.217
KIR,ECCS,1976,-0.235
PRK,ECCS,1976,-0.32
KOR,ECCS,1976,-0.473
KWT,ECCS,1976,-0.679
LAO,ECCS,1976,-0.572
LBN,ECCS,1976,-0.711
LSO,ECCS,1976,-0.43
LBR,ECCS,1976,-0.193
LBY,ECCS,1976,-0.573
LIE,ECCS,1976,0.292
MDG,ECCS,1976,0.023
MWI,ECCS,1976,-0.068
MYS,ECCS,1976,-0.218
MDV,ECCS,1976,-0.165
MLI,ECCS,1976,-0.375
MLT,ECCS,1976,-0.641
MTQ,ECCS,1976,-0.339
MRT,ECCS,1976,-0.609
MUS,ECCS,1976,-0.043
MEX,ECCS,1976,-0.469
MCO,ECCS,1976,0.007
MNG,ECCS,1976,-0.188
MSR,ECCS,1976,-0.294
MAR,ECCS,1976,-0.858
MOZ,ECCS,1976,-0.144
MMR,ECCS,1976,-0.392
NRU,ECCS,1976,-0.289
NPL,ECCS,1976,0.002
NLD,ECCS,1976,0.712
NCL,ECCS,1976,0.157
NZL,ECCS,1976,-0.511
NIC,ECCS,1976,-0.066
NER,ECCS,1976,0.23
NGA,ECCS,1976,0.056
NIU,ECCS,1976,0.421
NFK,ECCS,1976,-0.179
NOR,ECCS,1976,-0.035
OMN,ECCS,1976,0.224
PAK,ECCS,1976,-0.291
PAN,ECCS,1976,-0.013
PNG,ECCS,1976,-0.336
PRY,ECCS,1976,-0.347
PER,ECCS,1976,-0.118
PHL,ECCS,1976,-0.142
PCN,ECCS,1976,-0.236
POL,ECCS,1976,-0.291
PRT,ECCS,1976,-0.396
PRI,ECCS,1976,-0.336
QAT,ECCS,1976,-0.48
ROU,ECCS,1976,-0.813
SPM,ECCS,1976,-0.09
WSM,ECCS,1976,-0.36
SMR,ECCS,1976,-0.437
STP,ECCS,1976,-0.328
SAU,ECCS,1976,-0.437
SEN,ECCS,1976,-0.065
SYC,ECCS,1976,-0.239
SLE,ECCS,1976,-0.231
SLB,ECCS,1976,-0.084
SOM,ECCS,1976,0.238
ZAF,ECCS,1976,-0.514
ESP,ECCS,1976,-0.386
LKA,ECCS,1976,-0.166
KNA,ECCS,1976,-0.294
LCA,ECCS,1976,-0.275
VCT,ECCS,1976,-0.098
SUR,ECCS,1976,-0.064
SJM,ECCS,1976,0.923
SWE,ECCS,1976,-0.108
CHE,ECCS,1976,0.365
SYR,ECCS,1976,-0.87
TWN,ECCS,1976,-0.611
TZA,ECCS,1976,-0.017
THA,ECCS,1976,-0.543
TLS,ECCS,1976,-0.054
TGO,ECCS,1976,-0.247
TKL,ECCS,1976,0.186
TON,ECCS,1976,-0.179
TTO,ECCS,1976,-0.2
TUN,ECCS,1976,-0.685
TCA,ECCS,1976,-0.146
TUV,ECCS,1976,-0.066
UGA,ECCS,1976,0.094
ARE,ECCS,1976,-0.459
GBR,ECCS,1976,0.729
USA,ECCS,1976,-0.118
VIR,ECCS,1976,-0.303
URY,ECCS,1976,-0.349
VUT,ECCS,1976,0.066
VEN,ECCS,1976,-0.359
VNM,ECCS,1976,-0.57
WLF,ECCS,1976,-0.116
PSE,ECCS,1976,-0.599
ESH,ECCS,1976,-1.01
YEM,ECCS,1976,-0.202
ZMB,ECCS,1976,-0.34
ZWE,ECCS,1976,-0.431
AFG,ECCS,1977,0.478
ALB,ECCS,1977,0.526
DZA,ECCS,1977,0.539
ASM,ECCS,1977,0.187
AND,ECCS,1977,-0.095
AGO,ECCS,1977,0.251
AIA,ECCS,1977,0.276
ATG,ECCS,1977,0.284
ARG,ECCS,1977,0.36
AUS,ECCS,1977,0.176
AUT,ECCS,1977,0.494
BHS,ECCS,1977,0.115
BHR,ECCS,1977,0.371
BGD,ECCS,1977,-0.242
BRB,ECCS,1977,-0.056
BLZ,ECCS,1977,0.119
BEN,ECCS,1977,0.379
BTN,ECCS,1977,-0.045
BOL,ECCS,1977,0.347
BWA,ECCS,1977,0.306
BRA,ECCS,1977,0.246
VGB,ECCS,1977,0.268
BRN,ECCS,1977,0.062
BGR,ECCS,1977,0.555
BFA,ECCS,1977,0.264
KHM,ECCS,1977,0.027
CMR,ECCS,1977,0.331
CAN,ECCS,1977,1.088
CYM,ECCS,1977,0.43
CAF,ECCS,1977,0.268
TCD,ECCS,1977,-0.059
CHL,ECCS,1977,0.232
HKG,ECCS,1977,0.169
MAC,ECCS,1977,0.169
CHN,ECCS,1977,-0.06
COL,ECCS,1977,0.279
COM,ECCS,1977,0.415
COD,ECCS,1977,0.246
COG,ECCS,1977,0.231
COK,ECCS,1977,0.351
CRI,ECCS,1977,0.431
CUB,ECCS,1977,0.152
CYP,ECCS,1977,0.11
DNK,ECCS,1977,-0.016
DJI,ECCS,1977,0.166
DMA,ECCS,1977,0.285
DOM,ECCS,1977,0.325
ECU,ECCS,1977,0.208
EGY,ECCS,1977,-0.136
SLV,ECCS,1977,0.581
GNQ,ECCS,1977,0.201
SWZ,ECCS,1977,0.343
FLK,ECCS,1977,-0.089
FRO,ECCS,1977,-0.315
FJI,ECCS,1977,-0.087
FIN,ECCS,1977,-0.236
FRA,ECCS,1977,0.014
PYF,ECCS,1977,0.304
GAB,ECCS,1977,0.199
GMB,ECCS,1977,0.532
DEU,ECCS,1977,0.281
GHA,ECCS,1977,0.34
GIB,ECCS,1977,-0.186
GRC,ECCS,1977,0.338
GRL,ECCS,1977,1.001
GRD,ECCS,1977,-0.047
GLP,ECCS,1977,0.28
GTM,ECCS,1977,0.33
GUF,ECCS,1977,0.119
GIN,ECCS,1977,0.229
GNB,ECCS,1977,0.399
GUY,ECCS,1977,0.095
HTI,ECCS,1977,0.27
VAT,ECCS,1977,0.306
HND,ECCS,1977,0.44
HUN,ECCS,1977,0.552
ISL,ECCS,1977,-0.291
IND,ECCS,1977,0.127
IDN,ECCS,1977,0.099
IRN,ECCS,1977,0.409
IRQ,ECCS,1977,0.285
IRL,ECCS,1977,-0.293
IMN,ECCS,1977,-0.346
ISR,ECCS,1977,-0.018
ITA,ECCS,1977,0.28
JPN,ECCS,1977,-0.154
JOR,ECCS,1977,-0.023
KEN,ECCS,1977,0.179
KIR,ECCS,1977,0.125
PRK,ECCS,1977,0.169
KOR,ECCS,1977,0.128
KWT,ECCS,1977,0.328
LAO,ECCS,1977,-0.084
LBN,ECCS,1977,0.056
LSO,ECCS,1977,0.289
LBR,ECCS,1977,0.281
LBY,ECCS,1977,0.269
LIE,ECCS,1977,0.269
MDG,ECCS,1977,0.336
MWI,ECCS,1977,0.514
MYS,ECCS,1977,0.071
MDV,ECCS,1977,-0.041
MLI,ECCS,1977,0.367
MLT,ECCS,1977,0.374
MTQ,ECCS,1977,0.216
MRT,ECCS,1977,0.591
MUS,ECCS,1977,0.385
MEX,ECCS,1977,0.027
MCO,ECCS,1977,-0.043
MNG,ECCS,1977,0.085
MSR,ECCS,1977,0.284
MAR,ECCS,1977,0.044
MOZ,ECCS,1977,0.468
MMR,ECCS,1977,-0.076
NRU,ECCS,1977,-0.553
NPL,ECCS,1977,-0.041
NLD,ECCS,1977,0.161
NCL,ECCS,1977,-0.096
NZL,ECCS,1977,-0.387
NIC,ECCS,1977,0.475
NER,ECCS,1977,-0.402
NGA,ECCS,1977,0.319
NIU,ECCS,1977,0.262
NFK,ECCS,1977,-0.246
NOR,ECCS,1977,-0.549
OMN,ECCS,1977,0.545
PAK,ECCS,1977,0.239
PAN,ECCS,1977,0.309
PNG,ECCS,1977,-0.118
PRY,ECCS,1977,0.782
PER,ECCS,1977,0.269
PHL,ECCS,1977,0.284
PCN,ECCS,1977,-0.565
POL,ECCS,1977,0.43
PRT,ECCS,1977,-0.308
PRI,ECCS,1977,0.24
QAT,ECCS,1977,0.375
ROU,ECCS,1977,0.532
SPM,ECCS,1977,-0.103
WSM,ECCS,1977,0.007
SMR,ECCS,1977,0.331
STP,ECCS,1977,0.22
SAU,ECCS,1977,0.163
SEN,ECCS,1977,0.569
SYC,ECCS,1977,0.154
SLE,ECCS,1977,0.166
SLB,ECCS,1977,0.224
SOM,ECCS,1977,0.378
ZAF,ECCS,1977,0.168
ESP,ECCS,1977,-0.181
LKA,ECCS,1977,-0.014
KNA,ECCS,1977,0.284
LCA,ECCS,1977,0.054
VCT,ECCS,1977,-0.051
SUR,ECCS,1977,0.178
SJM,ECCS,1977,-0.274
SWE,ECCS,1977,-0.468
CHE,ECCS,1977,0.17
SYR,ECCS,1977,0.169
TWN,ECCS,1977,0.156
TZA,ECCS,1977,0.286
THA,ECCS,1977,0.047
TGO,ECCS,1977,0.429
TKL,ECCS,1977,0.258
TON,ECCS,1977,-0.025
TTO,ECCS,1977,0.022
TUN,ECCS,1977,0.644
TCA,ECCS,1977,0.389
TUV,ECCS,1977,-0.068
UGA,ECCS,1977,0.23
ARE,ECCS,1977,0.459
GBR,ECCS,1977,-0.325
USA,ECCS,1977,0.39
VIR,ECCS,1977,0.262
URY,ECCS,1977,0.47
VUT,ECCS,1977,-0.041
VEN,ECCS,1977,0.33
VNM,ECCS,1977,-0.126
WLF,ECCS,1977,-0.137
PSE,ECCS,1977,-0.023
ESH,ECCS,1977,0.055
YEM,ECCS,1977,0.239
ZMB,ECCS,1977,0.48
ZWE,ECCS,1977,0.443
AFG,ECCS,1978,0.028
ALB,ECCS,1978,-0.824
DZA,ECCS,1978,0.054
ASM,ECCS,1978,0.124
AND,ECCS,1978,-0.158
AGO,ECCS,1978,0.028
AIA,ECCS,1978,0.367
ATG,ECCS,1978,0.339
ARG,ECCS,1978,0.286
ABW,ECCS,1978,0.595
AUS,ECCS,1978,0.078
AUT,ECCS,1978,-0.477
BHS,ECCS,1978,0.172
BHR,ECCS,1978,0.142
BGD,ECCS,1978,-0.203
BRB,ECCS,1978,0.248
BLZ,ECCS,1978,0.002
BEN,ECCS,1978,-0.01
BTN,ECCS,1978,-0.24
BOL,ECCS,1978,0.398
BWA,ECCS,1978,-0.043
BRA,ECCS,1978,0.014
VGB,ECCS,1978,0.396
BRN,ECCS,1978,0.122
BGR,ECCS,1978,-0.717
BFA,ECCS,1978,0.211
CPV,ECCS,1978,0.282
KHM,ECCS,1978,0.203
CMR,ECCS,1978,0.053
CAN,ECCS,1978,-0.6
CYM,ECCS,1978,0.186
CAF,ECCS,1978,0.08
TCD,ECCS,1978,-0.136
CHL,ECCS,1978,0.234
HKG,ECCS,1978,0.012
MAC,ECCS,1978,0.012
CHN,ECCS,1978,0.239
COL,ECCS,1978,0.163
COM,ECCS,1978,0.139
COD,ECCS,1978,0.119
COG,ECCS,1978,0.091
COK,ECCS,1978,0.297
CRI,ECCS,1978,0.257
CUB,ECCS,1978,0.033
CYP,ECCS,1978,-0.041
DNK,ECCS,1978,0.146
DJI,ECCS,1978,0.179
DMA,ECCS,1978,0.34
DOM,ECCS,1978,0.292
ECU,ECCS,1978,0.096
EGY,ECCS,1978,-0.285
SLV,ECCS,1978,0.264
GNQ,ECCS,1978,-0.004
SWZ,ECCS,1978,0.237
FLK,ECCS,1978,0.228
FRO,ECCS,1978,-0.115
FJI,ECCS,1978,-0.056
FIN,ECCS,1978,-0.533
FRA,ECCS,1978,-0.218
PYF,ECCS,1978,-0.03
GAB,ECCS,1978,0.08
GMB,ECCS,1978,0.445
DEU,ECCS,1978,-0.174
GHA,ECCS,1978,0.12
GIB,ECCS,1978,0.184
GRC,ECCS,1978,-0.547
GRL,ECCS,1978,-0.677
GRD,ECCS,1978,0.086
GLP,ECCS,1978,0.354
GTM,ECCS,1978,0.23
GUF,ECCS,1978,0.15
GIN,ECCS,1978,0.218
GNB,ECCS,1978,0.324
GUY,ECCS,1978,0.022
HTI,ECCS,1978,0.053
VAT,ECCS,1978,-0.631
HND,ECCS,1978,0.235
HUN,ECCS,1978,-0.869
ISL,ECCS,1978,-0.002
IND,ECCS,1978,-0.176
IDN,ECCS,1978,0.066
IRN,ECCS,1978,0.282
IRQ,ECCS,1978,0.108
IRL,ECCS,1978,0.243
IMN,ECCS,1978,0.2
ISR,ECCS,1978,-0.101
ITA,ECCS,1978,-0.544
JPN,ECCS,1978,0.234
JOR,ECCS,1978,-0.031
KEN,ECCS,1978,-0.009
KIR,ECCS,1978,0.225
PRK,ECCS,1978,0.693
KOR,ECCS,1978,0.803
KWT,ECCS,1978,0.0
LAO,ECCS,1978,0.075
LBN,ECCS,1978,-0.008
LSO,ECCS,1978,0.138
LBR,ECCS,1978,0.213
LBY,ECCS,1978,-0.272
LIE,ECCS,1978,-0.345
MDG,ECCS,1978,0.476
MWI,ECCS,1978,0.276
MYS,ECCS,1978,0.171
MDV,ECCS,1978,-0.179
MLI,ECCS,1978,0.371
MLT,ECCS,1978,-0.527
MTQ,ECCS,1978,0.321
MRT,ECCS,1978,0.483
MUS,ECCS,1978,0.118
MYT,ECCS,1978,0.252
MEX,ECCS,1978,0.197
MCO,ECCS,1978,-0.406
MNG,ECCS,1978,0.925
MSR,ECCS,1978,0.339
MAR,ECCS,1978,0.331
MOZ,ECCS,1978,0.36
MMR,ECCS,1978,0.069
NRU,ECCS,1978,0.169
NPL,ECCS,1978,-0.422
NLD,ECCS,1978,-0.067
NCL,ECCS,1978,0.04
NZL,ECCS,1978,0.389
NIC,ECCS,1978,0.237
NER,ECCS,1978,0.146
NGA,ECCS,1978,0.037
NIU,ECCS,1978,0.413
NFK,ECCS,1978,-0.118
NOR,ECCS,1978,-0.099
OMN,ECCS,1978,0.133
PAK,ECCS,1978,-0.172
PAN,ECCS,1978,0.218
PNG,ECCS,1978,0.131
PRY,ECCS,1978,0.723
PER,ECCS,1978,0.111
PHL,ECCS,1978,0.211
PCN,ECCS,1978,-0.105
POL,ECCS,1978,-0.227
PRT,ECCS,1978,0.133
PRI,ECCS,1978,0.379
QAT,ECCS,1978,0.275
ROU,ECCS,1978,-0.828
SPM,ECCS,1978,-0.294
WSM,ECCS,1978,0.027
SMR,ECCS,1978,-0.597
STP,ECCS,1978,0.131
SAU,ECCS,1978,-0.144
SEN,ECCS,1978,0.513
SYC,ECCS,1978,0.326
SLE,ECCS,1978,0.203
SLB,ECCS,1978,0.371
SOM,ECCS,1978,0.025
ZAF,ECCS,1978,0.056
ESP,ECCS,1978,0.078
LKA,ECCS,1978,0.04
KNA,ECCS,1978,0.339
LCA,ECCS,1978,0.215
VCT,ECCS,1978,0.087
SUR,ECCS,1978,0.132
SJM,ECCS,1978,-0.788
SWE,ECCS,1978,-0.077
CHE,ECCS,1978,-0.358
SYR,ECCS,1978,0.154
TWN,ECCS,1978,-0.04
TZA,ECCS,1978,0.057
THA,ECCS,1978,0.23
TLS,ECCS,1978,0.742
TGO,ECCS,1978,0.023
TKL,ECCS,1978,0.251
TON,ECCS,1978,0.162
TTO,ECCS,1978,0.086
TUN,ECCS,1978,-0.343
TCA,ECCS,1978,0.843
TUV,ECCS,1978,0.051
UGA,ECCS,1978,0.159
ARE,ECCS,1978,0.102
GBR,ECCS,1978,0.066
USA,ECCS,1978,0.018
VIR,ECCS,1978,0.396
URY,ECCS,1978,0.074
VUT,ECCS,1978,0.015
VEN,ECCS,1978,0.231
VNM,ECCS,1978,0.011
WLF,ECCS,1978,-0.042
PSE,ECCS,1978,-0.104
ESH,ECCS,1978,0.362
YEM,ECCS,1978,0.141
ZMB,ECCS,1978,0.049
ZWE,ECCS,1978,-0.004
AFG,ECCS,1979,0.335
ALB,ECCS,1979,0.196
DZA,ECCS,1979,0.691
ASM,ECCS,1979,0.372
AND,ECCS,1979,0.048
AGO,ECCS,1979,0.284
AIA,ECCS,1979,0.24
ATG,ECCS,1979,0.313
ARG,ECCS,1979,0.178
AUS,ECCS,1979,0.363
AUT,ECCS,1979,-0.117
BHS,ECCS,1979,0.231
BHR,ECCS,1979,0.905
BGD,ECCS,1979,0.504
BRB,ECCS,1979,0.051
BLZ,ECCS,1979,0.549
BEN,ECCS,1979,0.556
BTN,ECCS,1979,0.384
BOL,ECCS,1979,0.295
BWA,ECCS,1979,0.558
BRA,ECCS,1979,-0.02
VGB,ECCS,1979,0.168
BRN,ECCS,1979,0.169
BGR,ECCS,1979,0.154
BFA,ECCS,1979,0.434
CPV,ECCS,1979,0.642
KHM,ECCS,1979,0.392
CMR,ECCS,1979,0.405
CAN,ECCS,1979,-0.215
CYM,ECCS,1979,0.128
CAF,ECCS,1979,0.423
TCD,ECCS,1979,0.498
CHL,ECCS,1979,0.181
HKG,ECCS,1979,0.025
MAC,ECCS,1979,0.025
CHN,ECCS,1979,0.299
COL,ECCS,1979,0.212
COM,ECCS,1979,0.11
COD,ECCS,1979,0.407
COG,ECCS,1979,0.417
COK,ECCS,1979,0.33
CRI,ECCS,1979,0.195
CUB,ECCS,1979,0.342
CYP,ECCS,1979,0.593
DNK,ECCS,1979,-1.186
DJI,ECCS,1979,0.031
DMA,ECCS,1979,0.31
DOM,ECCS,1979,0.236
ECU,ECCS,1979,0.293
EGY,ECCS,1979,0.583
SLV,ECCS,1979,0.572
GNQ,ECCS,1979,0.364
SWZ,ECCS,1979,0.275
FLK,ECCS,1979,0.644
FRO,ECCS,1979,-0.878
FJI,ECCS,1979,0.058
FIN,ECCS,1979,-0.766
FRA,ECCS,1979,-0.191
PYF,ECCS,1979,0.145
GAB,ECCS,1979,0.396
GMB,ECCS,1979,0.649
DEU,ECCS,1979,-0.64
GHA,ECCS,1979,0.613
GIB,ECCS,1979,0.367
GRC,ECCS,1979,0.185
GRL,ECCS,1979,0.664
GRD,ECCS,1979,0.29
GLP,ECCS,1979,0.276
GTM,ECCS,1979,0.439
GUF,ECCS,1979,0.3
GIN,ECCS,1979,0.519
GNB,ECCS,1979,0.516
GUY,ECCS,1979,0.341
HTI,ECCS,1979,0.138
VAT,ECCS,1979,0.046
HND,ECCS,1979,0.411
HUN,ECCS,1979,0.05
ISL,ECCS,1979,-1.32
IND,ECCS,1979,0.289
IDN,ECCS,1979,0.182
IRN,ECCS,1979,0.691
IRQ,ECCS,1979,1.204
IRL,ECCS,1979,-0.701
IMN,ECCS,1979,-0.786
ISR,ECCS,1979,0.587
ITA,ECCS,1979,0.008
JPN,ECCS,1979,0.463
JOR,ECCS,1979,0.731
KEN,ECCS,1979,0.065
KIR,ECCS,1979,0.144
PRK,ECCS,1979,0.646
KOR,ECCS,1979,0.612
KWT,ECCS,1979,1.28
LAO,ECCS,1979,0.42
LBN,ECCS,1979,0.667
LSO,ECCS,1979,0.341
LBR,ECCS,1979,0.493
LBY,ECCS,1979,0.179
LIE,ECCS,1979,-0.08
MDG,ECCS,1979,0.225
MWI,ECCS,1979,0.107
MYS,ECCS,1979,0.264
MDV,ECCS,1979,0.074
MLI,ECCS,1979,0.659
MLT,ECCS,1979,0.117
MTQ,ECCS,1979,0.255
MRT,ECCS,1979,0.877
MUS,ECCS,1979,0.143
MYT,ECCS,1979,0.181
MEX,ECCS,1979,-0.043
MCO,ECCS,1979,-0.015
MNG,ECCS,1979,0.966
MSR,ECCS,1979,0.313
MAR,ECCS,1979,0.466
MOZ,ECCS,1979,0.114
MMR,ECCS,1979,0.494
NRU,ECCS,1979,0.037
NPL,ECCS,1979,0.331
NLD,ECCS,1979,-0.902
NCL,ECCS,1979,-0.041
NZL,ECCS,1979,0.318
NIC,ECCS,1979,0.255
NER,ECCS,1979,0.666
NGA,ECCS,1979,0.561
NIU,ECCS,1979,0.355
NFK,ECCS,1979,0.015
NOR,ECCS,1979,-1.069
OMN,ECCS,1979,0.117
PAK,ECCS,1979,-0.149
PAN,ECCS,1979,0.24
PNG,ECCS,1979,0.088
PRY,ECCS,1979,0.18
PER,ECCS,1979,0.254
PHL,ECCS,1979,0.371
PCN,ECCS,1979,-0.397
POL,ECCS,1979,-0.77
PRT,ECCS,1979,0.125
PRI,ECCS,1979,0.182
QAT,ECCS,1979,0.918
ROU,ECCS,1979,0.154
SPM,ECCS,1979,0.495
WSM,ECCS,1979,0.183
SMR,ECCS,1979,-0.003
STP,ECCS,1979,0.408
SAU,ECCS,1979,0.901
SEN,ECCS,1979,0.819
SYC,ECCS,1979,0.197
SLE,ECCS,1979,0.489
SGP,ECCS,1979,-0.064
SLB,ECCS,1979,0.211
SOM,ECCS,1979,-0.007
ZAF,ECCS,1979,0.32
ESP,ECCS,1979,0.248
LKA,ECCS,1979,0.279
KNA,ECCS,1979,0.313
LCA,ECCS,1979,0.224
VCT,ECCS,1979,0.292
SUR,ECCS,1979,0.255
SJM,ECCS,1979,-1.118
SWE,ECCS,1979,-1.095
CHE,ECCS,1979,-0.06
SYR,ECCS,1979,0.903
TWN,ECCS,1979,0.015
TZA,ECCS,1979,-0.148
THA,ECCS,1979,0.536
TLS,ECCS,1979,0.27
TGO,ECCS,1979,0.54
TKL,ECCS,1979,0.621
TON,ECCS,1979,0.247
TTO,ECCS,1979,0.237
TUN,ECCS,1979,0.458
TCA,ECCS,1979,0.187
TUV,ECCS,1979,0.229
UGA,ECCS,1979,0.374
ARE,ECCS,1979,0.487
GBR,ECCS,1979,-0.783
USA,ECCS,1979,-0.328
VIR,ECCS,1979,0.169
URY,ECCS,1979,0.111
VUT,ECCS,1979,-0.022
VEN,ECCS,1979,0.335
VNM,ECCS,1979,0.309
WLF,ECCS,1979,0.117
PSE,ECCS,1979,0.581
ESH,ECCS,1979,0.517
YEM,ECCS,1979,0.407
ZMB,ECCS,1979,0.206
ZWE,ECCS,1979,0.202
AFG,ECCS,1980,0.585
ALB,ECCS,1980,-0.418
DZA,ECCS,1980,0.244
ASM,ECCS,1980,0.362
AND,ECCS,1980,-0.203
AGO,ECCS,1980,0.273
AIA,ECCS,1980,0.734
ATG,ECCS,1980,0.739
ARG,ECCS,1980,0.282
ABW,ECCS,1980,0.682
AUS,ECCS,1980,0.871
AUT,ECCS,1980,-0.273
BHS,ECCS,1980,0.339
BHR,ECCS,1980,0.404
BGD,ECCS,1980,0.149
BRB,ECCS,1980,0.535
BLZ,ECCS,1980,0.65
BEN,ECCS,1980,0.475
BTN,ECCS,1980,0.061
BOL,ECCS,1980,0.264
BWA,ECCS,1980,-0.012
BRA,ECCS,1980,0.282
VGB,ECCS,1980,0.729
BRN,ECCS,1980,0.133
BGR,ECCS,1980,-0.462
BFA,ECCS,1980,0.789
CPV,ECCS,1980,0.678
KHM,ECCS,1980,0.317
CMR,ECCS,1980,0.358
CAN,ECCS,1980,0.925
CYM,ECCS,1980,0.488
CAF,ECCS,1980,0.449
TCD,ECCS,1980,0.393
CHL,ECCS,1980,0.259
HKG,ECCS,1980,0.259
MAC,ECCS,1980,0.259
CHN,ECCS,1980,0.254
COL,ECCS,1980,0.483
COM,ECCS,1980,0.15
COD,ECCS,1980,0.287
COG,ECCS,1980,0.304
COK,ECCS,1980,0.448
CRI,ECCS,1980,0.472
CUB,ECCS,1980,0.466
CYP,ECCS,1980,-0.308
DNK,ECCS,1980,-0.436
DJI,ECCS,1980,0.838
DMA,ECCS,1980,0.735
DOM,ECCS,1980,0.763
ECU,ECCS,1980,0.3
EGY,ECCS,1980,-0.096
SLV,ECCS,1980,0.572
GNQ,ECCS,1980,0.319
SWZ,ECCS,1980,-0.086
FLK,ECCS,1980,0.186
FRO,ECCS,1980,0.024
FJI,ECCS,1980,0.065
FIN,ECCS,1980,-0.392
FRA,ECCS,1980,-0.222
PYF,ECCS,1980,0.271
GAB,ECCS,1980,0.323
GMB,ECCS,1980,0.844
DEU,ECCS,1980,-0.186
GHA,ECCS,1980,0.502
GIB,ECCS,1980,0.272
GRC,ECCS,1980,-0.375
GRL,ECCS,1980,1.062
GRD,ECCS,1980,0.318
GLP,ECCS,1980,0.735
GTM,ECCS,1980,0.578
GUF,ECCS,1980,0.397
GIN,ECCS,1980,0.677
GNB,ECCS,1980,0.68
GUY,ECCS,1980,0.38
HTI,ECCS,1980,0.6
VAT,ECCS,1980,-0.596
HND,ECCS,1980,0.472
HUN,ECCS,1980,-0.617
ISL,ECCS,1980,0.323
IND,ECCS,1980,0.388
IDN,ECCS,1980,0.188
IRN,ECCS,1980,0.472
IRQ,ECCS,1980,-0.01
IRL,ECCS,1980,-0.073
IMN,ECCS,1980,-0.042
ISR,ECCS,1980,-0.222
ITA,ECCS,1980,-0.432
JAM,ECCS,1980,0.667
JPN,ECCS,1980,-0.205
JOR,ECCS,1980,-0.144
KEN,ECCS,1980,0.668
KIR,ECCS,1980,0.189
PRK,ECCS,1980,0.01
KOR,ECCS,1980,-0.445
KWT,ECCS,1980,0.42
LAO,ECCS,1980,0.404
LBN,ECCS,1980,-0.254
LSO,ECCS,1980,0.214
LBR,ECCS,1980,0.364
LBY,ECCS,1980,-0.076
LIE,ECCS,1980,-0.155
MDG,ECCS,1980,0.278
MWI,ECCS,1980,0.246
MYS,ECCS,1980,0.137
MDV,ECCS,1980,0.174
MLI,ECCS,1980,0.972
MLT,ECCS,1980,-0.411
MTQ,ECCS,1980,0.714
MRT,ECCS,1980,0.784
MUS,ECCS,1980,0.184
MYT,ECCS,1980,0.31
MEX,ECCS,1980,0.4
MCO,ECCS,1980,-0.348
MNG,ECCS,1980,0.5
MSR,ECCS,1980,0.739
MAR,ECCS,1980,0.55
MOZ,ECCS,1980,0.088
MMR,ECCS,1980,0.267
NRU,ECCS,1980,-0.165
NPL,ECCS,1980,0.18
NLD,ECCS,1980,0.011
NCL,ECCS,1980,0.166
NZL,ECCS,1980,0.009
NIC,ECCS,1980,0.447
NER,ECCS,1980,0.459
NGA,ECCS,1980,0.4
NIU,ECCS,1980,0.279
NFK,ECCS,1980,-0.032
NOR,ECCS,1980,-0.311
OMN,ECCS,1980,-0.032
PAK,ECCS,1980,0.336
PAN,ECCS,1980,0.49
PNG,ECCS,1980,0.104
PRY,ECCS,1980,0.234
PER,ECCS,1980,0.373
PHL,ECCS,1980,0.175
PCN,ECCS,1980,-0.057
POL,ECCS,1980,-0.753
PRT,ECCS,1980,0.235
PRI,ECCS,1980,0.719
QAT,ECCS,1980,0.567
ROU,ECCS,1980,-0.64
SPM,ECCS,1980,-0.175
WSM,ECCS,1980,0.237
SMR,ECCS,1980,-0.459
STP,ECCS,1980,0.287
SAU,ECCS,1980,0.043
SEN,ECCS,1980,0.957
SYC,ECCS,1980,0.229
SLE,ECCS,1980,0.359
SGP,ECCS,1980,0.105
SLB,ECCS,1980,0.143
SOM,ECCS,1980,0.812
ZAF,ECCS,1980,0.236
ESP,ECCS,1980,0.15
LKA,ECCS,1980,0.355
KNA,ECCS,1980,0.739
LCA,ECCS,1980,0.531
VCT,ECCS,1980,0.32
SUR,ECCS,1980,0.352
SJM,ECCS,1980,-0.12
SWE,ECCS,1980,-0.574
CHE,ECCS,1980,-0.189
SYR,ECCS,1980,-0.191
TWN,ECCS,1980,0.261
TZA,ECCS,1980,0.399
THA,ECCS,1980,0.448
TLS,ECCS,1980,0.333
TGO,ECCS,1980,0.545
TKL,ECCS,1980,0.419
TON,ECCS,1980,0.212
TTO,ECCS,1980,0.26
TUN,ECCS,1980,-0.166
TCA,ECCS,1980,0.391
TUV,ECCS,1980,0.271
UGA,ECCS,1980,0.728
ARE,ECCS,1980,0.457
GBR,ECCS,1980,-0.024
USA,ECCS,1980,0.413
VIR,ECCS,1980,0.727
URY,ECCS,1980,0.539
VUT,ECCS,1980,-0.011
VEN,ECCS,1980,0.517
VNM,ECCS,1980,0.26
WLF,ECCS,1980,0.091
PSE,ECCS,1980,-0.227
ESH,ECCS,1980,0.411
YEM,ECCS,1980,0.737
ZMB,ECCS,1980,0.128
ZWE,ECCS,1980,-0.007
AFG,ECCS,1981,0.479
ALB,ECCS,1981,-0.351
DZA,ECCS,1981,0.218
ASM,ECCS,1981,0.19
AND,ECCS,1981,0.165
AGO,ECCS,1981,-0.001
AIA,ECCS,1981,0.698
ATG,ECCS,1981,0.674
ARG,ECCS,1981,0.285
ABW,ECCS,1981,0.438
AUS,ECCS,1981,0.472
AUT,ECCS,1981,0.272
BHS,ECCS,1981,-0.201
BHR,ECCS,1981,0.461
BGD,ECCS,1981,-0.134
BRB,ECCS,1981,0.337
BLZ,ECCS,1981,0.161
BEN,ECCS,1981,0.26
BTN,ECCS,1981,0.205
BOL,ECCS,1981,0.225
BWA,ECCS,1981,-0.394
BRA,ECCS,1981,0.158
VGB,ECCS,1981,0.721
BRN,ECCS,1981,0.074
BGR,ECCS,1981,-0.056
BFA,ECCS,1981,0.27
CPV,ECCS,1981,0.511
KHM,ECCS,1981,0.256
CMR,ECCS,1981,0.04
CAN,ECCS,1981,1.563
CYM,ECCS,1981,-0.094
CAF,ECCS,1981,-0.064
TCD,ECCS,1981,0.125
CHL,ECCS,1981,0.263
HKG,ECCS,1981,0.386
MAC,ECCS,1981,0.386
CHN,ECCS,1981,0.222
COL,ECCS,1981,0.184
COM,ECCS,1981,0.035
COD,ECCS,1981,0.12
COG,ECCS,1981,-0.149
COK,ECCS,1981,0.271
CRI,ECCS,1981,0.193
CUB,ECCS,1981,-0.029
CYP,ECCS,1981,0.073
DNK,ECCS,1981,0.304
DJI,ECCS,1981,0.155
DMA,ECCS,1981,0.675
DOM,ECCS,1981,0.596
ECU,ECCS,1981,-0.176
EGY,ECCS,1981,-0.267
SLV,ECCS,1981,0.194
GNQ,ECCS,1981,0.105
SWZ,ECCS,1981,-0.382
FLK,ECCS,1981,0.186
FRO,ECCS,1981,-0.39
FJI,ECCS,1981,0.038
FIN,ECCS,1981,-0.25
FRA,ECCS,1981,0.092
PYF,ECCS,1981,0.146
GAB,ECCS,1981,-0.101
GMB,ECCS,1981,0.641
DEU,ECCS,1981,0.297
GHA,ECCS,1981,0.241
GIB,ECCS,1981,0.317
GRC,ECCS,1981,-0.188
GRL,ECCS,1981,-0.288
GRD,ECCS,1981,0.334
GLP,ECCS,1981,0.686
GTM,ECCS,1981,0.133
GUF,ECCS,1981,0.406
GIN,ECCS,1981,0.374
GNB,ECCS,1981,0.486
GUY,ECCS,1981,0.291
HTI,ECCS,1981,0.679
VAT,ECCS,1981,-0.522
HND,ECCS,1981,0.18
HUN,ECCS,1981,0.147
ISL,ECCS,1981,-0.98
IND,ECCS,1981,0.059
IDN,ECCS,1981,0.127
IRN,ECCS,1981,0.673
IRQ,ECCS,1981,0.242
IRL,ECCS,1981,0.36
IMN,ECCS,1981,0.28
ISR,ECCS,1981,-0.241
ITA,ECCS,1981,-0.294
JAM,ECCS,1981,0.743
JPN,ECCS,1981,-0.633
JOR,ECCS,1981,-0.198
KEN,ECCS,1981,0.274
KIR,ECCS,1981,0.252
PRK,ECCS,1981,-0.587
KOR,ECCS,1981,-0.739
KWT,ECCS,1981,0.331
LAO,ECCS,1981,0.37
LBN,ECCS,1981,-0.014
LSO,ECCS,1981,-0.239
LBR,ECCS,1981,0.102
LBY,ECCS,1981,-0.024
LIE,ECCS,1981,0.051
MDG,ECCS,1981,0.062
MWI,ECCS,1981,-0.179
MYS,ECCS,1981,0.097
MDV,ECCS,1981,0.071
MLI,ECCS,1981,0.391
MLT,ECCS,1981,-0.269
MTQ,ECCS,1981,0.607
MRT,ECCS,1981,0.754
MUS,ECCS,1981,0.053
MYT,ECCS,1981,0.175
MEX,ECCS,1981,0.176
MCO,ECCS,1981,-0.073
MNG,ECCS,1981,0.234
MSR,ECCS,1981,0.674
MAR,ECCS,1981,0.449
MOZ,ECCS,1981,-0.198
MMR,ECCS,1981,0.26
NRU,ECCS,1981,-0.04
NPL,ECCS,1981,0.004
NLD,ECCS,1981,0.337
NCL,ECCS,1981,0.145
NZL,ECCS,1981,0.429
NIC,ECCS,1981,0.277
NER,ECCS,1981,-0.029
NGA,ECCS,1981,0.201
NIU,ECCS,1981,0.08
NFK,ECCS,1981,0.195
NOR,ECCS,1981,-0.491
OMN,ECCS,1981,0.304
PAK,ECCS,1981,0.204
PAN,ECCS,1981,0.303
PNG,ECCS,1981,0.186
PRY,ECCS,1981,0.477
PER,ECCS,1981,0.06
PHL,ECCS,1981,0.278
PCN,ECCS,1981,0.005
POL,ECCS,1981,0.444
PRT,ECCS,1981,0.512
PRI,ECCS,1981,0.69
QAT,ECCS,1981,0.615
ROU,ECCS,1981,0.042
SPM,ECCS,1981,1.034
WSM,ECCS,1981,0.035
SMR,ECCS,1981,-0.343
STP,ECCS,1981,0.205
SAU,ECCS,1981,0.059
SEN,ECCS,1981,0.773
SYC,ECCS,1981,0.133
SLE,ECCS,1981,0.194
SLB,ECCS,1981,0.432
SOM,ECCS,1981,0.128
ZAF,ECCS,1981,-0.345
ESP,ECCS,1981,0.317
LKA,ECCS,1981,0.104
KNA,ECCS,1981,0.674
LCA,ECCS,1981,0.445
VCT,ECCS,1981,0.336
SUR,ECCS,1981,0.386
SJM,ECCS,1981,-1.067
SWE,ECCS,1981,-0.233
CHE,ECCS,1981,-0.009
SYR,ECCS,1981,0.133
TWN,ECCS,1981,-0.028
TZA,ECCS,1981,0.315
THA,ECCS,1981,0.251
TLS,ECCS,1981,0.679
TGO,ECCS,1981,0.279
TKL,ECCS,1981,0.358
TON,ECCS,1981,0.141
TTO,ECCS,1981,0.277
TUN,ECCS,1981,0.107
TUV,ECCS,1981,0.128
UGA,ECCS,1981,0.556
ARE,ECCS,1981,0.33
GBR,ECCS,1981,0.171
USA,ECCS,1981,0.873
VIR,ECCS,1981,0.719
URY,ECCS,1981,0.478
VUT,ECCS,1981,-0.039
VEN,ECCS,1981,0.353
VNM,ECCS,1981,0.378
WLF,ECCS,1981,0.051
PSE,ECCS,1981,-0.245
ESH,ECCS,1981,0.554
YEM,ECCS,1981,-0.053
ZMB,ECCS,1981,-0.146
ZWE,ECCS,1981,-0.364
AFG,ECCS,1982,-0.356
ALB,ECCS,1982,0.174
DZA,ECCS,1982,0.396
ASM,ECCS,1982,0.289
AND,ECCS,1982,1.04
AGO,ECCS,1982,0.214
AIA,ECCS,1982,0.286
ATG,ECCS,1982,0.265
ARG,ECCS,1982,0.272
ABW,ECCS,1982,0.387
AUS,ECCS,1982,0.166
AUT,ECCS,1982,0.382
BHS,ECCS,1982,0.447
BHR,ECCS,1982,-0.109
BGD,ECCS,1982,0.014
BRB,ECCS,1982,0.206
BLZ,ECCS,1982,0.778
BEN,ECCS,1982,0.305
BTN,ECCS,1982,-0.098
BOL,ECCS,1982,0.308
BWA,ECCS,1982,0.331
BRA,ECCS,1982,0.259
VGB,ECCS,1982,0.306
BRN,ECCS,1982,0.064
BGR,ECCS,1982,-0.146
BFA,ECCS,1982,0.172
BDI,ECCS,1982,0.457
CPV,ECCS,1982,0.753
KHM,ECCS,1982,0.045
CMR,ECCS,1982,0.019
CAN,ECCS,1982,-0.66
CYM,ECCS,1982,0.459
CAF,ECCS,1982,0.121
TCD,ECCS,1982,0.365
CHL,ECCS,1982,0.26
HKG,ECCS,1982,0.071
MAC,ECCS,1982,0.071
CHN,ECCS,1982,0.384
COL,ECCS,1982,0.251
COM,ECCS,1982,0.478
COD,ECCS,1982,0.146
COG,ECCS,1982,-0.161
COK,ECCS,1982,0.242
CRI,ECCS,1982,0.535
CUB,ECCS,1982,0.548
CYP,ECCS,1982,-0.341
DNK,ECCS,1982,0.005
DJI,ECCS,1982,0.242
DMA,ECCS,1982,0.267
DOM,ECCS,1982,0.324
ECU,ECCS,1982,0.34
EGY,ECCS,1982,-0.379
SLV,ECCS,1982,0.506
GNQ,ECCS,1982,-0.089
SWZ,ECCS,1982,0.262
FRO,ECCS,1982,0.185
FJI,ECCS,1982,0.033
FIN,ECCS,1982,-0.165
FRA,ECCS,1982,0.805
PYF,ECCS,1982,0.327
GAB,ECCS,1982,-0.33
GMB,ECCS,1982,0.378
DEU,ECCS,1982,0.439
GHA,ECCS,1982,0.219
GIB,ECCS,1982,0.432
GRC,ECCS,1982,-0.245
GRL,ECCS,1982,-0.617
GRD,ECCS,1982,0.124
GLP,ECCS,1982,0.276
GTM,ECCS,1982,0.593
GUF,ECCS,1982,0.345
GIN,ECCS,1982,0.264
GNB,ECCS,1982,0.369
GUY,ECCS,1982,0.306
HTI,ECCS,1982,0.468
VAT,ECCS,1982,0.525
HND,ECCS,1982,0.526
HUN,ECCS,1982,0.105
ISL,ECCS,1982,-0.334
IND,ECCS,1982,-0.021
IDN,ECCS,1982,-0.074
IRN,ECCS,1982,-0.138
IRQ,ECCS,1982,-0.414
IRL,ECCS,1982,0.136
IMN,ECCS,1982,0.063
ISR,ECCS,1982,-0.593
ITA,ECCS,1982,0.491
JAM,ECCS,1982,0.419
JPN,ECCS,1982,-0.042
JOR,ECCS,1982,-0.733
KEN,ECCS,1982,0.316
KIR,ECCS,1982,0.22
PRK,ECCS,1982,0.913
KOR,ECCS,1982,0.448
KWT,ECCS,1982,-0.223
LAO,ECCS,1982,0.1
LBN,ECCS,1982,-0.528
LSO,ECCS,1982,0.317
LBR,ECCS,1982,0.184
LBY,ECCS,1982,0.116
LIE,ECCS,1982,0.553
MDG,ECCS,1982,0.237
MWI,ECCS,1982,-0.045
MYS,ECCS,1982,0.064
MDV,ECCS,1982,0.255
MLI,ECCS,1982,0.276
MLT,ECCS,1982,0.692
MTQ,ECCS,1982,0.249
MRT,ECCS,1982,0.417
MUS,ECCS,1982,0.222
MYT,ECCS,1982,0.497
MEX,ECCS,1982,0.576
MCO,ECCS,1982,0.539
MNG,ECCS,1982,1.159
MSR,ECCS,1982,0.265
MAR,ECCS,1982,0.435
MOZ,ECCS,1982,-0.028
MMR,ECCS,1982,0.037
NRU,ECCS,1982,-0.412
NPL,ECCS,1982,-0.063
NLD,ECCS,1982,0.467
NCL,ECCS,1982,0.043
NZL,ECCS,1982,-0.061
NIC,ECCS,1982,0.475
NER,ECCS,1982,0.312
NGA,ECCS,1982,0.38
NIU,ECCS,1982,0.291
NFK,ECCS,1982,-0.042
NOR,ECCS,1982,-0.05
OMN,ECCS,1982,-0.565
PAK,ECCS,1982,-0.461
PAN,ECCS,1982,0.424
PNG,ECCS,1982,-0.189
PRY,ECCS,1982,0.435
PER,ECCS,1982,0.172
PHL,ECCS,1982,0.178
PCN,ECCS,1982,0.101
POL,ECCS,1982,0.331
PRT,ECCS,1982,0.517
PRI,ECCS,1982,0.294
QAT,ECCS,1982,-0.205
ROU,ECCS,1982,-0.061
RWA,ECCS,1982,0.457
SPM,ECCS,1982,-0.439
WSM,ECCS,1982,0.227
SMR,ECCS,1982,0.389
STP,ECCS,1982,-0.017
SAU,ECCS,1982,-0.434
SEN,ECCS,1982,0.355
SYC,ECCS,1982,0.343
SLE,ECCS,1982,0.265
SLB,ECCS,1982,-0.11
SOM,ECCS,1982,0.425
ZAF,ECCS,1982,0.201
ESP,ECCS,1982,0.683
LKA,ECCS,1982,0.102
KNA,ECCS,1982,0.265
LCA,ECCS,1982,0.19
VCT,ECCS,1982,0.127
SUR,ECCS,1982,0.391
SJM,ECCS,1982,-0.657
SWE,ECCS,1982,-0.138
CHE,ECCS,1982,0.583
SYR,ECCS,1982,-0.55
TWN,ECCS,1982,-0.103
TZA,ECCS,1982,0.346
THA,ECCS,1982,0.076
TLS,ECCS,1982,-0.479
TGO,ECCS,1982,0.29
TKL,ECCS,1982,0.399
TON,ECCS,1982,0.185
TTO,ECCS,1982,0.051
TUN,ECCS,1982,0.837
TUV,ECCS,1982,0.005
UGA,ECCS,1982,0.471
ARE,ECCS,1982,-0.474
GBR,ECCS,1982,0.112
USA,ECCS,1982,-0.346
VIR,ECCS,1982,0.304
URY,ECCS,1982,0.55
VUT,ECCS,1982,-0.111
VEN,ECCS,1982,0.197
VNM,ECCS,1982,0.089
WLF,ECCS,1982,-0.046
PSE,ECCS,1982,-0.591
ESH,ECCS,1982,0.334
YEM,ECCS,1982,-0.108
ZMB,ECCS,1982,0.292
ZWE,ECCS,1982,0.13
AFG,ECCS,1983,0.147
ALB,ECCS,1983,-0.12
DZA,ECCS,1983,0.545
ASM,ECCS,1983,0.322
AND,ECCS,1983,0.837
AGO,ECCS,1983,0.567
AIA,ECCS,1983,0.643
ATG,ECCS,1983,0.715
ARG,ECCS,1983,-0.032
ABW,ECCS,1983,0.719
AUS,ECCS,1983,0.609
AUT,ECCS,1983,1.06
BHS,ECCS,1983,0.137
BHR,ECCS,1983,-0.871
BGD,ECCS,1983,-0.041
BRB,ECCS,1983,0.332
BLZ,ECCS,1983,0.938
BEN,ECCS,1983,0.632
BTN,ECCS,1983,-0.227
BOL,ECCS,1983,0.458
BWA,ECCS,1983,1.01
BRA,ECCS,1983,0.467
VGB,ECCS,1983,0.571
BRN,ECCS,1983,0.497
BGR,ECCS,1983,0.38
BFA,ECCS,1983,0.715
BDI,ECCS,1983,0.705
CPV,ECCS,1983,0.754
KHM,ECCS,1983,0.417
CMR,ECCS,1983,0.156
CAN,ECCS,1983,0.511
CYM,ECCS,1983,0.227
CAF,ECCS,1983,0.336
TCD,ECCS,1983,0.051
CHL,ECCS,1983,0.422
HKG,ECCS,1983,-0.18
MAC,ECCS,1983,-0.18
CHN,ECCS,1983,0.124
COL,ECCS,1983,0.684
COM,ECCS,1983,0.299
COD,ECCS,1983,0.52
COG,ECCS,1983,0.329
COK,ECCS,1983,0.451
CRI,ECCS,1983,1.073
CUB,ECCS,1983,0.25
CYP,ECCS,1983,-0.808
DNK,ECCS,1983,1.067
DJI,ECCS,1983,0.383
DMA,ECCS,1983,0.712
DOM,ECCS,1983,0.692
ECU,ECCS,1983,0.842
EGY,ECCS,1983,-1.09
SLV,ECCS,1983,0.833
GNQ,ECCS,1983,0.152
SWZ,ECCS,1983,1.008
FRO,ECCS,1983,-0.317
FJI,ECCS,1983,-0.035
FIN,ECCS,1983,0.955
FRA,ECCS,1983,0.712
PYF,ECCS,1983,0.192
GAB,ECCS,1983,0.196
GMB,ECCS,1983,1.236
DEU,ECCS,1983,1.071
GHA,ECCS,1983,0.746
GIB,ECCS,1983,0.329
GRC,ECCS,1983,-0.494
GRL,ECCS,1983,-2.421
GRD,ECCS,1983,0.38
GLP,ECCS,1983,0.678
GTM,ECCS,1983,0.79
GUF,ECCS,1983,0.741
GIN,ECCS,1983,0.699
GNB,ECCS,1983,1.055
GUY,ECCS,1983,0.386
HTI,ECCS,1983,0.693
VAT,ECCS,1983,0.189
HND,ECCS,1983,0.675
HUN,ECCS,1983,0.993
ISL,ECCS,1983,-0.935
IND,ECCS,1983,-0.136
IDN,ECCS,1983,0.348
IRN,ECCS,1983,-0.145
IRQ,ECCS,1983,-0.814
IRL,ECCS,1983,0.388
IMN,ECCS,1983,0.37
ISR,ECCS,1983,-1.089
ITA,ECCS,1983,0.365
JAM,ECCS,1983,0.769
JPN,ECCS,1983,0.108
JOR,ECCS,1983,-1.116
KEN,ECCS,1983,0.595
KIR,ECCS,1983,0.17
PRK,ECCS,1983,0.592
KOR,ECCS,1983,0.478
KWT,ECCS,1983,-0.697
LAO,ECCS,1983,0.2
LBN,ECCS,1983,-0.987
LSO,ECCS,1983,1.002
LBR,ECCS,1983,0.443
LBY,ECCS,1983,-0.292
LIE,ECCS,1983,0.953
MDG,ECCS,1983,0.396
MWI,ECCS,1983,0.787
MYS,ECCS,1983,0.493
MDV,ECCS,1983,0.405
MLI,ECCS,1983,0.84
MLT,ECCS,1983,0.107
MTQ,ECCS,1983,0.644
MRT,ECCS,1983,1.448
MUS,ECCS,1983,0.05
MYT,ECCS,1983,0.261
MEX,ECCS,1983,0.011
MCO,ECCS,1983,0.472
MNG,ECCS,1983,0.626
MSR,ECCS,1983,0.715
MAR,ECCS,1983,0.73
MOZ,ECCS,1983,0.857
MMR,ECCS,1983,0.141
NPL,ECCS,1983,-0.315
NLD,ECCS,1983,0.87
NCL,ECCS,1983,0.551
NZL,ECCS,1983,-0.293
NIC,ECCS,1983,0.771
NER,ECCS,1983,-0.062
NGA,ECCS,1983,0.303
NIU,ECCS,1983,0.553
NFK,ECCS,1983,0.269
NOR,ECCS,1983,0.637
OMN,ECCS,1983,-0.582
PAK,ECCS,1983,-0.487
PAN,ECCS,1983,0.967
PNG,ECCS,1983,0.264
PRY,ECCS,1983,-0.302
PER,ECCS,1983,1.244
PHL,ECCS,1983,0.639
PCN,ECCS,1983,-0.554
POL,ECCS,1983,1.458
PRT,ECCS,1983,0.238
PRI,ECCS,1983,0.614
QAT,ECCS,1983,-0.902
ROU,ECCS,1983,0.831
RWA,ECCS,1983,0.82
SPM,ECCS,1983,0.808
WSM,ECCS,1983,0.27
SMR,ECCS,1983,0.411
STP,ECCS,1983,0.157
SAU,ECCS,1983,-0.899
SEN,ECCS,1983,1.275
SYC,ECCS,1983,0.409
SLE,ECCS,1983,0.514
SGP,ECCS,1983,0.22
SLB,ECCS,1983,0.237
SOM,ECCS,1983,0.557
ZAF,ECCS,1983,0.68
ESP,ECCS,1983,0.526
LKA,ECCS,1983,0.602
KNA,ECCS,1983,0.715
LCA,ECCS,1983,0.481
VCT,ECCS,1983,0.385
SUR,ECCS,1983,0.598
SJM,ECCS,1983,0.045
SWE,ECCS,1983,0.91
CHE,ECCS,1983,0.873
SYR,ECCS,1983,-0.867
TWN,ECCS,1983,0.307
TZA,ECCS,1983,0.624
THA,ECCS,1983,0.385
TLS,ECCS,1983,0.285
TGO,ECCS,1983,0.764
TKL,ECCS,1983,0.275
TON,ECCS,1983,0.09
TTO,ECCS,1983,0.259
TUN,ECCS,1983,0.259
TUV,ECCS,1983,-0.065
UGA,ECCS,1983,0.75
ARE,ECCS,1983,-0.829
GBR,ECCS,1983,0.343
USA,ECCS,1983,0.548
VIR,ECCS,1983,0.577
URY,ECCS,1983,-0.065
VUT,ECCS,1983,0.095
VEN,ECCS,1983,0.482
VNM,ECCS,1983,-0.015
WLF,ECCS,1983,-0.051
PSE,ECCS,1983,-1.093
ESH,ECCS,1983,0.735
YEM,ECCS,1983,0.025
ZMB,ECCS,1983,0.945
ZWE,ECCS,1983,1.176
AFG,ECCS,1984,0.129
ALB,ECCS,1984,-0.267
DZA,ECCS,1984,0.025
ASM,ECCS,1984,0.286
AND,ECCS,1984,-0.183
AGO,ECCS,1984,0.717
AIA,ECCS,1984,0.152
ATG,ECCS,1984,0.113
ARG,ECCS,1984,-0.165
AUS,ECCS,1984,-0.187
AUT,ECCS,1984,-0.25
BHS,ECCS,1984,0.021
BHR,ECCS,1984,0.007
BGD,ECCS,1984,-0.214
BRB,ECCS,1984,-0.009
BLZ,ECCS,1984,0.455
BEN,ECCS,1984,0.64
BTN,ECCS,1984,0.035
BOL,ECCS,1984,0.28
BWA,ECCS,1984,0.491
BRA,ECCS,1984,0.299
VGB,ECCS,1984,0.192
BRN,ECCS,1984,-0.175
BGR,ECCS,1984,-0.031
BFA,ECCS,1984,0.783
KHM,ECCS,1984,0.061
CMR,ECCS,1984,0.191
CAN,ECCS,1984,0.361
CYM,ECCS,1984,0.098
CAF,ECCS,1984,-0.001
TCD,ECCS,1984,0.546
CHL,ECCS,1984,-0.183
HKG,ECCS,1984,-0.516
MAC,ECCS,1984,-0.516
CHN,ECCS,1984,-0.15
COL,ECCS,1984,-0.165
COM,ECCS,1984,-0.497
COD,ECCS,1984,0.126
COG,ECCS,1984,0.133
COK,ECCS,1984,0.288
CRI,ECCS,1984,0.098
CUB,ECCS,1984,0.231
CYP,ECCS,1984,-0.02
DNK,ECCS,1984,0.386
DJI,ECCS,1984,-0.007
DMA,ECCS,1984,0.111
DOM,ECCS,1984,0.296
ECU,ECCS,1984,-0.221
EGY,ECCS,1984,-0.193
SLV,ECCS,1984,0.204
GNQ,ECCS,1984,0.221
SWZ,ECCS,1984,0.034
FRO,ECCS,1984,0.431
FJI,ECCS,1984,0.338
FIN,ECCS,1984,0.751
FRA,ECCS,1984,-0.086
PYF,ECCS,1984,0.401
GAB,ECCS,1984,0.187
GMB,ECCS,1984,0.617
DEU,ECCS,1984,-0.11
GHA,ECCS,1984,0.684
GIB,ECCS,1984,-0.201
GRC,ECCS,1984,-0.123
GRL,ECCS,1984,-1.923
GRD,ECCS,1984,-0.044
GLP,ECCS,1984,0.132
GTM,ECCS,1984,0.253
GUF,ECCS,1984,0.035
GIN,ECCS,1984,0.43
GNB,ECCS,1984,0.562
GUY,ECCS,1984,-0.295
HTI,ECCS,1984,0.332
VAT,ECCS,1984,-0.555
HND,ECCS,1984,0.215
HUN,ECCS,1984,-0.148
ISL,ECCS,1984,0.119
IND,ECCS,1984,-0.121
IDN,ECCS,1984,-0.197
IRN,ECCS,1984,0.087
IRQ,ECCS,1984,0.038
IRL,ECCS,1984,0.321
IMN,ECCS,1984,0.343
ISR,ECCS,1984,-0.24
ITA,ECCS,1984,-0.464
JAM,ECCS,1984,0.298
JPN,ECCS,1984,-0.605
JOR,ECCS,1984,-0.277
KEN,ECCS,1984,0.19
KIR,ECCS,1984,-0.097
PRK,ECCS,1984,-0.149
KOR,ECCS,1984,-0.26
KWT,ECCS,1984,0.259
LAO,ECCS,1984,0.008
LBN,ECCS,1984,-0.118
LSO,ECCS,1984,0.345
LBR,ECCS,1984,0.319
LBY,ECCS,1984,-0.083
LIE,ECCS,1984,-0.359
MDG,ECCS,1984,-0.168
MWI,ECCS,1984,0.211
MYS,ECCS,1984,-0.158
MDV,ECCS,1984,0.076
MLI,ECCS,1984,0.591
MLT,ECCS,1984,-0.191
MTQ,ECCS,1984,0.091
MRT,ECCS,1984,0.423
MUS,ECCS,1984,-0.539
MYT,ECCS,1984,-0.501
MEX,ECCS,1984,-0.115
MCO,ECCS,1984,-0.623
MNG,ECCS,1984,-0.329
MSR,ECCS,1984,0.113
MAR,ECCS,1984,0.222
MOZ,ECCS,1984,0.225
MMR,ECCS,1984,0.091
NRU,ECCS,1984,-0.251
NPL,ECCS,1984,0.032
NLD,ECCS,1984,0.068
NCL,ECCS,1984,0.164
NZL,ECCS,1984,0.174
NIC,ECCS,1984,0.189
NER,ECCS,1984,0.529
NGA,ECCS,1984,0.838
NIU,ECCS,1984,0.654
NFK,ECCS,1984,0.149
NOR,ECCS,1984,0.537
OMN,ECCS,1984,-0.537
PAK,ECCS,1984,-0.318
PAN,ECCS,1984,0.038
PNG,ECCS,1984,0.164
PRY,ECCS,1984,0.508
PER,ECCS,1984,0.211
PHL,ECCS,1984,0.206
PCN,ECCS,1984,0.285
POL,ECCS,1984,0.247
PRT,ECCS,1984,-0.177
PRI,ECCS,1984,0.203
QAT,ECCS,1984,-0.012
ROU,ECCS,1984,-0.136
SPM,ECCS,1984,0.199
WSM,ECCS,1984,0.054
SMR,ECCS,1984,-0.585
STP,ECCS,1984,0.367
SAU,ECCS,1984,-0.363
SEN,ECCS,1984,0.631
SYC,ECCS,1984,-0.399
SLE,ECCS,1984,0.343
SGP,ECCS,1984,-0.481
SLB,ECCS,1984,0.2
SOM,ECCS,1984,0.072
ZAF,ECCS,1984,0.508
ESP,ECCS,1984,-0.19
LKA,ECCS,1984,-0.065
KNA,ECCS,1984,0.113
LCA,ECCS,1984,0.02
VCT,ECCS,1984,-0.042
SUR,ECCS,1984,-0.095
SJM,ECCS,1984,1.895
SWE,ECCS,1984,0.581
CHE,ECCS,1984,-0.324
SYR,ECCS,1984,-0.012
TWN,ECCS,1984,-0.509
TZA,ECCS,1984,0.039
THA,ECCS,1984,0.038
TLS,ECCS,1984,0.032
TGO,ECCS,1984,0.684
TKL,ECCS,1984,0.205
TON,ECCS,1984,0.305
TTO,ECCS,1984,-0.108
TUN,ECCS,1984,-0.081
TUV,ECCS,1984,0.074
UGA,ECCS,1984,0.411
ARE,ECCS,1984,-0.304
GBR,ECCS,1984,0.333
USA,ECCS,1984,-0.23
VIR,ECCS,1984,0.193
URY,ECCS,1984,0.101
VUT,ECCS,1984,0.001
VEN,ECCS,1984,-0.027
VNM,ECCS,1984,-0.225
WLF,ECCS,1984,-0.079
PSE,ECCS,1984,-0.234
ESH,ECCS,1984,0.391
YEM,ECCS,1984,0.227
ZMB,ECCS,1984,0.488
ZWE,ECCS,1984,0.445
AFG,ECCS,1985,0.25
ALB,ECCS,1985,-0.098
DZA,ECCS,1985,0.532
ASM,ECCS,1985,0.264
AND,ECCS,1985,0.031
AGO,ECCS,1985,0.722
AIA,ECCS,1985,0.038
ATG,ECCS,1985,0.086
ARG,ECCS,1985,0.237
ABW,ECCS,1985,0.006
AUS,ECCS,1985,0.306
AUT,ECCS,1985,-0.572
BHS,ECCS,1985,0.252
BHR,ECCS,1985,0.355
BGD,ECCS,1985,0.161
BRB,ECCS,1985,-0.189
BLZ,ECCS,1985,0.642
BEN,ECCS,1985,0.501
BTN,ECCS,1985,0.276
BOL,ECCS,1985,0.368
BWA,ECCS,1985,0.345
BRA,ECCS,1985,0.09
VGB,ECCS,1985,-0.011
BRN,ECCS,1985,0.083
BGR,ECCS,1985,-0.614
BFA,ECCS,1985,0.475
CPV,ECCS,1985,0.344
KHM,ECCS,1985,0.208
CMR,ECCS,1985,0.092
CAN,ECCS,1985,-0.291
CYM,ECCS,1985,0.008
CAF,ECCS,1985,0.06
TCD,ECCS,1985,0.259
CHL,ECCS,1985,0.265
HKG,ECCS,1985,-0.296
MAC,ECCS,1985,-0.296
CHN,ECCS,1985,-0.125
COL,ECCS,1985,0.044
COD,ECCS,1985,0.098
COG,ECCS,1985,-0.18
COK,ECCS,1985,0.272
CRI,ECCS,1985,0.027
CUB,ECCS,1985,0.168
CYP,ECCS,1985,-0.099
DNK,ECCS,1985,-0.997
DJI,ECCS,1985,0.136
DMA,ECCS,1985,0.085
DOM,ECCS,1985,0.105
ECU,ECCS,1985,-0.308
EGY,ECCS,1985,0.23
SLV,ECCS,1985,0.272
GNQ,ECCS,1985,-0.011
SWZ,ECCS,1985,0.599
FRO,ECCS,1985,-0.186
FJI,ECCS,1985,0.277
FIN,ECCS,1985,-1.179
FRA,ECCS,1985,-0.333
PYF,ECCS,1985,0.139
GAB,ECCS,1985,-0.189
GMB,ECCS,1985,0.337
DEU,ECCS,1985,-0.799
GHA,ECCS,1985,0.392
GIB,ECCS,1985,0.544
GRC,ECCS,1985,-0.057
GRL,ECCS,1985,0.973
GRD,ECCS,1985,-0.583
GLP,ECCS,1985,0.062
GTM,ECCS,1985,0.272
GUF,ECCS,1985,0.081
GIN,ECCS,1985,0.442
GNB,ECCS,1985,0.379
GUY,ECCS,1985,-0.251
HTI,ECCS,1985,0.28
VAT,ECCS,1985,0.27
HND,ECCS,1985,0.208
HUN,ECCS,1985,-1.064
ISL,ECCS,1985,0.079
IND,ECCS,1985,0.202
IDN,ECCS,1985,0.043
IRN,ECCS,1985,0.192
IRQ,ECCS,1985,0.032
IRL,ECCS,1985,-0.455
IMN,ECCS,1985,-0.503
ISR,ECCS,1985,-0.012
ITA,ECCS,1985,0.12
JAM,ECCS,1985,0.332
JPN,ECCS,1985,0.13
JOR,ECCS,1985,-0.049
KEN,ECCS,1985,-0.014
KIR,ECCS,1985,0.103
PRK,ECCS,1985,0.15
KOR,ECCS,1985,0.287
KWT,ECCS,1985,0.028
LAO,ECCS,1985,0.195
LBN,ECCS,1985,-0.045
LSO,ECCS,1985,0.804
LBR,ECCS,1985,0.227
LBY,ECCS,1985,0.039
LIE,ECCS,1985,-0.324
MDG,ECCS,1985,0.042
MWI,ECCS,1985,-0.046
MYS,ECCS,1985,0.044
MDV,ECCS,1985,0.044
MLI,ECCS,1985,0.518
MLT,ECCS,1985,0.51
MTQ,ECCS,1985,0.046
MRT,ECCS,1985,0.428
MUS,ECCS,1985,-0.366
MYT,ECCS,1985,-0.195
MEX,ECCS,1985,0.084
MCO,ECCS,1985,-0.121
MNG,ECCS,1985,-0.423
MSR,ECCS,1985,0.086
MAR,ECCS,1985,0.819
MOZ,ECCS,1985,0.027
MMR,ECCS,1985,0.191
NRU,ECCS,1985,-0.183
NPL,ECCS,1985,0.417
NLD,ECCS,1985,-0.844
NCL,ECCS,1985,0.344
NZL,ECCS,1985,0.395
NIC,ECCS,1985,0.029
NER,ECCS,1985,0.217
NGA,ECCS,1985,0.443
NIU,ECCS,1985,0.459
NFK,ECCS,1985,0.212
NOR,ECCS,1985,-0.591
OMN,ECCS,1985,0.016
PAK,ECCS,1985,0.123
PAN,ECCS,1985,-0.082
PNG,ECCS,1985,0.076
PRY,ECCS,1985,0.438
PER,ECCS,1985,0.114
PHL,ECCS,1985,0.364
PCN,ECCS,1985,0.248
POL,ECCS,1985,-1.035
PRT,ECCS,1985,0.466
PRI,ECCS,1985,-0.017
QAT,ECCS,1985,0.329
ROU,ECCS,1985,-1.194
SPM,ECCS,1985,-0.975
WSM,ECCS,1985,0.062
SMR,ECCS,1985,0.175
STP,ECCS,1985,0.069
SAU,ECCS,1985,-0.046
SEN,ECCS,1985,0.484
SYC,ECCS,1985,-0.218
SLE,ECCS,1985,0.243
SGP,ECCS,1985,-0.088
SLB,ECCS,1985,0.108
SOM,ECCS,1985,0.094
ZAF,ECCS,1985,0.633
ESP,ECCS,1985,0.456
LKA,ECCS,1985,0.045
KNA,ECCS,1985,0.086
LCA,ECCS,1985,-0.242
VCT,ECCS,1985,-0.587
SUR,ECCS,1985,0.097
SJM,ECCS,1985,1.787
SWE,ECCS,1985,-1.035
CHE,ECCS,1985,-0.322
SYR,ECCS,1985,-0.043
TWN,ECCS,1985,-0.022
TZA,ECCS,1985,-0.014
THA,ECCS,1985,0.231
TLS,ECCS,1985,0.391
TGO,ECCS,1985,0.483
TKL,ECCS,1985,0.342
TON,ECCS,1985,0.215
TTO,ECCS,1985,-0.519
TUN,ECCS,1985,0.442
TUV,ECCS,1985,0.194
UGA,ECCS,1985,0.263
ARE,ECCS,1985,0.09
GBR,ECCS,1985,-0.525
USA,ECCS,1985,-0.023
VIR,ECCS,1985,-0.014
URY,ECCS,1985,0.414
VUT,ECCS,1985,0.416
VEN,ECCS,1985,-0.225
VNM,ECCS,1985,-0.116
WLF,ECCS,1985,0.064
PSE,ECCS,1985,-0.006
ESH,ECCS,1985,0.696
YEM,ECCS,1985,0.477
ZMB,ECCS,1985,0.127
ZWE,ECCS,1985,0.004
AFG,ECCS,1986,-0.129
ALB,ECCS,1986,0.574
DZA,ECCS,1986,0.33
ASM,ECCS,1986,0.403
AND,ECCS,1986,0.382
AGO,ECCS,1986,0.223
AIA,ECCS,1986,0.158
ATG,ECCS,1986,0.149
ARG,ECCS,1986,0.387
ABW,ECCS,1986,0.045
AUS,ECCS,1986,0.347
AUT,ECCS,1986,0.313
BHS,ECCS,1986,0.241
BHR,ECCS,1986,0.647
BGD,ECCS,1986,0.109
BRB,ECCS,1986,-0.09
BLZ,ECCS,1986,0.329
BEN,ECCS,1986,0.398
BTN,ECCS,1986,-0.04
BOL,ECCS,1986,0.475
BWA,ECCS,1986,0.362
BRA,ECCS,1986,0.266
VGB,ECCS,1986,0.166
BRN,ECCS,1986,0.004
BGR,ECCS,1986,0.348
BFA,ECCS,1986,0.34
BDI,ECCS,1986,0.583
CPV,ECCS,1986,0.213
KHM,ECCS,1986,0.028
CMR,ECCS,1986,0.137
CAN,ECCS,1986,0.033
CYM,ECCS,1986,0.068
CAF,ECCS,1986,0.38
TCD,ECCS,1986,0.711
CHL,ECCS,1986,0.029
HKG,ECCS,1986,-0.001
MAC,ECCS,1986,-0.001
CHN,ECCS,1986,-0.042
COL,ECCS,1986,0.079
COM,ECCS,1986,-0.066
COD,ECCS,1986,0.292
COG,ECCS,1986,0.045
COK,ECCS,1986,0.508
CRI,ECCS,1986,0.281
CUB,ECCS,1986,0.293
CYP,ECCS,1986,0.225
DNK,ECCS,1986,-0.437
DJI,ECCS,1986,0.014
DMA,ECCS,1986,0.147
DOM,ECCS,1986,0.219
ECU,ECCS,1986,-0.055
EGY,ECCS,1986,0.093
SLV,ECCS,1986,0.29
GNQ,ECCS,1986,-0.081
SWZ,ECCS,1986,0.355
FRO,ECCS,1986,-0.206
FJI,ECCS,1986,-0.328
FIN,ECCS,1986,-0.187
FRA,ECCS,1986,0.009
PYF,ECCS,1986,0.249
GAB,ECCS,1986,-0.104
GMB,ECCS,1986,0.619
DEU,ECCS,1986,-0.005
GHA,ECCS,1986,0.336
GIB,ECCS,1986,0.18
GRC,ECCS,1986,0.315
GRL,ECCS,1986,0.512
GRD,ECCS,1986,-0.24
GLP,ECCS,1986,0.152
GTM,ECCS,1986,0.226
GUF,ECCS,1986,0.247
GIN,ECCS,1986,0.155
GNB,ECCS,1986,0.525
GUY,ECCS,1986,0.083
HTI,ECCS,1986,0.301
VAT,ECCS,1986,0.598
HND,ECCS,1986,0.154
HUN,ECCS,1986,0.363
ISL,ECCS,1986,-0.166
IND,ECCS,1986,0.183
IDN,ECCS,1986,0.017
IRN,ECCS,1986,0.168
IRQ,ECCS,1986,0.392
IRL,ECCS,1986,-0.742
IMN,ECCS,1986,-0.697
ISR,ECCS,1986,0.029
ITA,ECCS,1986,0.442
JAM,ECCS,1986,0.355
JPN,ECCS,1986,-0.686
JOR,ECCS,1986,0.028
KEN,ECCS,1986,0.172
KIR,ECCS,1986,0.378
PRK,ECCS,1986,-0.71
KOR,ECCS,1986,-0.736
KWT,ECCS,1986,0.493
LAO,ECCS,1986,-0.037
LBN,ECCS,1986,0.204
LSO,ECCS,1986,0.51
LBR,ECCS,1986,0.116
LBY,ECCS,1986,0.195
LIE,ECCS,1986,0.388
MDG,ECCS,1986,-0.114
MWI,ECCS,1986,0.168
MYS,ECCS,1986,0.055
MDV,ECCS,1986,0.188
MLI,ECCS,1986,0.305
MLT,ECCS,1986,0.478
MTQ,ECCS,1986,0.129
MRT,ECCS,1986,0.136
MUS,ECCS,1986,-0.137
MYT,ECCS,1986,-0.01
MEX,ECCS,1986,0.269
MCO,ECCS,1986,0.419
MNG,ECCS,1986,0.389
MSR,ECCS,1986,0.149
MAR,ECCS,1986,0.219
MOZ,ECCS,1986,0.148
MMR,ECCS,1986,0.107
NPL,ECCS,1986,-0.007
NLD,ECCS,1986,-0.186
NCL,ECCS,1986,0.208
NZL,ECCS,1986,0.379
NIC,ECCS,1986,0.098
NER,ECCS,1986,0.656
NGA,ECCS,1986,0.608
NIU,ECCS,1986,0.341
NFK,ECCS,1986,0.282
NOR,ECCS,1986,-0.429
OMN,ECCS,1986,0.04
PAK,ECCS,1986,-0.404
PAN,ECCS,1986,0.205
PNG,ECCS,1986,0.19
PRY,ECCS,1986,0.898
PER,ECCS,1986,0.157
PHL,ECCS,1986,0.295
PCN,ECCS,1986,0.033
POL,ECCS,1986,0.029
PRT,ECCS,1986,0.033
PRI,ECCS,1986,0.164
QAT,ECCS,1986,0.477
ROU,ECCS,1986,0.432
RWA,ECCS,1986,0.719
SPM,ECCS,1986,-0.664
WSM,ECCS,1986,0.214
SMR,ECCS,1986,0.338
STP,ECCS,1986,-0.147
SAU,ECCS,1986,0.14
SEN,ECCS,1986,0.443
SYC,ECCS,1986,0.146
SLE,ECCS,1986,-0.069
SGP,ECCS,1986,-0.189
SLB,ECCS,1986,-0.127
SOM,ECCS,1986,0.174
ZAF,ECCS,1986,0.439
ESP,ECCS,1986,0.234
LKA,ECCS,1986,0.126
KNA,ECCS,1986,0.149
LCA,ECCS,1986,-0.047
VCT,ECCS,1986,-0.237
SUR,ECCS,1986,0.211
SJM,ECCS,1986,-0.359
SWE,ECCS,1986,-0.496
CHE,ECCS,1986,0.246
SYR,ECCS,1986,0.39
TWN,ECCS,1986,-0.2
TZA,ECCS,1986,0.119
THA,ECCS,1986,0.013
TLS,ECCS,1986,0.167
TGO,ECCS,1986,0.336
TKL,ECCS,1986,0.417
TON,ECCS,1986,-0.153
TTO,ECCS,1986,-0.287
TUN,ECCS,1986,0.486
TUV,ECCS,1986,0.425
UGA,ECCS,1986,0.392
ARE,ECCS,1986,0.152
GBR,ECCS,1986,-0.597
USA,ECCS,1986,0.587
VIR,ECCS,1986,0.164
URY,ECCS,1986,0.73
VUT,ECCS,1986,-0.195
VEN,ECCS,1986,-0.021
VNM,ECCS,1986,-0.004
WLF,ECCS,1986,-0.125
PSE,ECCS,1986,0.028
ESH,ECCS,1986,0.224
YEM,ECCS,1986,-0.135
ZMB,ECCS,1986,-0.009
ZWE,ECCS,1986,-0.011
AFG,ECCS,1987,0.38
ALB,ECCS,1987,-0.105
DZA,ECCS,1987,1.03
ASM,ECCS,1987,0.36
AND,ECCS,1987,0.409
AGO,ECCS,1987,0.824
AIA,ECCS,1987,0.728
ATG,ECCS,1987,0.745
ARG,ECCS,1987,0.377
ABW,ECCS,1987,0.873
AUS,ECCS,1987,0.329
AUT,ECCS,1987,-0.27
BHS,ECCS,1987,0.37
BHR,ECCS,1987,0.518
BGD,ECCS,1987,0.419
BRB,ECCS,1987,0.629
BLZ,ECCS,1987,0.574
BEN,ECCS,1987,1.069
BTN,ECCS,1987,0.237
BOL,ECCS,1987,0.69
BWA,ECCS,1987,1.209
BRA,ECCS,1987,0.671
VGB,ECCS,1987,0.712
BRN,ECCS,1987,0.405
BGR,ECCS,1987,-0.494
BFA,ECCS,1987,1.022
BDI,ECCS,1987,0.695
CPV,ECCS,1987,1.17
KHM,ECCS,1987,0.578
CMR,ECCS,1987,0.499
CAN,ECCS,1987,1.366
CYM,ECCS,1987,0.266
CAF,ECCS,1987,0.386
TCD,ECCS,1987,0.398
CHL,ECCS,1987,0.568
HKG,ECCS,1987,0.818
MAC,ECCS,1987,0.818
CHN,ECCS,1987,0.429
COL,ECCS,1987,0.641
COM,ECCS,1987,0.388
COD,ECCS,1987,0.545
COG,ECCS,1987,0.412
COK,ECCS,1987,0.299
CRI,ECCS,1987,0.889
CUB,ECCS,1987,0.667
CYP,ECCS,1987,-0.295
DNK,ECCS,1987,-0.976
DJI,ECCS,1987,0.289
DMA,ECCS,1987,0.743
DOM,ECCS,1987,0.71
ECU,ECCS,1987,0.777
EGY,ECCS,1987,-0.367
SLV,ECCS,1987,0.833
GNQ,ECCS,1987,0.399
SWZ,ECCS,1987,0.6
FRO,ECCS,1987,0.132
FJI,ECCS,1987,-0.077
FIN,ECCS,1987,-1.659
FRA,ECCS,1987,0.016
PYF,ECCS,1987,0.398
GAB,ECCS,1987,0.293
GMB,ECCS,1987,1.026
DEU,ECCS,1987,-0.558
GHA,ECCS,1987,1.022
GIB,ECCS,1987,0.453
GRC,ECCS,1987,-0.393
GRL,ECCS,1987,-0.179
GRD,ECCS,1987,0.449
GLP,ECCS,1987,0.736
GTM,ECCS,1987,0.478
GUF,ECCS,1987,0.822
GIN,ECCS,1987,0.884
GNB,ECCS,1987,0.861
GUY,ECCS,1987,0.634
HTI,ECCS,1987,0.971
VAT,ECCS,1987,0.198
HND,ECCS,1987,0.513
HUN,ECCS,1987,-0.538
ISL,ECCS,1987,0.607
IND,ECCS,1987,0.562
IDN,ECCS,1987,0.402
IRN,ECCS,1987,0.481
IRQ,ECCS,1987,0.372
IRL,ECCS,1987,-0.159
IMN,ECCS,1987,-0.235
ISR,ECCS,1987,-0.32
ITA,ECCS,1987,0.189
JAM,ECCS,1987,0.958
JPN,ECCS,1987,0.322
JOR,ECCS,1987,-0.175
KEN,ECCS,1987,0.758
KIR,ECCS,1987,0.173
PRK,ECCS,1987,0.222
KOR,ECCS,1987,0.4
KWT,ECCS,1987,0.741
LAO,ECCS,1987,0.881
LBN,ECCS,1987,-0.271
LSO,ECCS,1987,0.596
LBR,ECCS,1987,0.886
LBY,ECCS,1987,-0.079
LIE,ECCS,1987,-0.044
MDG,ECCS,1987,0.452
MWI,ECCS,1987,0.596
MYS,ECCS,1987,0.376
MDV,ECCS,1987,0.523
MLI,ECCS,1987,1.078
MLT,ECCS,1987,0.6
MTQ,ECCS,1987,0.729
MRT,ECCS,1987,1.386
MUS,ECCS,1987,0.34
MYT,ECCS,1987,0.379
MEX,ECCS,1987,-0.153
MCO,ECCS,1987,0.185
MNG,ECCS,1987,0.195
MSR,ECCS,1987,0.745
MAR,ECCS,1987,1.039
MOZ,ECCS,1987,0.67
MMR,ECCS,1987,0.56
NPL,ECCS,1987,0.378
NLD,ECCS,1987,-0.491
NCL,ECCS,1987,-0.091
NZL,ECCS,1987,0.409
NIC,ECCS,1987,0.79
NER,ECCS,1987,0.581
NGA,ECCS,1987,0.878
NIU,ECCS,1987,0.452
NFK,ECCS,1987,-0.015
NOR,ECCS,1987,-0.828
OMN,ECCS,1987,0.177
PAK,ECCS,1987,0.041
PAN,ECCS,1987,0.703
PNG,ECCS,1987,0.251
PRY,ECCS,1987,0.247
PER,ECCS,1987,0.861
PHL,ECCS,1987,0.681
PCN,ECCS,1987,-0.373
POL,ECCS,1987,-1.067
PRT,ECCS,1987,0.683
PRI,ECCS,1987,0.7
QAT,ECCS,1987,0.36
ROU,ECCS,1987,-0.723
RWA,ECCS,1987,0.507
SPM,ECCS,1987,0.003
WSM,ECCS,1987,0.158
SMR,ECCS,1987,0.085
STP,ECCS,1987,0.393
SAU,ECCS,1987,0.48
SEN,ECCS,1987,0.994
SYC,ECCS,1987,0.393
SLE,ECCS,1987,0.738
SGP,ECCS,1987,0.159
SLB,ECCS,1987,-0.369
SOM,ECCS,1987,0.95
ZAF,ECCS,1987,0.716
ESP,ECCS,1987,0.7
LKA,ECCS,1987,0.658
KNA,ECCS,1987,0.745
LCA,ECCS,1987,0.603
VCT,ECCS,1987,0.449
SUR,ECCS,1987,0.836
SJM,ECCS,1987,0.199
SWE,ECCS,1987,-1.205
CHE,ECCS,1987,-0.006
SYR,ECCS,1987,-0.191
TWN,ECCS,1987,0.38
TZA,ECCS,1987,0.578
THA,ECCS,1987,0.691
TGO,ECCS,1987,1.08
TKL,ECCS,1987,0.535
TON,ECCS,1987,-0.198
TTO,ECCS,1987,0.436
TUN,ECCS,1987,0.651
TUV,ECCS,1987,-0.029
UGA,ECCS,1987,0.726
ARE,ECCS,1987,0.121
GBR,ECCS,1987,-0.286
USA,ECCS,1987,0.915
VIR,ECCS,1987,0.71
URY,ECCS,1987,0.301
VUT,ECCS,1987,-0.281
VEN,ECCS,1987,0.55
VNM,ECCS,1987,0.952
WLF,ECCS,1987,-0.059
PSE,ECCS,1987,-0.331
ESH,ECCS,1987,1.03
YEM,ECCS,1987,0.025
ZMB,ECCS,1987,0.907
ZWE,ECCS,1987,1.026
AFG,ECCS,1988,0.918
ALB,ECCS,1988,0.379
DZA,ECCS,1988,1.397
ASM,ECCS,1988,0.513
AND,ECCS,1988,0.892
AGO,ECCS,1988,0.554
AIA,ECCS,1988,0.532
ATG,ECCS,1988,0.464
ARG,ECCS,1988,-0.271
ABW,ECCS,1988,0.557
AUS,ECCS,1988,0.924
AUT,ECCS,1988,0.817
BHS,ECCS,1988,0.277
BHR,ECCS,1988,0.597
BGD,ECCS,1988,0.436
BRB,ECCS,1988,0.487
BLZ,ECCS,1988,0.636
BEN,ECCS,1988,0.721
BTN,ECCS,1988,0.564
BOL,ECCS,1988,0.389
BWA,ECCS,1988,0.212
BRA,ECCS,1988,0.453
VGB,ECCS,1988,0.6
BRN,ECCS,1988,0.434
BGR,ECCS,1988,0.123
BFA,ECCS,1988,0.6
BDI,ECCS,1988,0.332
CPV,ECCS,1988,0.595
KHM,ECCS,1988,0.295
CMR,ECCS,1988,0.326
CAN,ECCS,1988,1.219
CYM,ECCS,1988,0.679
CAF,ECCS,1988,0.143
TCD,ECCS,1988,0.165
CHL,ECCS,1988,0.023
HKG,ECCS,1988,-0.153
MAC,ECCS,1988,-0.153
CHN,ECCS,1988,0.394
COL,ECCS,1988,0.413
COM,ECCS,1988,0.394
COD,ECCS,1988,0.445
COG,ECCS,1988,0.279
COK,ECCS,1988,0.616
CRI,ECCS,1988,0.325
CUB,ECCS,1988,0.526
CYP,ECCS,1988,0.011
DNK,ECCS,1988,0.93
DJI,ECCS,1988,0.625
DMA,ECCS,1988,0.462
DOM,ECCS,1988,0.651
ECU,ECCS,1988,0.123
EGY,ECCS,1988,0.199
SLV,ECCS,1988,0.613
GNQ,ECCS,1988,0.308
SWZ,ECCS,1988,0.664
FRO,ECCS,1988,0.196
FJI,ECCS,1988,0.522
FIN,ECCS,1988,0.58
FRA,ECCS,1988,0.785
PYF,ECCS,1988,0.274
GAB,ECCS,1988,0.295
GMB,ECCS,1988,0.791
DEU,ECCS,1988,0.894
GHA,ECCS,1988,0.697
GIB,ECCS,1988,0.75
GRC,ECCS,1988,0.133
GRL,ECCS,1988,0.562
GRD,ECCS,1988,0.496
GLP,ECCS,1988,0.497
GTM,ECCS,1988,0.578
GUF,ECCS,1988,0.6
GIN,ECCS,1988,0.667
GNB,ECCS,1988,0.704
GUY,ECCS,1988,0.43
HTI,ECCS,1988,0.779
VAT,ECCS,1988,0.725
HND,ECCS,1988,0.608
HUN,ECCS,1988,0.396
ISL,ECCS,1988,-0.171
IND,ECCS,1988,0.495
IDN,ECCS,1988,0.359
IRN,ECCS,1988,0.665
IRQ,ECCS,1988,0.108
IRL,ECCS,1988,0.228
IMN,ECCS,1988,0.255
ISR,ECCS,1988,0.017
ITA,ECCS,1988,0.834
JAM,ECCS,1988,0.762
JPN,ECCS,1988,-0.157
JOR,ECCS,1988,-0.015
KEN,ECCS,1988,0.642
KIR,ECCS,1988,0.139
PRK,ECCS,1988,0.55
KOR,ECCS,1988,0.276
KWT,ECCS,1988,0.473
LAO,ECCS,1988,0.252
LBN,ECCS,1988,-0.015
LSO,ECCS,1988,0.464
LBR,ECCS,1988,0.77
LBY,ECCS,1988,0.909
LIE,ECCS,1988,0.943
MDG,ECCS,1988,0.519
MWI,ECCS,1988,0.766
MYS,ECCS,1988,0.33
MDV,ECCS,1988,0.662
MLI,ECCS,1988,0.785
MLT,ECCS,1988,1.257
MTQ,ECCS,1988,0.473
MRT,ECCS,1988,0.737
MUS,ECCS,1988,0.147
MYT,ECCS,1988,0.365
MEX,ECCS,1988,0.141
MCO,ECCS,1988,0.749
MNG,ECCS,1988,0.643
MSR,ECCS,1988,0.464
MAR,ECCS,1988,0.957
MOZ,ECCS,1988,0.662
MMR,ECCS,1988,0.435
NPL,ECCS,1988,0.599
NLD,ECCS,1988,0.807
NCL,ECCS,1988,0.889
NZL,ECCS,1988,0.532
NIC,ECCS,1988,0.568
NER,ECCS,1988,0.527
NGA,ECCS,1988,0.586
NIU,ECCS,1988,0.821
NFK,ECCS,1988,0.8
NOR,ECCS,1988,0.475
OMN,ECCS,1988,0.288
PAK,ECCS,1988,0.591
PAN,ECCS,1988,0.323
PNG,ECCS,1988,0.529
PRY,ECCS,1988,0.012
PER,ECCS,1988,0.46
PHL,ECCS,1988,0.797
PCN,ECCS,1988,-0.114
POL,ECCS,1988,0.693
PRT,ECCS,1988,0.566
PRI,ECCS,1988,0.538
QAT,ECCS,1988,0.472
ROU,ECCS,1988,0.109
RWA,ECCS,1988,0.3
SPM,ECCS,1988,0.283
WSM,ECCS,1988,0.463
SMR,ECCS,1988,0.748
STP,ECCS,1988,0.466
SAU,ECCS,1988,0.431
SEN,ECCS,1988,0.846
SYC,ECCS,1988,0.326
SLE,ECCS,1988,0.619
SGP,ECCS,1988,0.082
SLB,ECCS,1988,0.265
SOM,ECCS,1988,0.822
ZAF,ECCS,1988,0.323
ESP,ECCS,1988,0.771
LKA,ECCS,1988,0.662
KNA,ECCS,1988,0.464
LCA,ECCS,1988,0.49
VCT,ECCS,1988,0.505
SUR,ECCS,1988,0.625
SJM,ECCS,1988,-2.109
SWE,ECCS,1988,0.724
CHE,ECCS,1988,0.921
SYR,ECCS,1988,-0.216
TWN,ECCS,1988,0.323
TZA,ECCS,1988,0.695
THA,ECCS,1988,0.208
TGO,ECCS,1988,0.724
TKL,ECCS,1988,0.152
TON,ECCS,1988,0.782
TTO,ECCS,1988,0.308
TUN,ECCS,1988,1.373
TUV,ECCS,1988,0.056
UGA,ECCS,1988,0.557
ARE,ECCS,1988,0.141
GBR,ECCS,1988,0.301
USA,ECCS,1988,0.476
VIR,ECCS,1988,0.589
URY,ECCS,1988,-0.528
VUT,ECCS,1988,0.581
VEN,ECCS,1988,0.264
VNM,ECCS,1988,0.096
WLF,ECCS,1988,0.274
PSE,ECCS,1988,0.013
ESH,ECCS,1988,0.491
YEM,ECCS,1988,0.91
ZMB,ECCS,1988,0.599
ZWE,ECCS,1988,0.426
AFG,ECCS,1989,-0.124
ALB,ECCS,1989,-0.056
DZA,ECCS,1989,0.45
ASM,ECCS,1989,0.149
AND,ECCS,1989,1.162
AGO,ECCS,1989,0.056
AIA,ECCS,1989,0.075
ATG,ECCS,1989,0.025
ARG,ECCS,1989,0.534
ABW,ECCS,1989,0.041
AUS,ECCS,1989,0.116
AUT,ECCS,1989,1.103
BHS,ECCS,1989,0.671
BHR,ECCS,1989,0.007
BGD,ECCS,1989,0.205
BRB,ECCS,1989,0.299
BLZ,ECCS,1989,0.363
BEN,ECCS,1989,0.037
BTN,ECCS,1989,0.252
BOL,ECCS,1989,0.154
BWA,ECCS,1989,-0.261
BRA,ECCS,1989,0.124
VGB,ECCS,1989,0.126
BRN,ECCS,1989,0.043
BGR,ECCS,1989,0.405
BFA,ECCS,1989,0.018
BDI,ECCS,1989,0.069
CPV,ECCS,1989,0.73
KHM,ECCS,1989,0.203
CMR,ECCS,1989,-0.245
CAN,ECCS,1989,0.031
CYM,ECCS,1989,0.836
CAF,ECCS,1989,-0.247
TCD,ECCS,1989,-0.225
CHL,ECCS,1989,0.284
HKG,ECCS,1989,0.243
MAC,ECCS,1989,0.243
CHN,ECCS,1989,0.422
COL,ECCS,1989,0.045
COM,ECCS,1989,-0.301
COD,ECCS,1989,-0.143
COG,ECCS,1989,-0.275
COK,ECCS,1989,0.413
CRI,ECCS,1989,0.122
CUB,ECCS,1989,0.612
CYP,ECCS,1989,0.071
DNK,ECCS,1989,1.801
DJI,ECCS,1989,-0.074
DMA,ECCS,1989,0.026
DOM,ECCS,1989,0.193
ECU,ECCS,1989,-0.228
EGY,ECCS,1989,-0.196
SLV,ECCS,1989,0.262
GNQ,ECCS,1989,0.0
SWZ,ECCS,1989,0.185
FRO,ECCS,1989,0.419
FJI,ECCS,1989,-0.054
FIN,ECCS,1989,2.178
FRA,ECCS,1989,1.281
PYF,ECCS,1989,0.078
GAB,ECCS,1989,-0.065
GMB,ECCS,1989,0.571
DEU,ECCS,1989,1.493
GHA,ECCS,1989,0.277
GIB,ECCS,1989,0.897
GRC,ECCS,1989,-0.202
GRL,ECCS,1989,-1.677
GRD,ECCS,1989,-0.147
GLP,ECCS,1989,0.05
GTM,ECCS,1989,0.218
GUF,ECCS,1989,0.143
GIN,ECCS,1989,0.212
GNB,ECCS,1989,0.476
GUY,ECCS,1989,0.066
HTI,ECCS,1989,0.433
VAT,ECCS,1989,0.126
HND,ECCS,1989,0.167
HUN,ECCS,1989,0.878
ISL,ECCS,1989,-0.263
IND,ECCS,1989,-0.019
IDN,ECCS,1989,0.031
IRN,ECCS,1989,0.213
IRQ,ECCS,1989,0.183
IRL,ECCS,1989,1.03
IMN,ECCS,1989,1.088
ISR,ECCS,1989,-0.188
ITA,ECCS,1989,0.414
JAM,ECCS,1989,0.386
JPN,ECCS,1989,0.556
JOR,ECCS,1989,-0.106
KEN,ECCS,1989,-0.093
KIR,ECCS,1989,-0.131
PRK,ECCS,1989,1.209
KOR,ECCS,1989,0.799
KWT,ECCS,1989,0.17
LAO,ECCS,1989,0.181
LBN,ECCS,1989,0.093
LSO,ECCS,1989,-0.014
LBR,ECCS,1989,0.311
LBY,ECCS,1989,-0.042
LIE,ECCS,1989,1.103
MDG,ECCS,1989,-0.017
MWI,ECCS,1989,0.239
MYS,ECCS,1989,0.002
MDV,ECCS,1989,-0.087
MLI,ECCS,1989,0.113
MLT,ECCS,1989,0.272
MTQ,ECCS,1989,0.087
MRT,ECCS,1989,0.544
MUS,ECCS,1989,-0.232
MYT,ECCS,1989,-0.279
MEX,ECCS,1989,0.446
MCO,ECCS,1989,0.932
MNG,ECCS,1989,1.34
MSR,ECCS,1989,0.025
MAR,ECCS,1989,0.671
MOZ,ECCS,1989,0.183
MMR,ECCS,1989,0.327
NRU,ECCS,1989,-0.035
NPL,ECCS,1989,0.087
NLD,ECCS,1989,1.553
NCL,ECCS,1989,0.32
NZL,ECCS,1989,0.752
NIC,ECCS,1989,0.113
NER,ECCS,1989,-0.44
NGA,ECCS,1989,-0.34
NIU,ECCS,1989,0.362
NFK,ECCS,1989,0.516
NOR,ECCS,1989,1.743
OMN,ECCS,1989,-0.277
PAK,ECCS,1989,-0.416
PAN,ECCS,1989,0.144
PNG,ECCS,1989,0.283
PRY,ECCS,1989,-0.014
PER,ECCS,1989,0.029
PHL,ECCS,1989,0.253
PCN,ECCS,1989,0.199
POL,ECCS,1989,1.709
PRT,ECCS,1989,1.057
PRI,ECCS,1989,0.109
QAT,ECCS,1989,-0.077
ROU,ECCS,1989,0.78
RWA,ECCS,1989,0.012
SPM,ECCS,1989,-0.328
WSM,ECCS,1989,0.016
SMR,ECCS,1989,0.269
STP,ECCS,1989,-0.082
SAU,ECCS,1989,-0.136
SEN,ECCS,1989,0.549
SYC,ECCS,1989,-0.123
SLE,ECCS,1989,0.206
SLB,ECCS,1989,-0.076
SOM,ECCS,1989,0.152
ZAF,ECCS,1989,-0.04
ESP,ECCS,1989,1.014
LKA,ECCS,1989,0.189
KNA,ECCS,1989,0.025
LCA,ECCS,1989,0.04
VCT,ECCS,1989,-0.142
SUR,ECCS,1989,0.17
SJM,ECCS,1989,-0.769
SWE,ECCS,1989,1.999
CHE,ECCS,1989,1.153
SYR,ECCS,1989,0.347
TWN,ECCS,1989,0.079
TZA,ECCS,1989,-0.119
THA,ECCS,1989,0.237
TGO,ECCS,1989,0.185
TKL,ECCS,1989,0.043
TON,ECCS,1989,0.436
TTO,ECCS,1989,-0.253
TUN,ECCS,1989,0.526
TUV,ECCS,1989,-0.156
UGA,ECCS,1989,0.031
ARE,ECCS,1989,-0.33
GBR,ECCS,1989,1.137
USA,ECCS,1989,0.316
VIR,ECCS,1989,0.122
URY,ECCS,1989,0.701
VUT,ECCS,1989,0.007
VEN,ECCS,1989,-0.104
VNM,ECCS,1989,-0.052
WLF,ECCS,1989,-0.004
PSE,ECCS,1989,-0.187
ESH,ECCS,1989,0.681
YEM,ECCS,1989,0.269
ZMB,ECCS,1989,0.119
ZWE,ECCS,1989,0.186
AFG,ECCS,1990,0.786
ALB,ECCS,1990,0.797
DZA,ECCS,1990,1.339
ASM,ECCS,1990,0.505
AND,ECCS,1990,1.728
AGO,ECCS,1990,0.652
AIA,ECCS,1990,0.578
ATG,ECCS,1990,0.569
ARG,ECCS,1990,0.373
ABW,ECCS,1990,0.391
AUS,ECCS,1990,0.517
AUT,ECCS,1990,1.261
BHS,ECCS,1990,0.761
BHR,ECCS,1990,0.41
BGD,ECCS,1990,-0.025
BRB,ECCS,1990,0.466
BLZ,ECCS,1990,0.525
BEN,ECCS,1990,0.675
BTN,ECCS,1990,-0.082
BOL,ECCS,1990,0.214
BWA,ECCS,1990,0.926
BRA,ECCS,1990,0.446
VGB,ECCS,1990,0.587
BRN,ECCS,1990,0.432
BGR,ECCS,1990,0.795
BFA,ECCS,1990,0.618
BDI,ECCS,1990,0.299
CPV,ECCS,1990,1.093
KHM,ECCS,1990,0.546
CMR,ECCS,1990,0.594
CAN,ECCS,1990,0.085
CYM,ECCS,1990,0.726
CAF,ECCS,1990,0.268
TCD,ECCS,1990,0.481
CHL,ECCS,1990,0.16
HKG,ECCS,1990,0.29
MAC,ECCS,1990,0.29
CHN,ECCS,1990,0.844
COL,ECCS,1990,0.402
COM,ECCS,1990,0.089
COD,ECCS,1990,0.165
COG,ECCS,1990,0.16
COK,ECCS,1990,0.432
CRI,ECCS,1990,0.556
CUB,ECCS,1990,0.771
CYP,ECCS,1990,0.055
DNK,ECCS,1990,1.836
DJI,ECCS,1990,0.548
DMA,ECCS,1990,0.568
DOM,ECCS,1990,0.544
ECU,ECCS,1990,0.304
EGY,ECCS,1990,-0.123
SLV,ECCS,1990,0.547
GNQ,ECCS,1990,0.163
SWZ,ECCS,1990,0.345
FRO,ECCS,1990,0.671
FJI,ECCS,1990,0.086
FIN,ECCS,1990,1.25
FRA,ECCS,1990,1.591
PYF,ECCS,1990,0.277
GAB,ECCS,1990,0.212
GMB,ECCS,1990,1.127
DEU,ECCS,1990,1.575
GHA,ECCS,1990,0.568
GIB,ECCS,1990,1.198
GRC,ECCS,1990,0.363
GRL,ECCS,1990,-0.458
GRD,ECCS,1990,0.137
GLP,ECCS,1990,0.573
GTM,ECCS,1990,0.408
GUF,ECCS,1990,0.438
GIN,ECCS,1990,0.711
GNB,ECCS,1990,0.988
GUY,ECCS,1990,0.576
HTI,ECCS,1990,0.792
VAT,ECCS,1990,1.101
HND,ECCS,1990,0.288
HUN,ECCS,1990,1.086
ISL,ECCS,1990,0.074
IND,ECCS,1990,-0.085
IDN,ECCS,1990,0.082
IRN,ECCS,1990,0.711
IRQ,ECCS,1990,0.363
IRL,ECCS,1990,0.811
IMN,ECCS,1990,0.898
ISR,ECCS,1990,-0.129
ITA,ECCS,1990,1.133
JAM,ECCS,1990,0.674
JPN,ECCS,1990,1.133
JOR,ECCS,1990,-0.069
KEN,ECCS,1990,0.051
KIR,ECCS,1990,0.291
PRK,ECCS,1990,1.313
KOR,ECCS,1990,1.248
KWT,ECCS,1990,0.393
LAO,ECCS,1990,0.374
LBN,ECCS,1990,0.029
LSO,ECCS,1990,0.327
LBR,ECCS,1990,0.541
LBY,ECCS,1990,0.49
LIE,ECCS,1990,1.324
MDG,ECCS,1990,0.038
MWI,ECCS,1990,0.75
MYS,ECCS,1990,0.393
MDV,ECCS,1990,0.387
MLI,ECCS,1990,0.919
MLT,ECCS,1990,1.299
MTQ,ECCS,1990,0.55
MRT,ECCS,1990,1.284
MUS,ECCS,1990,-0.076
MYT,ECCS,1990,0.101
MEX,ECCS,1990,0.229
MCO,ECCS,1990,1.308
MNG,ECCS,1990,1.534
MSR,ECCS,1990,0.569
MAR,ECCS,1990,1.406
MOZ,ECCS,1990,0.491
MMR,ECCS,1990,0.201
NRU,ECCS,1990,-0.414
NPL,ECCS,1990,-0.03
NLD,ECCS,1990,1.578
NCL,ECCS,1990,0.597
NZL,ECCS,1990,0.589
NIC,ECCS,1990,0.399
NER,ECCS,1990,0.453
NGA,ECCS,1990,0.624
NIU,ECCS,1990,0.46
NFK,ECCS,1990,0.486
NOR,ECCS,1990,1.519
OMN,ECCS,1990,0.153
PAK,ECCS,1990,0.252
PAN,ECCS,1990,0.439
PNG,ECCS,1990,0.262
PRY,ECCS,1990,0.101
PER,ECCS,1990,0.365
PHL,ECCS,1990,0.427
PCN,ECCS,1990,-0.023
POL,ECCS,1990,1.722
PRT,ECCS,1990,1.343
PRI,ECCS,1990,0.493
QAT,ECCS,1990,0.401
ROU,ECCS,1990,1.127
RWA,ECCS,1990,0.299
SPM,ECCS,1990,-0.664
WSM,ECCS,1990,0.437
SMR,ECCS,1990,1.0
SAU,ECCS,1990,0.08
SEN,ECCS,1990,1.181
SYC,ECCS,1990,0.245
SLE,ECCS,1990,0.486
SOM,ECCS,1990,0.46
ZAF,ECCS,1990,0.31
ESP,ECCS,1990,1.43
LKA,ECCS,1990,0.526
KNA,ECCS,1990,0.569
LCA,ECCS,1990,0.364
VCT,ECCS,1990,0.14
SUR,ECCS,1990,0.435
SJM,ECCS,1990,1.63
SWE,ECCS,1990,1.692
CHE,ECCS,1990,1.429
SYR,ECCS,1990,0.169
TWN,ECCS,1990,0.385
TZA,ECCS,1990,0.114
THA,ECCS,1990,0.456
TLS,ECCS,1990,-0.798
TGO,ECCS,1990,0.718
TKL,ECCS,1990,0.48
TON,ECCS,1990,0.372
TTO,ECCS,1990,0.056
TUN,ECCS,1990,1.466
TUV,ECCS,1990,0.189
UGA,ECCS,1990,0.378
ARE,ECCS,1990,0.249
GBR,ECCS,1990,1.008
USA,ECCS,1990,0.676
VIR,ECCS,1990,0.57
URY,ECCS,1990,0.568
VUT,ECCS,1990,0.24
VEN,ECCS,1990,0.248
VNM,ECCS,1990,0.303
WLF,ECCS,1990,0.216
PSE,ECCS,1990,-0.13
ESH,ECCS,1990,1.355
YEM,ECCS,1990,0.335
ZMB,ECCS,1990,0.8
ZWE,ECCS,1990,0.596
AFG,ECCS,1991,-0.149
ALB,ECCS,1991,-0.277
DZA,ECCS,1991,0.103
ASM,ECCS,1991,0.645
AND,ECCS,1991,0.205
AGO,ECCS,1991,0.221
AIA,ECCS,1991,0.598
ATG,ECCS,1991,0.648
ARG,ECCS,1991,0.185
ABW,ECCS,1991,0.559
AUS,ECCS,1991,0.781
AUT,ECCS,1991,0.121
BHS,ECCS,1991,0.759
BHR,ECCS,1991,-0.277
BGD,ECCS,1991,0.084
BRB,ECCS,1991,0.535
BLZ,ECCS,1991,0.656
BEN,ECCS,1991,0.394
BTN,ECCS,1991,0.019
BOL,ECCS,1991,0.582
BWA,ECCS,1991,0.163
BRA,ECCS,1991,0.452
VGB,ECCS,1991,0.547
BRN,ECCS,1991,0.416
BGR,ECCS,1991,-0.169
BFA,ECCS,1991,0.535
BDI,ECCS,1991,-0.069
CPV,ECCS,1991,0.46
KHM,ECCS,1991,0.468
CMR,ECCS,1991,0.599
CAN,ECCS,1991,0.347
CYM,ECCS,1991,0.765
CAF,ECCS,1991,0.352
TCD,ECCS,1991,0.498
CHL,ECCS,1991,0.04
HKG,ECCS,1991,0.757
MAC,ECCS,1991,0.757
CHN,ECCS,1991,0.519
COL,ECCS,1991,0.516
COM,ECCS,1991,0.233
COD,ECCS,1991,0.328
COG,ECCS,1991,0.245
COK,ECCS,1991,0.707
CRI,ECCS,1991,0.608
CUB,ECCS,1991,0.828
CYP,ECCS,1991,0.35
DNK,ECCS,1991,0.622
DJI,ECCS,1991,0.476
DMA,ECCS,1991,0.647
DOM,ECCS,1991,0.391
ECU,ECCS,1991,0.366
EGY,ECCS,1991,0.382
SLV,ECCS,1991,0.639
SWZ,ECCS,1991,0.591
FRO,ECCS,1991,0.972
FJI,ECCS,1991,-0.031
FIN,ECCS,1991,1.137
FRA,ECCS,1991,0.253
PYF,ECCS,1991,0.2
GAB,ECCS,1991,0.219
GMB,ECCS,1991,0.78
DEU,ECCS,1991,0.291
GHA,ECCS,1991,0.431
GIB,ECCS,1991,0.125
GRC,ECCS,1991,-0.21
GRL,ECCS,1991,-0.319
GRD,ECCS,1991,0.318
GLP,ECCS,1991,0.623
GTM,ECCS,1991,0.705
GUF,ECCS,1991,0.526
GIN,ECCS,1991,0.72
GNB,ECCS,1991,0.762
GUY,ECCS,1991,0.187
HTI,ECCS,1991,0.797
VAT,ECCS,1991,-0.051
HND,ECCS,1991,0.491
HUN,ECCS,1991,-0.04
ISL,ECCS,1991,0.679
IND,ECCS,1991,0.183
IDN,ECCS,1991,0.211
IRN,ECCS,1991,0.318
IRQ,ECCS,1991,0.613
IRL,ECCS,1991,0.183
IMN,ECCS,1991,0.165
ISR,ECCS,1991,0.368
ITA,ECCS,1991,0.033
JAM,ECCS,1991,0.746
JPN,ECCS,1991,0.724
JOR,ECCS,1991,0.492
KEN,ECCS,1991,0.346
KIR,ECCS,1991,0.301
PRK,ECCS,1991,0.582
KOR,ECCS,1991,0.293
KWT,ECCS,1991,0.5
LAO,ECCS,1991,0.636
LBN,ECCS,1991,0.393
LSO,ECCS,1991,0.482
LBR,ECCS,1991,0.519
LBY,ECCS,1991,0.192
LIE,ECCS,1991,0.192
MDG,ECCS,1991,0.345
MWI,ECCS,1991,0.302
MYS,ECCS,1991,0.335
MDV,ECCS,1991,0.427
MLI,ECCS,1991,0.718
MLT,ECCS,1991,0.215
MHL,ECCS,1991,-0.024
MTQ,ECCS,1991,0.627
MRT,ECCS,1991,0.652
MUS,ECCS,1991,0.197
MYT,ECCS,1991,0.244
MEX,ECCS,1991,0.227
FSM,ECCS,1991,0.091
MCO,ECCS,1991,0.144
MNG,ECCS,1991,1.086
MSR,ECCS,1991,0.648
MAR,ECCS,1991,0.137
MOZ,ECCS,1991,0.268
MMR,ECCS,1991,0.525
NRU,ECCS,1991,-0.24
NPL,ECCS,1991,0.06
NLD,ECCS,1991,0.276
NCL,ECCS,1991,0.155
NZL,ECCS,1991,-0.019
NIC,ECCS,1991,0.477
NER,ECCS,1991,0.856
NGA,ECCS,1991,0.659
NIU,ECCS,1991,0.704
NFK,ECCS,1991,0.131
NOR,ECCS,1991,0.983
OMN,ECCS,1991,-0.237
PAK,ECCS,1991,-0.404
PAN,ECCS,1991,0.533
PNG,ECCS,1991,0.186
PRY,ECCS,1991,0.72
PER,ECCS,1991,0.484
PHL,ECCS,1991,0.375
PCN,ECCS,1991,-0.447
POL,ECCS,1991,0.427
PRT,ECCS,1991,0.382
PRI,ECCS,1991,0.463
QAT,ECCS,1991,-0.137
ROU,ECCS,1991,0.061
RWA,ECCS,1991,-0.103
SPM,ECCS,1991,-0.63
WSM,ECCS,1991,0.494
SMR,ECCS,1991,-0.069
SAU,ECCS,1991,0.359
SEN,ECCS,1991,0.776
SYC,ECCS,1991,0.399
SLE,ECCS,1991,0.564
SGP,ECCS,1991,0.08
SLB,ECCS,1991,0.039
SOM,ECCS,1991,0.533
ZAF,ECCS,1991,0.342
ESP,ECCS,1991,0.191
LKA,ECCS,1991,0.481
KNA,ECCS,1991,0.648
LCA,ECCS,1991,0.49
VCT,ECCS,1991,0.321
SUR,ECCS,1991,0.502
SJM,ECCS,1991,1.315
SWE,ECCS,1991,1.028
CHE,ECCS,1991,0.339
SYR,ECCS,1991,0.492
TWN,ECCS,1991,0.585
TZA,ECCS,1991,0.248
THA,ECCS,1991,0.588
TGO,ECCS,1991,0.363
TKL,ECCS,1991,0.921
TON,ECCS,1991,0.335
TTO,ECCS,1991,0.219
TUN,ECCS,1991,0.012
TUV,ECCS,1991,0.512
UGA,ECCS,1991,0.31
ARE,ECCS,1991,-0.253
GBR,ECCS,1991,0.199
USA,ECCS,1991,0.531
VIR,ECCS,1991,0.534
URY,ECCS,1991,0.313
VUT,ECCS,1991,-0.102
VEN,ECCS,1991,0.387
VNM,ECCS,1991,0.528
WLF,ECCS,1991,0.152
PSE,ECCS,1991,0.369
ESH,ECCS,1991,0.578
ZMB,ECCS,1991,0.02
ZWE,ECCS,1991,0.329
AFG,ECCS,1992,-0.262
ALB,ECCS,1992,0.087
DZA,ECCS,1992,-0.232
ASM,ECCS,1992,0.363
AND,ECCS,1992,0.357
AGO,ECCS,1992,0.341
AIA,ECCS,1992,0.51
ATG,ECCS,1992,0.591
ARG,ECCS,1992,-0.326
ARM,ECCS,1992,-1.281
ABW,ECCS,1992,0.58
AUS,ECCS,1992,0.238
AUT,ECCS,1992,1.243
AZE,ECCS,1992,-0.812
BHS,ECCS,1992,0.218
BHR,ECCS,1992,-0.601
BGD,ECCS,1992,-0.011
BRB,ECCS,1992,0.455
BLR,ECCS,1992,1.284
BLZ,ECCS,1992,0.525
BEN,ECCS,1992,0.067
BTN,ECCS,1992,-0.255
BOL,ECCS,1992,0.128
BIH,ECCS,1992,0.682
BWA,ECCS,1992,1.032
BRA,ECCS,1992,0.391
VGB,ECCS,1992,0.428
BRN,ECCS,1992,0.313
BGR,ECCS,1992,0.138
BFA,ECCS,1992,-0.011
BDI,ECCS,1992,0.024
CPV,ECCS,1992,0.668
KHM,ECCS,1992,0.42
CMR,ECCS,1992,-0.308
CAN,ECCS,1992,0.114
CYM,ECCS,1992,0.402
CAF,ECCS,1992,-0.583
TCD,ECCS,1992,-0.4
CHL,ECCS,1992,-0.141
HKG,ECCS,1992,-0.201
MAC,ECCS,1992,-0.201
CHN,ECCS,1992,0.124
COL,ECCS,1992,0.69
COM,ECCS,1992,0.053
COD,ECCS,1992,-0.154
COG,ECCS,1992,-0.243
COK,ECCS,1992,0.703
CRI,ECCS,1992,0.488
HRV,ECCS,1992,0.834
CUB,ECCS,1992,0.51
CYP,ECCS,1992,-0.951
DNK,ECCS,1992,1.457
DJI,ECCS,1992,0.438
DMA,ECCS,1992,0.591
DOM,ECCS,1992,0.173
ECU,ECCS,1992,0.71
EGY,ECCS,1992,-0.644
SLV,ECCS,1992,0.649
GNQ,ECCS,1992,-0.176
EST,ECCS,1992,1.6
SWZ,ECCS,1992,1.212
FRO,ECCS,1992,0.661
FJI,ECCS,1992,0.012
FIN,ECCS,1992,1.164
FRA,ECCS,1992,0.657
PYF,ECCS,1992,0.217
GAB,ECCS,1992,-0.184
GMB,ECCS,1992,0.824
GEO,ECCS,1992,-1.161
DEU,ECCS,1992,1.232
GHA,ECCS,1992,0.187
GIB,ECCS,1992,0.182
GRC,ECCS,1992,-0.54
GRL,ECCS,1992,-1.356
GRD,ECCS,1992,0.351
GLP,ECCS,1992,0.55
GTM,ECCS,1992,0.552
GUF,ECCS,1992,0.579
GIN,ECCS,1992,0.382
GNB,ECCS,1992,0.683
GUY,ECCS,1992,0.142
HTI,ECCS,1992,0.456
VAT,ECCS,1992,0.467
HND,ECCS,1992,0.492
HUN,ECCS,1992,0.932
ISL,ECCS,1992,0.134
IND,ECCS,1992,0.013
IDN,ECCS,1992,0.203
IRN,ECCS,1992,-0.834
IRQ,ECCS,1992,-1.192
IRL,ECCS,1992,0.43
IMN,ECCS,1992,0.446
ISR,ECCS,1992,-1.046
ITA,ECCS,1992,0.534
JAM,ECCS,1992,0.846
JPN,ECCS,1992,0.331
JOR,ECCS,1992,-1.126
KAZ,ECCS,1992,0.282
KEN,ECCS,1992,0.489
KIR,ECCS,1992,0.22
PRK,ECCS,1992,0.759
KOR,ECCS,1992,0.637
KWT,ECCS,1992,-0.564
KGZ,ECCS,1992,0.076
LAO,ECCS,1992,0.133
LVA,ECCS,1992,1.58
LBN,ECCS,1992,-1.03
LSO,ECCS,1992,0.946
LBR,ECCS,1992,0.233
LBY,ECCS,1992,-0.462
LIE,ECCS,1992,1.095
LTU,ECCS,1992,1.49
MDG,ECCS,1992,0.341
MWI,ECCS,1992,0.848
MYS,ECCS,1992,0.267
MDV,ECCS,1992,0.033
MLI,ECCS,1992,0.214
MLT,ECCS,1992,0.343
MHL,ECCS,1992,0.05
MTQ,ECCS,1992,0.56
MRT,ECCS,1992,0.629
MUS,ECCS,1992,-0.138
MYT,ECCS,1992,0.116
MEX,ECCS,1992,0.046
FSM,ECCS,1992,0.214
MDA,ECCS,1992,0.478
MCO,ECCS,1992,0.703
MNG,ECCS,1992,0.819
MSR,ECCS,1992,0.591
MAR,ECCS,1992,0.205
MOZ,ECCS,1992,0.833
MMR,ECCS,1992,0.073
NRU,ECCS,1992,-0.668
NPL,ECCS,1992,-0.106
NLD,ECCS,1992,1.195
NCL,ECCS,1992,0.27
NZL,ECCS,1992,-0.7
NIC,ECCS,1992,0.43
NER,ECCS,1992,-0.297
NGA,ECCS,1992,-0.067
NIU,ECCS,1992,0.336
NFK,ECCS,1992,-0.143
MKD,ECCS,1992,0.025
NOR,ECCS,1992,1.124
OMN,ECCS,1992,-0.447
PAK,ECCS,1992,-0.496
PLW,ECCS,1992,0.022
PAN,ECCS,1992,0.375
PNG,ECCS,1992,0.374
PRY,ECCS,1992,-0.319
PER,ECCS,1992,0.9
PHL,ECCS,1992,0.388
PCN,ECCS,1992,-0.557
POL,ECCS,1992,1.162
PRT,ECCS,1992,0.372
PRI,ECCS,1992,0.381
QAT,ECCS,1992,-0.518
ROU,ECCS,1992,0.391
RUS,ECCS,1992,0.363
RWA,ECCS,1992,0.024
SPM,ECCS,1992,-1.248
WSM,ECCS,1992,0.313
SMR,ECCS,1992,0.498
STP,ECCS,1992,0.018
SAU,ECCS,1992,-0.989
SEN,ECCS,1992,0.84
SYC,ECCS,1992,0.02
SLE,ECCS,1992,0.184
SGP,ECCS,1992,-0.108
SVN,ECCS,1992,1.156
SLB,ECCS,1992,-0.166
SOM,ECCS,1992,0.846
ZAF,ECCS,1992,0.769
ESP,ECCS,1992,0.281
LKA,ECCS,1992,0.182
KNA,ECCS,1992,0.591
LCA,ECCS,1992,0.457
VCT,ECCS,1992,0.355
SUR,ECCS,1992,0.702
SJM,ECCS,1992,0.956
SWE,ECCS,1992,1.377
CHE,ECCS,1992,0.983
SYR,ECCS,1992,-1.113
TWN,ECCS,1992,-0.184
TJK,ECCS,1992,-0.27
TZA,ECCS,1992,0.253
THA,ECCS,1992,0.29
TGO,ECCS,1992,0.172
TON,ECCS,1992,0.214
TTO,ECCS,1992,0.253
TUN,ECCS,1992,0.063
TKM,ECCS,1992,-0.059
TUV,ECCS,1992,0.199
UGA,ECCS,1992,0.366
UKR,ECCS,1992,0.477
ARE,ECCS,1992,-0.673
GBR,ECCS,1992,0.509
USA,ECCS,1992,0.399
VIR,ECCS,1992,0.42
URY,ECCS,1992,0.153
UZB,ECCS,1992,0.124
VUT,ECCS,1992,-0.108
VEN,ECCS,1992,0.421
VNM,ECCS,1992,0.013
WLF,ECCS,1992,-0.092
PSE,ECCS,1992,-1.055
ESH,ECCS,1992,0.532
ZMB,ECCS,1992,0.686
ZWE,ECCS,1992,1.107
AFG,ECCS,1993,0.175
ALB,ECCS,1993,0.068
DZA,ECCS,1993,0.643
ASM,ECCS,1993,-0.041
AND,ECCS,1993,0.167
AGO,ECCS,1993,0.242
AIA,ECCS,1993,0.609
ATG,ECCS,1993,0.701
ARG,ECCS,1993,0.004
ARM,ECCS,1993,-0.931
AUS,ECCS,1993,0.432
AUT,ECCS,1993,0.522
AZE,ECCS,1993,-0.99
BHS,ECCS,1993,0.319
BHR,ECCS,1993,0.065
BGD,ECCS,1993,-0.313
BRB,ECCS,1993,0.532
BLR,ECCS,1993,0.033
BLZ,ECCS,1993,0.64
BEN,ECCS,1993,0.606
BTN,ECCS,1993,-0.311
BOL,ECCS,1993,0.429
BIH,ECCS,1993,0.276
BWA,ECCS,1993,0.737
BRA,ECCS,1993,0.455
VGB,ECCS,1993,0.517
BRN,ECCS,1993,0.156
BGR,ECCS,1993,-0.334
BFA,ECCS,1993,0.711
CPV,ECCS,1993,0.288
KHM,ECCS,1993,0.29
CMR,ECCS,1993,0.301
CAN,ECCS,1993,0.357
CYM,ECCS,1993,0.735
CAF,ECCS,1993,0.226
TCD,ECCS,1993,0.189
CHL,ECCS,1993,0.189
HKG,ECCS,1993,0.33
MAC,ECCS,1993,0.33
CHN,ECCS,1993,0.273
COL,ECCS,1993,0.344
COM,ECCS,1993,0.166
COD,ECCS,1993,0.149
COG,ECCS,1993,0.082
COK,ECCS,1993,0.496
CRI,ECCS,1993,0.395
HRV,ECCS,1993,0.405
CUB,ECCS,1993,0.515
CYP,ECCS,1993,-0.443
CZE,ECCS,1993,0.287
DNK,ECCS,1993,0.234
DJI,ECCS,1993,0.3
DMA,ECCS,1993,0.7
DOM,ECCS,1993,0.379
ECU,ECCS,1993,0.436
EGY,ECCS,1993,-0.021
SLV,ECCS,1993,0.419
GNQ,ECCS,1993,0.089
EST,ECCS,1993,0.555
SWZ,ECCS,1993,0.794
ETH,ECCS,1993,0.235
FRO,ECCS,1993,0.081
FJI,ECCS,1993,-0.377
FIN,ECCS,1993,0.938
FRA,ECCS,1993,0.33
PYF,ECCS,1993,-0.011
GAB,ECCS,1993,0.191
GMB,ECCS,1993,1.017
GEO,ECCS,1993,-1.225
DEU,ECCS,1993,0.314
GHA,ECCS,1993,0.495
GIB,ECCS,1993,-0.104
GRC,ECCS,1993,-0.33
GRL,ECCS,1993,-1.522
GRD,ECCS,1993,0.468
GLP,ECCS,1993,0.655
GTM,ECCS,1993,0.473
GUF,ECCS,1993,0.57
GIN,ECCS,1993,0.748
GNB,ECCS,1993,0.872
GUY,ECCS,1993,0.078
HTI,ECCS,1993,0.198
VAT,ECCS,1993,0.417
HND,ECCS,1993,0.239
HUN,ECCS,1993,0.089
ISL,ECCS,1993,0.126
IND,ECCS,1993,0.199
IDN,ECCS,1993,0.204
IRN,ECCS,1993,-0.084
IRQ,ECCS,1993,-0.476
IRL,ECCS,1993,0.047
IMN,ECCS,1993,-0.053
ISR,ECCS,1993,-0.376
ITA,ECCS,1993,0.517
JAM,ECCS,1993,0.433
JPN,ECCS,1993,0.011
JOR,ECCS,1993,-0.519
KAZ,ECCS,1993,-0.375
KEN,ECCS,1993,0.1
KIR,ECCS,1993,-0.077
PRK,ECCS,1993,0.559
KOR,ECCS,1993,0.054
KWT,ECCS,1993,-0.108
KGZ,ECCS,1993,-0.08
LAO,ECCS,1993,0.215
LVA,ECCS,1993,0.394
LBN,ECCS,1993,-0.446
LSO,ECCS,1993,0.995
LBR,ECCS,1993,0.487
LBY,ECCS,1993,0.286
LIE,ECCS,1993,0.643
LTU,ECCS,1993,0.301
MDG,ECCS,1993,0.099
MWI,ECCS,1993,0.177
MYS,ECCS,1993,0.104
MDV,ECCS,1993,0.179
MLI,ECCS,1993,1.043
MLT,ECCS,1993,0.698
MHL,ECCS,1993,-0.129
MTQ,ECCS,1993,0.673
MRT,ECCS,1993,0.755
MUS,ECCS,1993,-0.115
MYT,ECCS,1993,0.233
MEX,ECCS,1993,0.292
FSM,ECCS,1993,-0.1
MDA,ECCS,1993,-0.659
MCO,ECCS,1993,0.548
MNG,ECCS,1993,0.458
MSR,ECCS,1993,0.701
MAR,ECCS,1993,0.227
MOZ,ECCS,1993,0.402
MMR,ECCS,1993,0.101
NPL,ECCS,1993,-0.203
NLD,ECCS,1993,0.26
NCL,ECCS,1993,0.021
NZL,ECCS,1993,-0.417
NIC,ECCS,1993,0.414
NER,ECCS,1993,0.396
NGA,ECCS,1993,0.565
NFK,ECCS,1993,-0.107
MKD,ECCS,1993,-0.001
NOR,ECCS,1993,0.7
OMN,ECCS,1993,0.381
PAK,ECCS,1993,0.323
PLW,ECCS,1993,-0.036
PAN,ECCS,1993,0.452
PNG,ECCS,1993,0.204
PRY,ECCS,1993,0.276
PER,ECCS,1993,0.561
PHL,ECCS,1993,0.364
PCN,ECCS,1993,-0.736
POL,ECCS,1993,0.081
PRT,ECCS,1993,-0.25
PRI,ECCS,1993,0.489
QAT,ECCS,1993,0.051
ROU,ECCS,1993,-0.402
RUS,ECCS,1993,0.953
SPM,ECCS,1993,-0.988
WSM,ECCS,1993,-0.137
SMR,ECCS,1993,0.476
STP,ECCS,1993,0.461
SAU,ECCS,1993,-0.218
SEN,ECCS,1993,1.079
SYC,ECCS,1993,0.081
SLE,ECCS,1993,0.492
SGP,ECCS,1993,-0.105
SVK,ECCS,1993,0.055
SVN,ECCS,1993,0.562
SLB,ECCS,1993,-0.181
SOM,ECCS,1993,0.289
ZAF,ECCS,1993,0.82
ESP,ECCS,1993,-0.082
LKA,ECCS,1993,0.188
KNA,ECCS,1993,0.701
LCA,ECCS,1993,0.564
VCT,ECCS,1993,0.461
SUR,ECCS,1993,0.524
SJM,ECCS,1993,0.011
SWE,ECCS,1993,0.811
CHE,ECCS,1993,0.581
SYR,ECCS,1993,-0.561
TWN,ECCS,1993,0.235
TJK,ECCS,1993,-0.159
TZA,ECCS,1993,-0.03
THA,ECCS,1993,0.224
TLS,ECCS,1993,0.232
TGO,ECCS,1993,0.557
TON,ECCS,1993,-0.116
TTO,ECCS,1993,0.566
TUN,ECCS,1993,0.734
TKM,ECCS,1993,-0.144
TUV,ECCS,1993,0.017
UGA,ECCS,1993,0.316
UKR,ECCS,1993,-0.725
ARE,ECCS,1993,-0.005
GBR,ECCS,1993,-0.026
USA,ECCS,1993,0.011
VIR,ECCS,1993,0.511
URY,ECCS,1993,0.277
UZB,ECCS,1993,-0.209
VUT,ECCS,1993,-0.447
VEN,ECCS,1993,0.472
VNM,ECCS,1993,0.245
WLF,ECCS,1993,-0.314
PSE,ECCS,1993,-0.376
ESH,ECCS,1993,0.329
ZMB,ECCS,1993,-0.052
ZWE,ECCS,1993,0.441
AFG,ECCS,1994,0.461
ALB,ECCS,1994,1.314
DZA,ECCS,1994,0.828
ASM,ECCS,1994,0.236
AND,ECCS,1994,1.512
AGO,ECCS,1994,0.5
AIA,ECCS,1994,0.671
ATG,ECCS,1994,0.686
ARG,ECCS,1994,0.419
ARM,ECCS,1994,0.488
ABW,ECCS,1994,0.413
AUS,ECCS,1994,0.171
AUT,ECCS,1994,1.953
AZE,ECCS,1994,0.115
BHS,ECCS,1994,0.74
BHR,ECCS,1994,0.931
BGD,ECCS,1994,0.327
BRB,ECCS,1994,0.535
BLR,ECCS,1994,1.147
BLZ,ECCS,1994,0.955
BEN,ECCS,1994,0.514
BTN,ECCS,1994,0.238
BOL,ECCS,1994,0.906
BIH,ECCS,1994,1.707
BWA,ECCS,1994,0.061
BRA,ECCS,1994,0.605
VGB,ECCS,1994,0.655
BRN,ECCS,1994,0.356
BGR,ECCS,1994,1.577
BFA,ECCS,1994,0.306
CPV,ECCS,1994,0.222
KHM,ECCS,1994,0.355
CMR,ECCS,1994,0.356
CAN,ECCS,1994,0.48
CYM,ECCS,1994,1.127
CAF,ECCS,1994,0.468
TCD,ECCS,1994,0.319
CHL,ECCS,1994,0.168
HKG,ECCS,1994,0.396
MAC,ECCS,1994,0.396
CHN,ECCS,1994,0.725
COL,ECCS,1994,0.345
COM,ECCS,1994,0.527
COD,ECCS,1994,0.328
COG,ECCS,1994,0.368
COK,ECCS,1994,0.577
CRI,ECCS,1994,0.329
HRV,ECCS,1994,1.717
CUB,ECCS,1994,0.884
CYP,ECCS,1994,1.062
CZE,ECCS,1994,1.797
DNK,ECCS,1994,0.973
DJI,ECCS,1994,0.258
DMA,ECCS,1994,0.686
DOM,ECCS,1994,0.595
ECU,ECCS,1994,0.267
EGY,ECCS,1994,0.601
SLV,ECCS,1994,0.768
GNQ,ECCS,1994,0.302
EST,ECCS,1994,0.355
SWZ,ECCS,1994,0.044
ETH,ECCS,1994,0.567
FRO,ECCS,1994,-0.028
FJI,ECCS,1994,-0.201
FIN,ECCS,1994,0.145
FRA,ECCS,1994,1.555
PYF,ECCS,1994,0.392
GAB,ECCS,1994,0.232
GMB,ECCS,1994,0.783
GEO,ECCS,1994,0.435
DEU,ECCS,1994,1.628
GHA,ECCS,1994,0.514
GIB,ECCS,1994,0.744
GRC,ECCS,1994,1.066
GRL,ECCS,1994,-0.575
GRD,ECCS,1994,0.466
GLP,ECCS,1994,0.678
GTM,ECCS,1994,0.741
GUF,ECCS,1994,0.548
GIN,ECCS,1994,0.506
GNB,ECCS,1994,0.728
GUY,ECCS,1994,0.35
HTI,ECCS,1994,0.855
VAT,ECCS,1994,1.414
HND,ECCS,1994,0.825
HUN,ECCS,1994,1.767
ISL,ECCS,1994,-0.196
IND,ECCS,1994,0.084
IDN,ECCS,1994,0.312
IRN,ECCS,1994,0.744
IRQ,ECCS,1994,1.006
IRL,ECCS,1994,0.266
IMN,ECCS,1994,0.254
ISR,ECCS,1994,0.795
ITA,ECCS,1994,1.513
JAM,ECCS,1994,0.923
JPN,ECCS,1994,0.958
JOR,ECCS,1994,0.934
KAZ,ECCS,1994,-0.051
KEN,ECCS,1994,0.55
KIR,ECCS,1994,0.207
PRK,ECCS,1994,1.344
KOR,ECCS,1994,1.259
KWT,ECCS,1994,0.982
KGZ,ECCS,1994,0.298
LAO,ECCS,1994,0.296
LVA,ECCS,1994,0.68
LBN,ECCS,1994,1.05
LSO,ECCS,1994,0.065
LBR,ECCS,1994,0.453
LBY,ECCS,1994,0.488
LIE,ECCS,1994,1.937
LTU,ECCS,1994,0.951
MDG,ECCS,1994,0.241
MWI,ECCS,1994,0.295
MYS,ECCS,1994,0.25
MDV,ECCS,1994,0.379
MLI,ECCS,1994,0.223
MLT,ECCS,1994,1.487
MHL,ECCS,1994,0.041
MTQ,ECCS,1994,0.657
MRT,ECCS,1994,0.483
MUS,ECCS,1994,0.265
MYT,ECCS,1994,0.533
MEX,ECCS,1994,0.67
FSM,ECCS,1994,0.099
MDA,ECCS,1994,1.648
MCO,ECCS,1994,1.393
MNG,ECCS,1994,1.328
MSR,ECCS,1994,0.686
MAR,ECCS,1994,1.079
MOZ,ECCS,1994,0.209
MMR,ECCS,1994,0.456
NPL,ECCS,1994,0.121
NLD,ECCS,1994,1.378
NCL,ECCS,1994,-0.042
NZL,ECCS,1994,-0.118
NIC,ECCS,1994,0.623
NER,ECCS,1994,0.309
NGA,ECCS,1994,0.498
NFK,ECCS,1994,-0.161
MKD,ECCS,1994,1.458
NOR,ECCS,1994,0.066
OMN,ECCS,1994,0.263
PAK,ECCS,1994,0.075
PLW,ECCS,1994,0.186
PAN,ECCS,1994,0.379
PNG,ECCS,1994,0.211
PRY,ECCS,1994,0.972
PER,ECCS,1994,0.545
PHL,ECCS,1994,0.432
PCN,ECCS,1994,-0.375
POL,ECCS,1994,1.385
PRT,ECCS,1994,0.619
PRI,ECCS,1994,0.64
QAT,ECCS,1994,0.693
ROU,ECCS,1994,1.746
RUS,ECCS,1994,0.573
SPM,ECCS,1994,-0.23
WSM,ECCS,1994,0.269
SMR,ECCS,1994,1.499
STP,ECCS,1994,0.375
SAU,ECCS,1994,0.641
SEN,ECCS,1994,0.607
SYC,ECCS,1994,0.368
SLE,ECCS,1994,0.418
SGP,ECCS,1994,0.358
SVK,ECCS,1994,1.711
SVN,ECCS,1994,1.868
SLB,ECCS,1994,0.088
SOM,ECCS,1994,0.616
ZAF,ECCS,1994,0.207
ESP,ECCS,1994,1.003
LKA,ECCS,1994,0.259
KNA,ECCS,1994,0.686
LCA,ECCS,1994,0.557
VCT,ECCS,1994,0.465
SUR,ECCS,1994,0.663
SJM,ECCS,1994,0.058
SWE,ECCS,1994,0.198
CHE,ECCS,1994,1.877
SYR,ECCS,1994,1.29
TWN,ECCS,1994,0.258
TJK,ECCS,1994,0.445
TZA,ECCS,1994,0.361
THA,ECCS,1994,0.265
TGO,ECCS,1994,0.548
TON,ECCS,1994,0.154
TTO,ECCS,1994,0.447
TUN,ECCS,1994,1.404
TKM,ECCS,1994,0.299
UGA,ECCS,1994,0.346
UKR,ECCS,1994,1.161
ARE,ECCS,1994,0.392
GBR,ECCS,1994,0.402
USA,ECCS,1994,0.472
VIR,ECCS,1994,0.655
URY,ECCS,1994,0.44
UZB,ECCS,1994,-0.02
VUT,ECCS,1994,-0.172
VEN,ECCS,1994,0.288
VNM,ECCS,1994,0.282
WLF,ECCS,1994,-0.148
PSE,ECCS,1994,0.797
ESH,ECCS,1994,0.99
ZMB,ECCS,1994,0.253
ZWE,ECCS,1994,0.102
AFG,ECCS,1995,0.405
ALB,ECCS,1995,-0.187
DZA,ECCS,1995,0.689
ASM,ECCS,1995,0.788
AND,ECCS,1995,1.283
AGO,ECCS,1995,0.783
AIA,ECCS,1995,0.785
ATG,ECCS,1995,0.858
ARG,ECCS,1995,0.2
ARM,ECCS,1995,0.701
ABW,ECCS,1995,0.691
AUS,ECCS,1995,0.351
AUT,ECCS,1995,0.936
AZE,ECCS,1995,1.022
BHS,ECCS,1995,0.663
BHR,ECCS,1995,0.179
BGD,ECCS,1995,0.313
BRB,ECCS,1995,0.665
BLR,ECCS,1995,1.507
BLZ,ECCS,1995,0.955
BEN,ECCS,1995,0.491
BTN,ECCS,1995,0.404
BOL,ECCS,1995,0.785
BIH,ECCS,1995,0.298
BWA,ECCS,1995,1.476
BRA,ECCS,1995,0.787
VGB,ECCS,1995,0.712
BRN,ECCS,1995,0.388
BGR,ECCS,1995,0.213
BFA,ECCS,1995,0.399
CPV,ECCS,1995,1.255
KHM,ECCS,1995,0.572
CMR,ECCS,1995,0.369
CAN,ECCS,1995,0.95
CYM,ECCS,1995,0.901
CAF,ECCS,1995,0.033
TCD,ECCS,1995,0.121
CHL,ECCS,1995,-0.097
HKG,ECCS,1995,0.03
MAC,ECCS,1995,0.03
CHN,ECCS,1995,0.57
COL,ECCS,1995,0.645
COM,ECCS,1995,0.409
COD,ECCS,1995,0.44
COG,ECCS,1995,0.651
COK,ECCS,1995,0.821
CRI,ECCS,1995,0.398
HRV,ECCS,1995,0.43
CUB,ECCS,1995,0.93
CYP,ECCS,1995,0.08
CZE,ECCS,1995,1.035
DNK,ECCS,1995,1.312
DJI,ECCS,1995,0.62
DMA,ECCS,1995,0.858
DOM,ECCS,1995,0.773
ECU,ECCS,1995,0.591
EGY,ECCS,1995,0.136
SLV,ECCS,1995,0.726
GNQ,ECCS,1995,0.951
EST,ECCS,1995,1.738
SWZ,ECCS,1995,0.659
ETH,ECCS,1995,0.752
FRO,ECCS,1995,-0.173
FJI,ECCS,1995,0.305
FIN,ECCS,1995,1.699
FRA,ECCS,1995,1.334
PYF,ECCS,1995,0.426
GAB,ECCS,1995,0.729
GMB,ECCS,1995,0.849
GEO,ECCS,1995,0.726
DEU,ECCS,1995,1.311
GHA,ECCS,1995,0.773
GIB,ECCS,1995,1.269
GRC,ECCS,1995,-0.041
GRL,ECCS,1995,-0.431
GRD,ECCS,1995,0.791
GLP,ECCS,1995,0.822
GTM,ECCS,1995,0.762
GUF,ECCS,1995,0.929
GIN,ECCS,1995,0.506
GNB,ECCS,1995,0.767
GUY,ECCS,1995,0.863
HTI,ECCS,1995,0.795
VAT,ECCS,1995,0.127
HND,ECCS,1995,0.903
HUN,ECCS,1995,0.655
ISL,ECCS,1995,-0.428
IND,ECCS,1995,0.207
IDN,ECCS,1995,0.342
IRN,ECCS,1995,0.677
IRQ,ECCS,1995,0.383
IRL,ECCS,1995,1.182
IMN,ECCS,1995,1.148
ISR,ECCS,1995,-0.151
ITA,ECCS,1995,0.424
JAM,ECCS,1995,0.896
JPN,ECCS,1995,0.341
JOR,ECCS,1995,-0.055
KAZ,ECCS,1995,2.025
KEN,ECCS,1995,0.423
KIR,ECCS,1995,0.574
PRK,ECCS,1995,0.683
KOR,ECCS,1995,0.424
KWT,ECCS,1995,0.212
KGZ,ECCS,1995,0.467
LAO,ECCS,1995,0.507
LVA,ECCS,1995,1.617
LBN,ECCS,1995,0.055
LSO,ECCS,1995,0.698
LBR,ECCS,1995,0.541
LBY,ECCS,1995,0.384
LIE,ECCS,1995,0.918
LTU,ECCS,1995,1.52
MDG,ECCS,1995,0.254
MWI,ECCS,1995,0.803
MYS,ECCS,1995,0.371
MDV,ECCS,1995,0.67
MLI,ECCS,1995,0.6
MLT,ECCS,1995,0.536
MHL,ECCS,1995,-0.166
MTQ,ECCS,1995,0.807
MRT,ECCS,1995,1.022
MUS,ECCS,1995,0.145
MYT,ECCS,1995,0.358
MEX,ECCS,1995,0.768
FSM,ECCS,1995,0.341
MDA,ECCS,1995,0.626
MCO,ECCS,1995,0.772
MNG,ECCS,1995,1.263
MSR,ECCS,1995,0.858
MAR,ECCS,1995,1.236
MOZ,ECCS,1995,0.63
MMR,ECCS,1995,0.574
NPL,ECCS,1995,0.233
NLD,ECCS,1995,1.556
NCL,ECCS,1995,0.807
NZL,ECCS,1995,0.055
NIC,ECCS,1995,0.803
NER,ECCS,1995,0.433
NGA,ECCS,1995,0.453
NFK,ECCS,1995,0.463
MKD,ECCS,1995,-0.068
NOR,ECCS,1995,0.944
OMN,ECCS,1995,0.111
PAK,ECCS,1995,-0.198
PLW,ECCS,1995,0.23
PAN,ECCS,1995,0.343
PNG,ECCS,1995,0.471
PRY,ECCS,1995,0.661
PER,ECCS,1995,0.794
PHL,ECCS,1995,0.447
PCN,ECCS,1995,-0.218
POL,ECCS,1995,1.125
PRT,ECCS,1995,1.598
PRI,ECCS,1995,0.726
QAT,ECCS,1995,0.102
ROU,ECCS,1995,0.439
RUS,ECCS,1995,2.101
SPM,ECCS,1995,-0.207
WSM,ECCS,1995,0.705
SMR,ECCS,1995,0.283
STP,ECCS,1995,0.944
SAU,ECCS,1995,0.178
SEN,ECCS,1995,0.916
SYC,ECCS,1995,0.299
SLE,ECCS,1995,0.403
SGP,ECCS,1995,0.267
SVK,ECCS,1995,0.711
SVN,ECCS,1995,0.803
SLB,ECCS,1995,0.652
SOM,ECCS,1995,0.565
ZAF,ECCS,1995,0.643
ESP,ECCS,1995,1.396
LKA,ECCS,1995,0.542
KNA,ECCS,1995,0.858
LCA,ECCS,1995,0.764
VCT,ECCS,1995,0.789
SUR,ECCS,1995,1.247
SJM,ECCS,1995,0.47
SWE,ECCS,1995,1.264
CHE,ECCS,1995,1.022
SYR,ECCS,1995,0.176
TWN,ECCS,1995,0.057
TJK,ECCS,1995,0.372
TZA,ECCS,1995,0.293
THA,ECCS,1995,0.584
TLS,ECCS,1995,0.044
TGO,ECCS,1995,0.611
TON,ECCS,1995,0.528
TTO,ECCS,1995,0.823
TUN,ECCS,1995,0.728
TKM,ECCS,1995,1.417
TUV,ECCS,1995,0.422
UGA,ECCS,1995,0.49
UKR,ECCS,1995,0.957
ARE,ECCS,1995,-0.194
GBR,ECCS,1995,1.111
USA,ECCS,1995,0.641
VIR,ECCS,1995,0.713
URY,ECCS,1995,0.3
UZB,ECCS,1995,1.398
VUT,ECCS,1995,0.241
VEN,ECCS,1995,0.71
VNM,ECCS,1995,0.293
WLF,ECCS,1995,0.424
PSE,ECCS,1995,-0.164
ESH,ECCS,1995,1.437
ZMB,ECCS,1995,0.644
ZWE,ECCS,1995,0.829
AFG,ECCS,1996,-0.119
ALB,ECCS,1996,-0.039
DZA,ECCS,1996,0.923
ASM,ECCS,1996,0.803
AND,ECCS,1996,0.569
AGO,ECCS,1996,0.417
AIA,ECCS,1996,0.496
ATG,ECCS,1996,0.562
ARG,ECCS,1996,0.461
ARM,ECCS,1996,0.495
ABW,ECCS,1996,0.871
AUS,ECCS,1996,0.545
AUT,ECCS,1996,-0.205
AZE,ECCS,1996,0.259
BHS,ECCS,1996,0.01
BHR,ECCS,1996,0.617
BGD,ECCS,1996,0.204
BRB,ECCS,1996,0.541
BLR,ECCS,1996,-0.265
BLZ,ECCS,1996,0.422
BEN,ECCS,1996,0.826
BTN,ECCS,1996,0.216
BOL,ECCS,1996,0.348
BIH,ECCS,1996,-0.029
BWA,ECCS,1996,0.035
BRA,ECCS,1996,0.509
VGB,ECCS,1996,0.43
BRN,ECCS,1996,0.292
BGR,ECCS,1996,-0.375
BFA,ECCS,1996,0.909
CPV,ECCS,1996,1.378
KHM,ECCS,1996,0.226
CMR,ECCS,1996,0.417
CAN,ECCS,1996,-0.107
CYM,ECCS,1996,0.312
CAF,ECCS,1996,-0.036
TCD,ECCS,1996,0.553
CHL,ECCS,1996,0.212
HKG,ECCS,1996,0.044
MAC,ECCS,1996,0.044
CHN,ECCS,1996,0.203
COL,ECCS,1996,0.292
COM,ECCS,1996,-0.054
COD,ECCS,1996,0.022
COG,ECCS,1996,0.095
COK,ECCS,1996,0.76
CRI,ECCS,1996,-0.066
HRV,ECCS,1996,-0.03
CUB,ECCS,1996,0.33
CYP,ECCS,1996,0.278
CZE,ECCS,1996,-0.612
DNK,ECCS,1996,-0.747
DJI,ECCS,1996,0.717
DMA,ECCS,1996,0.562
DOM,ECCS,1996,0.377
ECU,ECCS,1996,-0.081
EGY,ECCS,1996,0.383
SLV,ECCS,1996,0.274
GNQ,ECCS,1996,0.42
ERI,ECCS,1996,0.032
EST,ECCS,1996,-0.368
SWZ,ECCS,1996,0.026
ETH,ECCS,1996,0.745
FRO,ECCS,1996,0.327
FJI,ECCS,1996,0.338
FIN,ECCS,1996,0.139
FRA,ECCS,1996,0.2
PYF,ECCS,1996,0.009
GAB,ECCS,1996,0.221
GMB,ECCS,1996,1.109
GEO,ECCS,1996,0.179
DEU,ECCS,1996,-0.695
GHA,ECCS,1996,0.688
GIB,ECCS,1996,0.699
GRC,ECCS,1996,-0.16
GRL,ECCS,1996,0.617
GRD,ECCS,1996,0.501
GLP,ECCS,1996,0.529
GTM,ECCS,1996,0.285
GUF,ECCS,1996,0.658
GIN,ECCS,1996,0.816
GNB,ECCS,1996,0.942
GUY,ECCS,1996,0.558
HTI,ECCS,1996,0.296
VAT,ECCS,1996,0.293
HND,ECCS,1996,0.119
HUN,ECCS,1996,-0.313
ISL,ECCS,1996,0.467
IND,ECCS,1996,0.298
IDN,ECCS,1996,0.358
IRN,ECCS,1996,0.208
IRQ,ECCS,1996,0.825
IRL,ECCS,1996,-0.021
IMN,ECCS,1996,-0.126
ISR,ECCS,1996,0.345
ITA,ECCS,1996,0.233
JAM,ECCS,1996,0.319
JPN,ECCS,1996,-0.135
JOR,ECCS,1996,0.479
KAZ,ECCS,1996,-0.42
KEN,ECCS,1996,0.428
KIR,ECCS,1996,0.41
PRK,ECCS,1996,0.262
KOR,ECCS,1996,-0.018
KWT,ECCS,1996,0.924
KGZ,ECCS,1996,-0.423
LAO,ECCS,1996,0.013
LVA,ECCS,1996,-0.423
LBN,ECCS,1996,0.401
LSO,ECCS,1996,-0.244
LBR,ECCS,1996,0.485
LBY,ECCS,1996,0.589
LIE,ECCS,1996,-0.016
LTU,ECCS,1996,-0.514
MDG,ECCS,1996,0.066
MWI,ECCS,1996,0.497
MYS,ECCS,1996,0.302
MDV,ECCS,1996,0.35
MLI,ECCS,1996,1.194
MLT,ECCS,1996,0.65
MHL,ECCS,1996,-0.058
MTQ,ECCS,1996,0.561
MRT,ECCS,1996,1.409
MUS,ECCS,1996,-0.127
MYT,ECCS,1996,-0.004
MEX,ECCS,1996,0.513
FSM,ECCS,1996,0.206
MDA,ECCS,1996,-0.66
MCO,ECCS,1996,0.295
MNG,ECCS,1996,0.399
MSR,ECCS,1996,0.562
MAR,ECCS,1996,0.99
MOZ,ECCS,1996,0.209
MMR,ECCS,1996,0.36
NPL,ECCS,1996,0.186
NLD,ECCS,1996,-0.765
NCL,ECCS,1996,1.002
NZL,ECCS,1996,0.198
NIC,ECCS,1996,0.065
NER,ECCS,1996,1.077
NGA,ECCS,1996,0.811
NFK,ECCS,1996,0.818
MKD,ECCS,1996,-0.134
NOR,ECCS,1996,-0.058
OMN,ECCS,1996,0.058
PAK,ECCS,1996,-0.26
PLW,ECCS,1996,0.278
PAN,ECCS,1996,0.221
PNG,ECCS,1996,0.444
PRY,ECCS,1996,0.239
PER,ECCS,1996,0.174
PHL,ECCS,1996,0.368
PCN,ECCS,1996,-0.431
POL,ECCS,1996,-0.775
PRT,ECCS,1996,0.685
PRI,ECCS,1996,0.417
QAT,ECCS,1996,0.536
ROU,ECCS,1996,-0.394
RUS,ECCS,1996,0.803
SPM,ECCS,1996,0.189
WSM,ECCS,1996,0.73
SMR,ECCS,1996,0.204
SAU,ECCS,1996,0.567
SEN,ECCS,1996,1.194
SYC,ECCS,1996,-0.026
SLE,ECCS,1996,0.53
SGP,ECCS,1996,0.126
SVK,ECCS,1996,-0.397
SVN,ECCS,1996,-0.112
SLB,ECCS,1996,0.405
SOM,ECCS,1996,0.741
ZAF,ECCS,1996,-0.134
ESP,ECCS,1996,0.672
LKA,ECCS,1996,0.367
KNA,ECCS,1996,0.562
LCA,ECCS,1996,0.534
VCT,ECCS,1996,0.499
SUR,ECCS,1996,0.84
SJM,ECCS,1996,1.183
SWE,ECCS,1996,-0.16
CHE,ECCS,1996,0.056
SYR,ECCS,1996,0.46
TWN,ECCS,1996,-0.121
TJK,ECCS,1996,-0.476
TZA,ECCS,1996,0.163
THA,ECCS,1996,0.132
TLS,ECCS,1996,0.117
TGO,ECCS,1996,0.749
TON,ECCS,1996,0.362
TTO,ECCS,1996,0.512
TUN,ECCS,1996,0.698
TKM,ECCS,1996,-0.021
TUV,ECCS,1996,0.386
UGA,ECCS,1996,0.358
UKR,ECCS,1996,-0.402
ARE,ECCS,1996,0.326
GBR,ECCS,1996,-0.148
USA,ECCS,1996,-0.001
VIR,ECCS,1996,0.428
URY,ECCS,1996,0.464
UZB,ECCS,1996,-0.44
VUT,ECCS,1996,0.32
VEN,ECCS,1996,0.527
VNM,ECCS,1996,-0.054
WLF,ECCS,1996,0.315
PSE,ECCS,1996,0.341
ESH,ECCS,1996,1.438
ZMB,ECCS,1996,0.654
ZWE,ECCS,1996,-0.151
AFG,ECCS,1997,0.425
ALB,ECCS,1997,0.079
DZA,ECCS,1997,1.112
AND,ECCS,1997,1.765
AGO,ECCS,1997,0.285
AIA,ECCS,1997,0.661
ATG,ECCS,1997,0.754
ARG,ECCS,1997,0.692
ARM,ECCS,1997,0.785
ABW,ECCS,1997,0.559
AUS,ECCS,1997,0.32
AUT,ECCS,1997,0.509
AZE,ECCS,1997,0.622
BHS,ECCS,1997,0.745
BHR,ECCS,1997,0.294
BGD,ECCS,1997,0.022
BRB,ECCS,1997,0.486
BLR,ECCS,1997,0.369
BLZ,ECCS,1997,1.082
BEN,ECCS,1997,0.645
BTN,ECCS,1997,-0.374
BOL,ECCS,1997,0.911
BIH,ECCS,1997,0.126
BWA,ECCS,1997,0.288
BRA,ECCS,1997,0.703
VGB,ECCS,1997,0.569
BRN,ECCS,1997,0.597
BGR,ECCS,1997,-0.352
BFA,ECCS,1997,0.616
CPV,ECCS,1997,1.434
KHM,ECCS,1997,0.239
CMR,ECCS,1997,0.605
CAN,ECCS,1997,0.447
CYM,ECCS,1997,0.865
CAF,ECCS,1997,-0.045
TCD,ECCS,1997,0.235
CHL,ECCS,1997,0.638
HKG,ECCS,1997,0.291
MAC,ECCS,1997,0.291
CHN,ECCS,1997,0.73
COL,ECCS,1997,0.663
COM,ECCS,1997,0.362
COD,ECCS,1997,0.714
COK,ECCS,1997,0.458
CRI,ECCS,1997,0.752
HRV,ECCS,1997,0.309
CUB,ECCS,1997,0.754
CYP,ECCS,1997,0.032
CZE,ECCS,1997,0.132
DNK,ECCS,1997,0.657
DJI,ECCS,1997,0.609
DMA,ECCS,1997,0.753
DOM,ECCS,1997,0.669
ECU,ECCS,1997,0.973
EGY,ECCS,1997,0.003
SLV,ECCS,1997,0.938
ERI,ECCS,1997,0.212
EST,ECCS,1997,0.909
SWZ,ECCS,1997,0.304
ETH,ECCS,1997,0.667
FRO,ECCS,1997,0.873
FJI,ECCS,1997,0.043
FIN,ECCS,1997,0.784
FRA,ECCS,1997,1.249
PYF,ECCS,1997,0.17
GAB,ECCS,1997,0.431
GMB,ECCS,1997,1.271
GEO,ECCS,1997,0.344
DEU,ECCS,1997,0.564
GHA,ECCS,1997,0.478
GIB,ECCS,1997,1.423
GRC,ECCS,1997,-0.188
GRL,ECCS,1997,0.417
GRD,ECCS,1997,0.649
GLP,ECCS,1997,0.708
GTM,ECCS,1997,0.877
GUF,ECCS,1997,0.818
GIN,ECCS,1997,0.813
GNB,ECCS,1997,1.087
GUY,ECCS,1997,0.694
HTI,ECCS,1997,0.76
VAT,ECCS,1997,0.786
HND,ECCS,1997,0.848
HUN,ECCS,1997,-0.125
ISL,ECCS,1997,0.339
IND,ECCS,1997,-0.085
IDN,ECCS,1997,0.378
IRN,ECCS,1997,0.602
IRQ,ECCS,1997,0.316
IRL,ECCS,1997,0.963
IMN,ECCS,1997,0.911
ISR,ECCS,1997,-0.116
ITA,ECCS,1997,0.942
JAM,ECCS,1997,0.786
JPN,ECCS,1997,0.445
JOR,ECCS,1997,-0.186
KAZ,ECCS,1997,1.873
KEN,ECCS,1997,0.473
KIR,ECCS,1997,0.208
PRK,ECCS,1997,0.972
KOR,ECCS,1997,0.735
KWT,ECCS,1997,0.526
KGZ,ECCS,1997,1.408
LAO,ECCS,1997,0.181
LVA,ECCS,1997,0.757
LBN,ECCS,1997,-0.098
LSO,ECCS,1997,0.22
LBR,ECCS,1997,0.935
LBY,ECCS,1997,0.474
LIE,ECCS,1997,0.958
LTU,ECCS,1997,0.53
MDG,ECCS,1997,0.569
MWI,ECCS,1997,0.695
MYS,ECCS,1997,0.525
MDV,ECCS,1997,0.456
MLI,ECCS,1997,0.903
MLT,ECCS,1997,1.129
MHL,ECCS,1997,0.027
MTQ,ECCS,1997,0.7
MRT,ECCS,1997,1.141
MUS,ECCS,1997,0.417
MYT,ECCS,1997,0.442
MEX,ECCS,1997,0.439
FSM,ECCS,1997,0.102
MDA,ECCS,1997,-0.432
MCO,ECCS,1997,1.381
MNG,ECCS,1997,1.937
MSR,ECCS,1997,0.754
MAR,ECCS,1997,1.318
MOZ,ECCS,1997,0.351
MMR,ECCS,1997,0.189
NPL,ECCS,1997,-0.424
NLD,ECCS,1997,0.625
NCL,ECCS,1997,0.304
NZL,ECCS,1997,-0.16
NIC,ECCS,1997,0.754
NER,ECCS,1997,0.736
NGA,ECCS,1997,0.737
NFK,ECCS,1997,-0.165
MKD,ECCS,1997,-0.126
NOR,ECCS,1997,0.765
OMN,ECCS,1997,-0.084
PAK,ECCS,1997,-0.505
PLW,ECCS,1997,0.254
PAN,ECCS,1997,0.668
PNG,ECCS,1997,0.015
PRY,ECCS,1997,1.018
PER,ECCS,1997,0.853
PHL,ECCS,1997,0.454
PCN,ECCS,1997,-0.45
POL,ECCS,1997,0.026
PRT,ECCS,1997,1.546
PRI,ECCS,1997,0.66
QAT,ECCS,1997,0.109
ROU,ECCS,1997,-0.395
RUS,ECCS,1997,1.28
SPM,ECCS,1997,-0.307
SMR,ECCS,1997,0.92
SAU,ECCS,1997,-0.004
SEN,ECCS,1997,1.334
SYC,ECCS,1997,0.461
SLE,ECCS,1997,0.723
SGP,ECCS,1997,0.573
SVK,ECCS,1997,-0.238
SVN,ECCS,1997,0.469
SLB,ECCS,1997,0.319
SOM,ECCS,1997,0.565
ZAF,ECCS,1997,0.246
ESP,ECCS,1997,1.488
LKA,ECCS,1997,0.523
KNA,ECCS,1997,0.754
LCA,ECCS,1997,0.632
VCT,ECCS,1997,0.641
SUR,ECCS,1997,0.925
SJM,ECCS,1997,-0.322
SWE,ECCS,1997,0.983
CHE,ECCS,1997,1.094
SYR,ECCS,1997,-0.116
TWN,ECCS,1997,0.005
TJK,ECCS,1997,1.143
TZA,ECCS,1997,0.526
THA,ECCS,1997,0.283
TLS,ECCS,1997,-0.105
TGO,ECCS,1997,0.654
TON,ECCS,1997,0.263
TTO,ECCS,1997,0.794
TUN,ECCS,1997,1.324
TKM,ECCS,1997,1.401
TUV,ECCS,1997,0.433
UGA,ECCS,1997,0.629
UKR,ECCS,1997,-0.325
ARE,ECCS,1997,-0.303
GBR,ECCS,1997,0.873
USA,ECCS,1997,0.393
VIR,ECCS,1997,0.585
URY,ECCS,1997,1.109
UZB,ECCS,1997,1.551
VUT,ECCS,1997,0.008
VEN,ECCS,1997,0.629
VNM,ECCS,1997,0.267
WLF,ECCS,1997,0.015
PSE,ECCS,1997,-0.12
ESH,ECCS,1997,1.622
YEM,ECCS,1997,0.004
ZMB,ECCS,1997,0.537
ZWE,ECCS,1997,0.258
AFG,ECCS,1998,0.577
ALB,ECCS,1998,0.795
DZA,ECCS,1998,1.163
AND,ECCS,1998,1.002
AGO,ECCS,1998,1.258
AIA,ECCS,1998,1.226
ATG,ECCS,1998,1.256
ARG,ECCS,1998,0.274
ARM,ECCS,1998,1.388
ABW,ECCS,1998,1.235
AUS,ECCS,1998,1.028
AUT,ECCS,1998,1.341
AZE,ECCS,1998,1.21
BHS,ECCS,1998,0.913
BHR,ECCS,1998,1.349
BGD,ECCS,1998,0.611
BRB,ECCS,1998,1.324
BLR,ECCS,1998,0.717
BLZ,ECCS,1998,1.103
BEN,ECCS,1998,1.144
BTN,ECCS,1998,0.747
BOL,ECCS,1998,1.01
BIH,ECCS,1998,1.083
BWA,ECCS,1998,1.237
BRA,ECCS,1998,1.253
VGB,ECCS,1998,1.198
BRN,ECCS,1998,1.232
BGR,ECCS,1998,0.758
BFA,ECCS,1998,1.004
BDI,ECCS,1998,0.565
CPV,ECCS,1998,1.56
KHM,ECCS,1998,1.309
CMR,ECCS,1998,1.276
CAN,ECCS,1998,2.498
CYM,ECCS,1998,0.79
CAF,ECCS,1998,1.111
TCD,ECCS,1998,0.844
CHL,ECCS,1998,0.661
HKG,ECCS,1998,0.952
MAC,ECCS,1998,0.952
CHN,ECCS,1998,1.263
COL,ECCS,1998,1.038
COM,ECCS,1998,1.081
COD,ECCS,1998,1.013
COG,ECCS,1998,1.212
CRI,ECCS,1998,1.142
HRV,ECCS,1998,1.157
CUB,ECCS,1998,0.952
CYP,ECCS,1998,0.982
CZE,ECCS,1998,1.249
DNK,ECCS,1998,0.87
DJI,ECCS,1998,0.878
DMA,ECCS,1998,1.256
DOM,ECCS,1998,1.095
ECU,ECCS,1998,1.087
EGY,ECCS,1998,0.732
SLV,ECCS,1998,1.037
GNQ,ECCS,1998,1.048
ERI,ECCS,1998,0.372
EST,ECCS,1998,0.519
SWZ,ECCS,1998,1.04
ETH,ECCS,1998,0.767
FRO,ECCS,1998,0.657
FJI,ECCS,1998,0.662
FIN,ECCS,1998,0.072
FRA,ECCS,1998,0.959
PYF,ECCS,1998,0.449
GAB,ECCS,1998,1.174
GMB,ECCS,1998,1.5
GEO,ECCS,1998,1.264
DEU,ECCS,1998,1.158
GHA,ECCS,1998,1.208
GIB,ECCS,1998,1.064
GRC,ECCS,1998,0.645
GRL,ECCS,1998,1.242
GRD,ECCS,1998,1.341
GLP,ECCS,1998,1.241
GTM,ECCS,1998,1.053
GUF,ECCS,1998,1.544
GIN,ECCS,1998,1.239
GNB,ECCS,1998,1.506
GUY,ECCS,1998,1.17
HTI,ECCS,1998,0.993
VAT,ECCS,1998,0.872
HND,ECCS,1998,1.084
HUN,ECCS,1998,1.103
ISL,ECCS,1998,0.148
IND,ECCS,1998,0.572
IDN,ECCS,1998,0.971
IRN,ECCS,1998,1.143
IRQ,ECCS,1998,1.298
IRL,ECCS,1998,0.923
IMN,ECCS,1998,0.915
ISR,ECCS,1998,0.893
ITA,ECCS,1998,0.965
JAM,ECCS,1998,1.199
JPN,ECCS,1998,1.191
JOR,ECCS,1998,1.012
KAZ,ECCS,1998,0.474
KEN,ECCS,1998,0.297
KIR,ECCS,1998,0.632
PRK,ECCS,1998,1.768
KOR,ECCS,1998,1.486
KWT,ECCS,1998,1.357
KGZ,ECCS,1998,0.788
LAO,ECCS,1998,1.266
LVA,ECCS,1998,0.644
LBN,ECCS,1998,0.999
LSO,ECCS,1998,0.935
LBR,ECCS,1998,1.283
LBY,ECCS,1998,0.734
LIE,ECCS,1998,1.222
LTU,ECCS,1998,0.744
MDG,ECCS,1998,0.699
MWI,ECCS,1998,1.188
MYS,ECCS,1998,1.129
MDV,ECCS,1998,0.947
MLI,ECCS,1998,1.226
MLT,ECCS,1998,0.954
MHL,ECCS,1998,0.008
MTQ,ECCS,1998,1.273
MRT,ECCS,1998,1.579
MUS,ECCS,1998,0.659
MYT,ECCS,1998,1.03
MEX,ECCS,1998,0.669
FSM,ECCS,1998,0.217
MDA,ECCS,1998,0.81
MCO,ECCS,1998,0.998
MNG,ECCS,1998,2.118
MSR,ECCS,1998,1.256
MAR,ECCS,1998,1.587
MOZ,ECCS,1998,1.087
MMR,ECCS,1998,1.141
NPL,ECCS,1998,0.292
NLD,ECCS,1998,1.082
NCL,ECCS,1998,1.767
NZL,ECCS,1998,0.948
NIC,ECCS,1998,1.285
NER,ECCS,1998,0.683
NGA,ECCS,1998,1.125
NFK,ECCS,1998,1.409
MKD,ECCS,1998,0.752
NOR,ECCS,1998,0.386
OMN,ECCS,1998,1.016
PAK,ECCS,1998,0.326
PLW,ECCS,1998,0.506
PAN,ECCS,1998,1.065
PNG,ECCS,1998,0.832
PRY,ECCS,1998,0.299
PER,ECCS,1998,1.304
PHL,ECCS,1998,1.252
PCN,ECCS,1998,-0.643
POL,ECCS,1998,0.959
PRT,ECCS,1998,1.144
PRI,ECCS,1998,1.222
QAT,ECCS,1998,1.218
ROU,ECCS,1998,0.812
RUS,ECCS,1998,-0.032
RWA,ECCS,1998,0.565
SPM,ECCS,1998,0.797
SMR,ECCS,1998,1.078
STP,ECCS,1998,1.267
SAU,ECCS,1998,1.023
SEN,ECCS,1998,1.538
SYC,ECCS,1998,0.821
SLE,ECCS,1998,1.015
SGP,ECCS,1998,0.803
SVK,ECCS,1998,1.039
SVN,ECCS,1998,1.369
SLB,ECCS,1998,0.724
SOM,ECCS,1998,0.771
ZAF,ECCS,1998,0.851
ESP,ECCS,1998,1.137
LKA,ECCS,1998,1.17
KNA,ECCS,1998,1.256
LCA,ECCS,1998,1.311
VCT,ECCS,1998,1.34
SUR,ECCS,1998,1.51
SJM,ECCS,1998,0.172
SWE,ECCS,1998,0.557
CHE,ECCS,1998,1.142
SYR,ECCS,1998,1.155
TWN,ECCS,1998,1.069
TJK,ECCS,1998,0.608
TZA,ECCS,1998,0.442
THA,ECCS,1998,1.35
TLS,ECCS,1998,0.812
TGO,ECCS,1998,1.246
TON,ECCS,1998,0.298
TTO,ECCS,1998,1.339
TUN,ECCS,1998,1.065
TKM,ECCS,1998,0.995
TUV,ECCS,1998,0.214
UGA,ECCS,1998,0.484
UKR,ECCS,1998,0.742
ARE,ECCS,1998,1.007
GBR,ECCS,1998,0.851
USA,ECCS,1998,1.276
VIR,ECCS,1998,1.204
URY,ECCS,1998,0.102
UZB,ECCS,1998,0.503
VUT,ECCS,1998,0.743
VEN,ECCS,1998,1.087
VNM,ECCS,1998,1.273
WLF,ECCS,1998,0.481
PSE,ECCS,1998,0.893
ESH,ECCS,1998,1.481
ZMB,ECCS,1998,1.079
ZWE,ECCS,1998,1.09
AFG,ECCS,1999,1.167
ALB,ECCS,1999,0.686
DZA,ECCS,1999,1.51
ASM,ECCS,1999,0.264
AND,ECCS,1999,1.046
AGO,ECCS,1999,0.546
AIA,ECCS,1999,0.646
ATG,ECCS,1999,0.663
ARG,ECCS,1999,0.09
ARM,ECCS,1999,1.538
ABW,ECCS,1999,0.342
AUS,ECCS,1999,0.512
AUT,ECCS,1999,0.979
AZE,ECCS,1999,1.241
BHS,ECCS,1999,0.545
BHR,ECCS,1999,1.992
BGD,ECCS,1999,0.907
BRB,ECCS,1999,0.719
BLR,ECCS,1999,1.518
BLZ,ECCS,1999,0.452
BEN,ECCS,1999,0.694
BTN,ECCS,1999,0.95
BOL,ECCS,1999,0.367
BIH,ECCS,1999,0.636
BWA,ECCS,1999,0.923
BRA,ECCS,1999,0.559
VGB,ECCS,1999,0.63
BRN,ECCS,1999,0.441
BGR,ECCS,1999,0.669
BFA,ECCS,1999,0.546
CPV,ECCS,1999,0.575
KHM,ECCS,1999,0.304
CMR,ECCS,1999,0.662
CAN,ECCS,1999,1.72
CYM,ECCS,1999,0.324
CAF,ECCS,1999,0.391
TCD,ECCS,1999,0.542
CHL,ECCS,1999,0.193
HKG,ECCS,1999,1.011
MAC,ECCS,1999,1.011
CHN,ECCS,1999,1.229
COL,ECCS,1999,0.058
COM,ECCS,1999,0.508
COD,ECCS,1999,0.399
COG,ECCS,1999,0.71
COK,ECCS,1999,1.282
CRI,ECCS,1999,-0.102
HRV,ECCS,1999,0.709
CUB,ECCS,1999,0.582
CYP,ECCS,1999,1.107
CZE,ECCS,1999,1.102
DNK,ECCS,1999,1.334
DJI,ECCS,1999,0.374
DMA,ECCS,1999,0.662
DOM,ECCS,1999,0.63
ECU,ECCS,1999,0.104
EGY,ECCS,1999,0.833
SLV,ECCS,1999,0.317
GNQ,ECCS,1999,0.578
ERI,ECCS,1999,0.763
EST,ECCS,1999,1.498
SWZ,ECCS,1999,0.523
ETH,ECCS,1999,0.268
FRO,ECCS,1999,0.56
FJI,ECCS,1999,0.452
FIN,ECCS,1999,1.16
FRA,ECCS,1999,1.222
PYF,ECCS,1999,0.27
GAB,ECCS,1999,0.642
GMB,ECCS,1999,0.702
GEO,ECCS,1999,1.222
DEU,ECCS,1999,1.371
GHA,ECCS,1999,0.62
GIB,ECCS,1999,0.661
GRC,ECCS,1999,0.814
GRL,ECCS,1999,0.41
GRD,ECCS,1999,0.73
GLP,ECCS,1999,0.654
GTM,ECCS,1999,0.659
GUF,ECCS,1999,0.874
GIN,ECCS,1999,0.562
GNB,ECCS,1999,0.707
GUY,ECCS,1999,0.51
HTI,ECCS,1999,0.772
VAT,ECCS,1999,0.729
HND,ECCS,1999,0.343
HUN,ECCS,1999,0.623
ISL,ECCS,1999,0.416
IND,ECCS,1999,0.463
IDN,ECCS,1999,0.235
IRN,ECCS,1999,1.611
IRQ,ECCS,1999,1.917
IRL,ECCS,1999,1.058
IMN,ECCS,1999,1.094
ISR,ECCS,1999,0.895
ITA,ECCS,1999,0.921
JAM,ECCS,1999,0.558
JPN,ECCS,1999,0.94
JOR,ECCS,1999,1.038
KAZ,ECCS,1999,1.359
KEN,ECCS,1999,0.286
KIR,ECCS,1999,0.043
PRK,ECCS,1999,1.371
KOR,ECCS,1999,1.062
KWT,ECCS,1999,2.072
KGZ,ECCS,1999,1.056
LAO,ECCS,1999,0.517
LVA,ECCS,1999,1.544
LBN,ECCS,1999,1.081
LSO,ECCS,1999,1.198
LBR,ECCS,1999,0.768
LBY,ECCS,1999,1.226
LIE,ECCS,1999,0.987
LTU,ECCS,1999,1.489
MDG,ECCS,1999,0.267
MWI,ECCS,1999,0.244
MYS,ECCS,1999,0.329
MDV,ECCS,1999,0.298
MLI,ECCS,1999,0.364
MLT,ECCS,1999,1.382
MHL,ECCS,1999,-0.269
MTQ,ECCS,1999,0.678
MRT,ECCS,1999,0.356
MUS,ECCS,1999,0.114
MYT,ECCS,1999,0.52
MEX,ECCS,1999,0.583
FSM,ECCS,1999,0.139
MDA,ECCS,1999,0.923
MCO,ECCS,1999,1.005
MNG,ECCS,1999,1.765
MSR,ECCS,1999,0.663
MAR,ECCS,1999,1.021
MOZ,ECCS,1999,0.422
MMR,ECCS,1999,0.834
NPL,ECCS,1999,0.669
NLD,ECCS,1999,1.589
NCL,ECCS,1999,0.986
NZL,ECCS,1999,0.985
NIC,ECCS,1999,0.238
NER,ECCS,1999,0.553
NGA,ECCS,1999,0.824
MKD,ECCS,1999,0.597
NOR,ECCS,1999,1.262
OMN,ECCS,1999,0.887
PAK,ECCS,1999,0.72
PLW,ECCS,1999,0.307
PAN,ECCS,1999,-0.017
PNG,ECCS,1999,0.218
PRY,ECCS,1999,0.176
PER,ECCS,1999,0.33
PHL,ECCS,1999,0.519
POL,ECCS,1999,1.212
PRT,ECCS,1999,0.533
PRI,ECCS,1999,0.64
QAT,ECCS,1999,1.794
ROU,ECCS,1999,0.644
RUS,ECCS,1999,0.413
SPM,ECCS,1999,1.71
WSM,ECCS,1999,0.193
SMR,ECCS,1999,0.811
STP,ECCS,1999,0.97
SAU,ECCS,1999,1.474
SEN,ECCS,1999,0.538
SYC,ECCS,1999,0.101
SLE,ECCS,1999,0.562
SGP,ECCS,1999,0.107
SVK,ECCS,1999,0.784
SVN,ECCS,1999,0.873
SLB,ECCS,1999,0.318
SOM,ECCS,1999,0.493
ZAF,ECCS,1999,1.107
ESP,ECCS,1999,0.756
LKA,ECCS,1999,0.348
KNA,ECCS,1999,0.663
LCA,ECCS,1999,0.707
VCT,ECCS,1999,0.725
SUR,ECCS,1999,1.016
SJM,ECCS,1999,2.066
SWE,ECCS,1999,1.361
CHE,ECCS,1999,1.013
SYR,ECCS,1999,1.265
TWN,ECCS,1999,0.618
TJK,ECCS,1999,1.046
TZA,ECCS,1999,-0.298
THA,ECCS,1999,0.345
TLS,ECCS,1999,-0.119
TGO,ECCS,1999,0.662
TON,ECCS,1999,0.215
TTO,ECCS,1999,0.825
TUN,ECCS,1999,1.828
TKM,ECCS,1999,1.33
TUV,ECCS,1999,0.415
UGA,ECCS,1999,0.112
UKR,ECCS,1999,1.169
ARE,ECCS,1999,1.346
GBR,ECCS,1999,1.123
USA,ECCS,1999,0.76
VIR,ECCS,1999,0.632
URY,ECCS,1999,0.062
UZB,ECCS,1999,1.316
VUT,ECCS,1999,0.931
VEN,ECCS,1999,0.359
VNM,ECCS,1999,0.723
WLF,ECCS,1999,0.229
PSE,ECCS,1999,0.9
ESH,ECCS,1999,1.036
ZMB,ECCS,1999,0.279
ZWE,ECCS,1999,0.313
AFG,ECCS,2000,1.0
ALB,ECCS,2000,1.065
DZA,ECCS,2000,0.862
ASM,ECCS,2000,0.66
AND,ECCS,2000,1.048
AGO,ECCS,2000,0.258
AIA,ECCS,2000,0.383
ATG,ECCS,2000,0.489
ARG,ECCS,2000,-0.26
ARM,ECCS,2000,1.077
ABW,ECCS,2000,-0.044
AUS,ECCS,2000,0.085
AUT,ECCS,2000,1.764
AZE,ECCS,2000,1.08
BHS,ECCS,2000,0.145
BHR,ECCS,2000,1.123
BGD,ECCS,2000,0.361
BRB,ECCS,2000,0.576
BLR,ECCS,2000,1.949
BEL,ECCS,2000,1.494
BLZ,ECCS,2000,0.137
BEN,ECCS,2000,0.523
BTN,ECCS,2000,0.128
BOL,ECCS,2000,0.427
BIH,ECCS,2000,1.549
BWA,ECCS,2000,-0.338
BRA,ECCS,2000,0.533
VGB,ECCS,2000,0.275
BRN,ECCS,2000,0.345
BGR,ECCS,2000,1.151
BFA,ECCS,2000,0.529
CPV,ECCS,2000,0.819
KHM,ECCS,2000,0.194
CMR,ECCS,2000,0.39
CAN,ECCS,2000,1.315
CAF,ECCS,2000,0.599
TCD,ECCS,2000,0.306
CHL,ECCS,2000,-0.314
HKG,ECCS,2000,0.347
MAC,ECCS,2000,0.347
CHN,ECCS,2000,0.571
COL,ECCS,2000,0.041
COM,ECCS,2000,0.282
COD,ECCS,2000,0.511
COG,ECCS,2000,0.491
COK,ECCS,2000,0.939
CRI,ECCS,2000,0.039
HRV,ECCS,2000,1.637
CUB,ECCS,2000,0.319
CYP,ECCS,2000,0.647
CZE,ECCS,2000,1.9
DNK,ECCS,2000,1.718
DJI,ECCS,2000,0.789
DMA,ECCS,2000,0.489
DOM,ECCS,2000,0.357
ECU,ECCS,2000,0.121
EGY,ECCS,2000,0.099
SLV,ECCS,2000,0.006
GNQ,ECCS,2000,0.423
ERI,ECCS,2000,0.501
EST,ECCS,2000,2.042
SWZ,ECCS,2000,-0.089
ETH,ECCS,2000,0.524
FRO,ECCS,2000,0.267
FJI,ECCS,2000,0.577
FIN,ECCS,2000,2.027
FRA,ECCS,2000,1.201
PYF,ECCS,2000,0.148
GAB,ECCS,2000,0.373
GMB,ECCS,2000,0.914
GEO,ECCS,2000,0.954
DEU,ECCS,2000,1.768
GHA,ECCS,2000,0.495
GIB,ECCS,2000,0.779
GRC,ECCS,2000,0.691
GRL,ECCS,2000,0.899
GRD,ECCS,2000,0.671
GLP,ECCS,2000,0.436
GTM,ECCS,2000,0.274
GUF,ECCS,2000,0.768
GIN,ECCS,2000,0.71
GNB,ECCS,2000,0.955
GUY,ECCS,2000,0.846
VAT,ECCS,2000,1.156
HND,ECCS,2000,0.011
HUN,ECCS,2000,1.756
ISL,ECCS,2000,0.246
IND,ECCS,2000,0.331
IDN,ECCS,2000,0.234
IRN,ECCS,2000,1.157
IRQ,ECCS,2000,0.991
IRL,ECCS,2000,0.552
IMN,ECCS,2000,0.611
ISR,ECCS,2000,0.296
ITA,ECCS,2000,1.256
JAM,ECCS,2000,0.272
JPN,ECCS,2000,0.622
JOR,ECCS,2000,0.373
KAZ,ECCS,2000,1.485
KEN,ECCS,2000,0.553
KIR,ECCS,2000,0.309
PRK,ECCS,2000,0.59
KOR,ECCS,2000,0.422
KWT,ECCS,2000,1.275
KGZ,ECCS,2000,1.065
LAO,ECCS,2000,-0.096
LVA,ECCS,2000,2.011
LBN,ECCS,2000,0.531
LSO,ECCS,2000,0.304
LBR,ECCS,2000,0.486
LBY,ECCS,2000,0.302
LIE,ECCS,2000,1.466
LTU,ECCS,2000,2.032
LUX,ECCS,2000,1.663
MDG,ECCS,2000,0.372
MWI,ECCS,2000,0.951
MYS,ECCS,2000,0.282
MDV,ECCS,2000,0.259
MLI,ECCS,2000,0.653
MLT,ECCS,2000,1.166
MHL,ECCS,2000,-0.155
MTQ,ECCS,2000,0.51
MRT,ECCS,2000,1.004
MUS,ECCS,2000,0.027
MYT,ECCS,2000,0.291
MEX,ECCS,2000,0.555
FSM,ECCS,2000,0.316
MDA,ECCS,2000,1.492
MCO,ECCS,2000,1.19
MNG,ECCS,2000,0.981
MSR,ECCS,2000,0.489
MAR,ECCS,2000,0.945
MOZ,ECCS,2000,0.593
MMR,ECCS,2000,0.161
NPL,ECCS,2000,0.098
NLD,ECCS,2000,1.61
NCL,ECCS,2000,0.472
NZL,ECCS,2000,0.242
NIC,ECCS,2000,0.093
NER,ECCS,2000,0.715
NGA,ECCS,2000,0.591
NFK,ECCS,2000,0.189
MKD,ECCS,2000,1.073
NOR,ECCS,2000,1.432
OMN,ECCS,2000,0.844
PAK,ECCS,2000,0.582
PLW,ECCS,2000,0.286
PAN,ECCS,2000,0.085
PNG,ECCS,2000,0.293
PRY,ECCS,2000,0.221
PER,ECCS,2000,0.393
PHL,ECCS,2000,0.642
PCN,ECCS,2000,0.297
POL,ECCS,2000,1.895
PRT,ECCS,2000,0.558
PRI,ECCS,2000,0.254
QAT,ECCS,2000,1.027
ROU,ECCS,2000,1.346
RUS,ECCS,2000,1.32
SPM,ECCS,2000,1.123
WSM,ECCS,2000,0.577
SMR,ECCS,2000,1.366
STP,ECCS,2000,0.494
SAU,ECCS,2000,0.773
SEN,ECCS,2000,0.886
SYC,ECCS,2000,0.194
SGP,ECCS,2000,0.146
SVK,ECCS,2000,1.636
SVN,ECCS,2000,1.803
SLB,ECCS,2000,0.404
SOM,ECCS,2000,0.55
ZAF,ECCS,2000,0.275
ESP,ECCS,2000,0.754
LKA,ECCS,2000,0.457
KNA,ECCS,2000,0.489
LCA,ECCS,2000,0.588
VCT,ECCS,2000,0.671
SUR,ECCS,2000,1.097
SJM,ECCS,2000,1.975
SWE,ECCS,2000,1.72
CHE,ECCS,2000,1.454
SYR,ECCS,2000,0.648
TWN,ECCS,2000,0.339
TJK,ECCS,2000,0.911
TZA,ECCS,2000,0.487
THA,ECCS,2000,-0.037
TGO,ECCS,2000,0.614
TON,ECCS,2000,0.368
TTO,ECCS,2000,0.649
TUN,ECCS,2000,1.096
TKM,ECCS,2000,1.339
TUV,ECCS,2000,0.523
UGA,ECCS,2000,0.394
UKR,ECCS,2000,1.434
ARE,ECCS,2000,0.732
GBR,ECCS,2000,0.709
USA,ECCS,2000,1.005
VIR,ECCS,2000,0.27
URY,ECCS,2000,0.341
UZB,ECCS,2000,1.399
VUT,ECCS,2000,0.659
VEN,ECCS,2000,0.307
VNM,ECCS,2000,0.112
WLF,ECCS,2000,0.394
PSE,ECCS,2000,0.296
ESH,ECCS,2000,0.957
ZMB,ECCS,2000,0.173
ZWE,ECCS,2000,-0.132
AFG,ECCS,2001,1.276
ALB,ECCS,2001,1.547
DZA,ECCS,2001,1.889
ASM,ECCS,2001,0.938
AND,ECCS,2001,1.494
AGO,ECCS,2001,0.259
AIA,ECCS,2001,0.709
ARG,ECCS,2001,0.339
ARM,ECCS,2001,1.449
ABW,ECCS,2001,0.576
AUS,ECCS,2001,0.281
AUT,ECCS,2001,1.499
AZE,ECCS,2001,1.419
BHS,ECCS,2001,0.094
BHR,ECCS,2001,1.22
BGD,ECCS,2001,0.466
BRB,ECCS,2001,0.786
BLR,ECCS,2001,1.986
BEL,ECCS,2001,1.347
BLZ,ECCS,2001,0.403
BEN,ECCS,2001,0.595
BTN,ECCS,2001,0.636
BOL,ECCS,2001,0.692
BIH,ECCS,2001,1.553
BWA,ECCS,2001,0.216
BRA,ECCS,2001,0.795
VGB,ECCS,2001,0.71
BRN,ECCS,2001,0.416
BGR,ECCS,2001,1.61
BFA,ECCS,2001,0.496
BDI,ECCS,2001,0.536
CPV,ECCS,2001,1.109
KHM,ECCS,2001,0.549
CMR,ECCS,2001,0.228
CAN,ECCS,2001,1.445
CAF,ECCS,2001,0.314
TCD,ECCS,2001,0.248
CHL,ECCS,2001,-0.145
HKG,ECCS,2001,0.877
MAC,ECCS,2001,0.877
CHN,ECCS,2001,1.037
COL,ECCS,2001,0.507
COM,ECCS,2001,0.43
COD,ECCS,2001,0.43
COG,ECCS,2001,0.361
COK,ECCS,2001,1.012
CRI,ECCS,2001,0.565
HRV,ECCS,2001,1.608
CUB,ECCS,2001,0.368
CYP,ECCS,2001,1.187
CZE,ECCS,2001,1.217
DNK,ECCS,2001,1.043
DJI,ECCS,2001,0.75
DOM,ECCS,2001,0.776
ECU,ECCS,2001,0.388
EGY,ECCS,2001,0.701
SLV,ECCS,2001,0.419
GNQ,ECCS,2001,0.404
ERI,ECCS,2001,0.44
EST,ECCS,2001,1.811
SWZ,ECCS,2001,0.546
ETH,ECCS,2001,0.691
FRO,ECCS,2001,0.527
FJI,ECCS,2001,0.605
FIN,ECCS,2001,1.372
FRA,ECCS,2001,1.42
PYF,ECCS,2001,0.352
GAB,ECCS,2001,0.266
GMB,ECCS,2001,1.265
GEO,ECCS,2001,1.253
DEU,ECCS,2001,1.296
GHA,ECCS,2001,0.598
GIB,ECCS,2001,1.204
GRC,ECCS,2001,1.329
GRL,ECCS,2001,0.852
GRD,ECCS,2001,0.764
GLP,ECCS,2001,0.709
GTM,ECCS,2001,0.336
GUF,ECCS,2001,0.861
GIN,ECCS,2001,0.829
GNB,ECCS,2001,1.205
GUY,ECCS,2001,0.836
HTI,ECCS,2001,0.632
VAT,ECCS,2001,1.532
HND,ECCS,2001,0.215
HUN,ECCS,2001,1.414
ISL,ECCS,2001,0.557
IND,ECCS,2001,0.456
IDN,ECCS,2001,0.47
IRN,ECCS,2001,1.455
IRQ,ECCS,2001,1.278
IRL,ECCS,2001,0.53
IMN,ECCS,2001,0.498
ISR,ECCS,2001,0.91
ITA,ECCS,2001,1.565
JAM,ECCS,2001,0.535
JPN,ECCS,2001,0.403
JOR,ECCS,2001,0.986
KAZ,ECCS,2001,1.637
KEN,ECCS,2001,0.603
KIR,ECCS,2001,0.591
PRK,ECCS,2001,0.841
KOR,ECCS,2001,0.902
KWT,ECCS,2001,1.276
KGZ,ECCS,2001,1.459
LAO,ECCS,2001,0.589
LVA,ECCS,2001,1.811
LBN,ECCS,2001,1.131
LSO,ECCS,2001,0.522
LBR,ECCS,2001,0.503
LBY,ECCS,2001,1.269
LIE,ECCS,2001,1.452
LTU,ECCS,2001,1.804
LUX,ECCS,2001,1.447
MDG,ECCS,2001,0.503
MWI,ECCS,2001,0.818
MYS,ECCS,2001,0.441
MDV,ECCS,2001,0.544
MLI,ECCS,2001,0.587
MLT,ECCS,2001,1.775
MHL,ECCS,2001,0.169
MTQ,ECCS,2001,0.81
MRT,ECCS,2001,1.168
MUS,ECCS,2001,0.294
MYT,ECCS,2001,0.451
MEX,ECCS,2001,0.483
FSM,ECCS,2001,0.322
MDA,ECCS,2001,1.709
MCO,ECCS,2001,1.475
MNG,ECCS,2001,1.681
MAR,ECCS,2001,1.786
MOZ,ECCS,2001,0.657
MMR,ECCS,2001,0.613
NPL,ECCS,2001,0.456
NLD,ECCS,2001,1.283
NCL,ECCS,2001,0.753
NZL,ECCS,2001,0.547
NIC,ECCS,2001,0.178
NER,ECCS,2001,0.209
NGA,ECCS,2001,0.272
NFK,ECCS,2001,0.49
MKD,ECCS,2001,1.596
NOR,ECCS,2001,0.617
OMN,ECCS,2001,0.959
PAK,ECCS,2001,0.658
PLW,ECCS,2001,0.325
PAN,ECCS,2001,0.569
PNG,ECCS,2001,0.439
PRY,ECCS,2001,0.761
PER,ECCS,2001,0.457
PHL,ECCS,2001,0.757
PCN,ECCS,2001,0.053
POL,ECCS,2001,1.3
PRT,ECCS,2001,1.046
PRI,ECCS,2001,0.746
QAT,ECCS,2001,1.045
ROU,ECCS,2001,1.539
RUS,ECCS,2001,0.814
RWA,ECCS,2001,0.316
SPM,ECCS,2001,0.535
WSM,ECCS,2001,0.855
SMR,ECCS,2001,1.679
STP,ECCS,2001,0.324
SAU,ECCS,2001,0.886
SEN,ECCS,2001,1.136
SYC,ECCS,2001,0.536
SLE,ECCS,2001,0.818
SGP,ECCS,2001,0.216
SVK,ECCS,2001,1.255
SVN,ECCS,2001,1.727
SOM,ECCS,2001,0.897
ZAF,ECCS,2001,0.527
ESP,ECCS,2001,1.349
LKA,ECCS,2001,0.702
LCA,ECCS,2001,0.783
VCT,ECCS,2001,0.764
SUR,ECCS,2001,1.043
SJM,ECCS,2001,1.386
SWE,ECCS,2001,1.066
CHE,ECCS,2001,1.484
SYR,ECCS,2001,1.135
TWN,ECCS,2001,0.724
TJK,ECCS,2001,1.409
TZA,ECCS,2001,0.379
THA,ECCS,2001,0.543
TGO,ECCS,2001,0.732
TON,ECCS,2001,0.659
TTO,ECCS,2001,0.778
TUN,ECCS,2001,2.073
TKM,ECCS,2001,1.565
TUV,ECCS,2001,0.784
UGA,ECCS,2001,0.254
UKR,ECCS,2001,1.804
ARE,ECCS,2001,0.598
GBR,ECCS,2001,0.617
USA,ECCS,2001,0.792
VIR,ECCS,2001,0.715
URY,ECCS,2001,1.218
UZB,ECCS,2001,1.567
VUT,ECCS,2001,0.481
VEN,ECCS,2001,0.601
VNM,ECCS,2001,0.65
WLF,ECCS,2001,0.594
PSE,ECCS,2001,0.911
ESH,ECCS,2001,1.426
ZMB,ECCS,2001,0.388
ZWE,ECCS,2001,0.253
AFG,ECCS,2002,1.355
ALB,ECCS,2002,0.513
DZA,ECCS,2002,1.288
ASM,ECCS,2002,1.185
AND,ECCS,2002,0.848
AGO,ECCS,2002,0.739
AIA,ECCS,2002,0.872
ATG,ECCS,2002,0.697
ARG,ECCS,2002,0.205
ARM,ECCS,2002,1.215
ABW,ECCS,2002,0.751
AUS,ECCS,2002,0.664
AUT,ECCS,2002,1.53
AZE,ECCS,2002,1.479
BHS,ECCS,2002,0.862
BHR,ECCS,2002,1.581
BGD,ECCS,2002,0.547
BRB,ECCS,2002,0.683
BLR,ECCS,2002,1.901
BEL,ECCS,2002,1.41
BLZ,ECCS,2002,0.711
BEN,ECCS,2002,0.784
BTN,ECCS,2002,0.436
BOL,ECCS,2002,1.028
BIH,ECCS,2002,1.158
BWA,ECCS,2002,0.8
BRA,ECCS,2002,1.071
VGB,ECCS,2002,0.969
BRN,ECCS,2002,0.582
BGR,ECCS,2002,0.814
BFA,ECCS,2002,0.997
BDI,ECCS,2002,0.974
CPV,ECCS,2002,1.191
KHM,ECCS,2002,0.691
CMR,ECCS,2002,0.705
CAN,ECCS,2002,0.556
CAF,ECCS,2002,0.664
TCD,ECCS,2002,0.752
CHL,ECCS,2002,-0.05
HKG,ECCS,2002,0.984
MAC,ECCS,2002,0.984
CHN,ECCS,2002,1.129
COL,ECCS,2002,0.761
COM,ECCS,2002,0.887
COD,ECCS,2002,0.91
COG,ECCS,2002,0.796
COK,ECCS,2002,0.902
CRI,ECCS,2002,0.611
HRV,ECCS,2002,1.265
CUB,ECCS,2002,0.792
CYP,ECCS,2002,0.853
CZE,ECCS,2002,1.522
DNK,ECCS,2002,1.651
DJI,ECCS,2002,1.312
DMA,ECCS,2002,0.697
DOM,ECCS,2002,0.873
ECU,ECCS,2002,0.687
EGY,ECCS,2002,0.832
SLV,ECCS,2002,0.761
GNQ,ECCS,2002,0.653
ERI,ECCS,2002,1.022
EST,ECCS,2002,1.452
SWZ,ECCS,2002,0.756
ETH,ECCS,2002,1.052
FRO,ECCS,2002,1.101
FJI,ECCS,2002,0.606
FIN,ECCS,2002,1.171
FRA,ECCS,2002,1.077
PYF,ECCS,2002,0.648
GAB,ECCS,2002,0.678
GMB,ECCS,2002,1.348
GEO,ECCS,2002,1.046
DEU,ECCS,2002,1.493
GHA,ECCS,2002,0.848
GIB,ECCS,2002,0.767
GRC,ECCS,2002,0.458
GRL,ECCS,2002,1.07
GRD,ECCS,2002,0.586
GLP,ECCS,2002,0.823
GTM,ECCS,2002,0.666
GUF,ECCS,2002,1.001
GIN,ECCS,2002,1.164
GNB,ECCS,2002,1.259
GUY,ECCS,2002,1.022
HTI,ECCS,2002,0.809
VAT,ECCS,2002,0.741
HND,ECCS,2002,0.616
HUN,ECCS,2002,1.444
ISL,ECCS,2002,0.762
IND,ECCS,2002,0.799
IDN,ECCS,2002,0.594
IRN,ECCS,2002,1.605
IRQ,ECCS,2002,1.148
IRL,ECCS,2002,0.811
IMN,ECCS,2002,0.877
ISR,ECCS,2002,0.793
ITA,ECCS,2002,0.943
JAM,ECCS,2002,0.764
JPN,ECCS,2002,0.615
JOR,ECCS,2002,0.674
KAZ,ECCS,2002,2.243
KEN,ECCS,2002,0.764
KIR,ECCS,2002,0.692
PRK,ECCS,2002,0.84
KOR,ECCS,2002,0.656
KWT,ECCS,2002,1.614
KGZ,ECCS,2002,1.431
LAO,ECCS,2002,0.497
LVA,ECCS,2002,1.71
LBN,ECCS,2002,0.819
LSO,ECCS,2002,0.632
LBR,ECCS,2002,0.856
LBY,ECCS,2002,0.897
LIE,ECCS,2002,1.397
LTU,ECCS,2002,1.915
LUX,ECCS,2002,1.404
MDG,ECCS,2002,0.437
MWI,ECCS,2002,0.948
MYS,ECCS,2002,0.593
MDV,ECCS,2002,0.703
MLI,ECCS,2002,1.249
MLT,ECCS,2002,1.053
MHL,ECCS,2002,0.329
MTQ,ECCS,2002,0.78
MRT,ECCS,2002,1.179
MUS,ECCS,2002,0.197
MYT,ECCS,2002,0.897
MEX,ECCS,2002,0.674
FSM,ECCS,2002,0.301
MDA,ECCS,2002,1.451
MCO,ECCS,2002,0.994
MNG,ECCS,2002,1.779
MSR,ECCS,2002,0.697
MAR,ECCS,2002,1.174
MOZ,ECCS,2002,0.76
MMR,ECCS,2002,0.637
NPL,ECCS,2002,0.549
NLD,ECCS,2002,1.542
NCL,ECCS,2002,0.765
NZL,ECCS,2002,0.396
NIC,ECCS,2002,0.444
NER,ECCS,2002,0.573
NGA,ECCS,2002,0.792
NFK,ECCS,2002,0.406
MKD,ECCS,2002,0.364
NOR,ECCS,2002,1.395
OMN,ECCS,2002,1.283
PAK,ECCS,2002,0.9
PLW,ECCS,2002,0.437
PAN,ECCS,2002,0.709
PNG,ECCS,2002,0.534
PRY,ECCS,2002,1.218
PER,ECCS,2002,0.762
PHL,ECCS,2002,0.661
PCN,ECCS,2002,0.392
POL,ECCS,2002,1.716
PRT,ECCS,2002,0.595
PRI,ECCS,2002,0.921
QAT,ECCS,2002,1.539
ROU,ECCS,2002,1.22
RUS,ECCS,2002,1.59
RWA,ECCS,2002,0.729
SPM,ECCS,2002,-0.023
WSM,ECCS,2002,1.103
SMR,ECCS,2002,1.108
STP,ECCS,2002,0.712
SAU,ECCS,2002,1.096
SEN,ECCS,2002,1.417
SYC,ECCS,2002,0.305
SLE,ECCS,2002,0.98
SGP,ECCS,2002,0.37
SVK,ECCS,2002,1.395
SVN,ECCS,2002,1.517
SOM,ECCS,2002,1.01
ZAF,ECCS,2002,0.513
ESP,ECCS,2002,0.763
LKA,ECCS,2002,0.855
KNA,ECCS,2002,0.697
LCA,ECCS,2002,0.662
VCT,ECCS,2002,0.587
SUR,ECCS,2002,1.32
SJM,ECCS,2002,1.616
SWE,ECCS,2002,1.563
CHE,ECCS,2002,1.291
SYR,ECCS,2002,0.841
TWN,ECCS,2002,0.878
TJK,ECCS,2002,1.217
TZA,ECCS,2002,0.608
THA,ECCS,2002,0.526
TGO,ECCS,2002,0.807
TON,ECCS,2002,0.794
TTO,ECCS,2002,0.573
TUN,ECCS,2002,1.332
TKM,ECCS,2002,1.835
TUV,ECCS,2002,0.816
UGA,ECCS,2002,0.732
UKR,ECCS,2002,1.55
ARE,ECCS,2002,1.192
GBR,ECCS,2002,0.996
USA,ECCS,2002,0.954
VIR,ECCS,2002,0.96
URY,ECCS,2002,0.617
UZB,ECCS,2002,1.836
VUT,ECCS,2002,0.48
VEN,ECCS,2002,0.728
VNM,ECCS,2002,0.659
WLF,ECCS,2002,0.66
PSE,ECCS,2002,0.794
ESH,ECCS,2002,1.372
ZMB,ECCS,2002,0.78
ZWE,ECCS,2002,0.674
AFG,ECCS,2003,0.552
ALB,ECCS,2003,1.026
DZA,ECCS,2003,1.621
ASM,ECCS,2003,0.739
AND,ECCS,2003,1.968
AGO,ECCS,2003,0.971
AIA,ECCS,2003,0.932
ATG,ECCS,2003,0.895
ARG,ECCS,2003,0.573
ARM,ECCS,2003,0.197
ABW,ECCS,2003,0.929
AUS,ECCS,2003,0.77
AUT,ECCS,2003,1.462
AZE,ECCS,2003,-0.053
BHS,ECCS,2003,0.986
BHR,ECCS,2003,1.26
BGD,ECCS,2003,0.442
BRB,ECCS,2003,0.965
BLR,ECCS,2003,0.098
BEL,ECCS,2003,1.535
BLZ,ECCS,2003,0.944
BEN,ECCS,2003,1.041
BTN,ECCS,2003,0.483
BOL,ECCS,2003,0.674
BIH,ECCS,2003,1.114
BWA,ECCS,2003,1.197
BRA,ECCS,2003,0.964
VGB,ECCS,2003,0.917
BRN,ECCS,2003,0.835
BGR,ECCS,2003,0.14
BFA,ECCS,2003,0.976
BDI,ECCS,2003,1.122
CPV,ECCS,2003,0.95
KHM,ECCS,2003,0.589
CMR,ECCS,2003,0.958
CAN,ECCS,2003,1.268
CAF,ECCS,2003,0.78
TCD,ECCS,2003,0.805
CHL,ECCS,2003,0.185
HKG,ECCS,2003,1.006
MAC,ECCS,2003,1.006
CHN,ECCS,2003,0.821
COL,ECCS,2003,0.809
COM,ECCS,2003,0.563
COD,ECCS,2003,0.944
COG,ECCS,2003,0.897
COK,ECCS,2003,0.85
CRI,ECCS,2003,0.787
HRV,ECCS,2003,1.279
CUB,ECCS,2003,0.933
CYP,ECCS,2003,0.618
CZE,ECCS,2003,1.07
DNK,ECCS,2003,0.703
DJI,ECCS,2003,1.374
DMA,ECCS,2003,0.894
DOM,ECCS,2003,0.949
ECU,ECCS,2003,0.708
EGY,ECCS,2003,0.728
SLV,ECCS,2003,1.006
GNQ,ECCS,2003,0.943
ERI,ECCS,2003,0.608
EST,ECCS,2003,0.196
SWZ,ECCS,2003,0.942
ETH,ECCS,2003,1.099
FRO,ECCS,2003,1.671
FJI,ECCS,2003,0.531
FIN,ECCS,2003,0.709
FRA,ECCS,2003,1.82
PYF,ECCS,2003,0.539
GAB,ECCS,2003,0.909
GMB,ECCS,2003,1.091
GEO,ECCS,2003,-0.256
DEU,ECCS,2003,1.259
GHA,ECCS,2003,1.067
GIB,ECCS,2003,1.291
GRC,ECCS,2003,0.411
GRL,ECCS,2003,2.361
GRD,ECCS,2003,0.968
GLP,ECCS,2003,0.94
GTM,ECCS,2003,1.131
GUF,ECCS,2003,1.255
GIN,ECCS,2003,1.06
GNB,ECCS,2003,1.034
GUY,ECCS,2003,1.175
HTI,ECCS,2003,1.014
VAT,ECCS,2003,1.539
HND,ECCS,2003,0.621
HUN,ECCS,2003,0.729
ISL,ECCS,2003,1.788
IND,ECCS,2003,0.665
IDN,ECCS,2003,0.621
IRN,ECCS,2003,0.884
IRQ,ECCS,2003,0.957
IRL,ECCS,2003,1.004
IMN,ECCS,2003,1.034
ISR,ECCS,2003,0.629
ITA,ECCS,2003,1.56
JAM,ECCS,2003,0.934
JPN,ECCS,2003,0.303
JOR,ECCS,2003,0.522
KAZ,ECCS,2003,0.119
KEN,ECCS,2003,0.926
KIR,ECCS,2003,0.342
PRK,ECCS,2003,0.931
KOR,ECCS,2003,0.635
KWT,ECCS,2003,1.579
KGZ,ECCS,2003,0.464
LAO,ECCS,2003,0.854
LVA,ECCS,2003,0.228
LBN,ECCS,2003,0.632
LSO,ECCS,2003,1.131
LBR,ECCS,2003,0.955
LBY,ECCS,2003,0.975
LIE,ECCS,2003,1.688
LTU,ECCS,2003,0.18
LUX,ECCS,2003,1.703
MDG,ECCS,2003,0.488
MWI,ECCS,2003,1.214
MYS,ECCS,2003,0.665
MDV,ECCS,2003,0.604
MLI,ECCS,2003,1.256
MLT,ECCS,2003,1.534
MHL,ECCS,2003,0.295
MTQ,ECCS,2003,0.906
MRT,ECCS,2003,1.216
MUS,ECCS,2003,0.485
MYT,ECCS,2003,0.573
MEX,ECCS,2003,0.832
FSM,ECCS,2003,0.347
MDA,ECCS,2003,-0.185
MCO,ECCS,2003,1.722
MNG,ECCS,2003,0.504
MSR,ECCS,2003,0.895
MAR,ECCS,2003,1.667
MOZ,ECCS,2003,0.811
MMR,ECCS,2003,0.641
NPL,ECCS,2003,0.309
NLD,ECCS,2003,1.221
NCL,ECCS,2003,0.571
NZL,ECCS,2003,0.214
NIC,ECCS,2003,0.8
NER,ECCS,2003,0.819
NGA,ECCS,2003,0.859
NFK,ECCS,2003,0.285
MKD,ECCS,2003,0.635
NOR,ECCS,2003,1.089
OMN,ECCS,2003,1.185
PAK,ECCS,2003,0.401
PLW,ECCS,2003,0.372
PAN,ECCS,2003,0.82
PNG,ECCS,2003,0.578
PRY,ECCS,2003,0.832
PER,ECCS,2003,0.727
PHL,ECCS,2003,0.78
PCN,ECCS,2003,-0.262
POL,ECCS,2003,0.379
PRT,ECCS,2003,1.364
PRI,ECCS,2003,0.991
QAT,ECCS,2003,1.269
ROU,ECCS,2003,0.139
RUS,ECCS,2003,0.994
RWA,ECCS,2003,0.985
SPM,ECCS,2003,0.196
WSM,ECCS,2003,0.664
SMR,ECCS,2003,1.61
STP,ECCS,2003,0.985
SAU,ECCS,2003,0.996
SEN,ECCS,2003,1.158
SYC,ECCS,2003,0.486
SLE,ECCS,2003,0.805
SGP,ECCS,2003,0.374
SVK,ECCS,2003,0.664
SVN,ECCS,2003,1.443
SLB,ECCS,2003,-0.096
SOM,ECCS,2003,1.249
ZAF,ECCS,2003,0.933
ESP,ECCS,2003,1.548
LKA,ECCS,2003,0.764
KNA,ECCS,2003,0.895
LCA,ECCS,2003,0.959
VCT,ECCS,2003,0.973
SUR,ECCS,2003,1.573
SJM,ECCS,2003,0.842
SWE,ECCS,2003,0.905
CHE,ECCS,2003,1.874
SYR,ECCS,2003,0.52
TWN,ECCS,2003,0.862
TJK,ECCS,2003,0.518
TZA,ECCS,2003,0.978
THA,ECCS,2003,0.667
TLS,ECCS,2003,0.21
TGO,ECCS,2003,1.106
TON,ECCS,2003,0.425
TTO,ECCS,2003,0.896
TUN,ECCS,2003,1.78
TKM,ECCS,2003,0.112
TUV,ECCS,2003,0.569
UGA,ECCS,2003,0.87
UKR,ECCS,2003,-0.252
ARE,ECCS,2003,1.052
GBR,ECCS,2003,1.179
USA,ECCS,2003,0.991
VIR,ECCS,2003,0.931
URY,ECCS,2003,0.323
UZB,ECCS,2003,0.148
VUT,ECCS,2003,0.217
VEN,ECCS,2003,0.994
VNM,ECCS,2003,1.001
WLF,ECCS,2003,0.501
PSE,ECCS,2003,0.63
ESH,ECCS,2003,1.485
ZMB,ECCS,2003,0.988
ZWE,ECCS,2003,0.565
AFG,ECCS,2004,1.422
ALB,ECCS,2004,0.472
DZA,ECCS,2004,1.024
ASM,ECCS,2004,0.285
AND,ECCS,2004,0.954
AGO,ECCS,2004,0.53
AIA,ECCS,2004,0.523
ATG,ECCS,2004,0.559
ARG,ECCS,2004,0.381
ARM,ECCS,2004,1.149
ABW,ECCS,2004,0.48
AUS,ECCS,2004,0.649
AUT,ECCS,2004,0.826
AZE,ECCS,2004,1.372
BHS,ECCS,2004,0.325
BHR,ECCS,2004,1.387
BGD,ECCS,2004,0.45
BRB,ECCS,2004,0.776
BLR,ECCS,2004,0.947
BEL,ECCS,2004,1.098
BLZ,ECCS,2004,0.698
BEN,ECCS,2004,0.821
BTN,ECCS,2004,0.458
BOL,ECCS,2004,0.873
BIH,ECCS,2004,0.604
BWA,ECCS,2004,0.337
BRA,ECCS,2004,0.82
VGB,ECCS,2004,0.488
BRN,ECCS,2004,0.656
BGR,ECCS,2004,0.483
BFA,ECCS,2004,0.86
BDI,ECCS,2004,1.207
CPV,ECCS,2004,1.042
KHM,ECCS,2004,0.52
CMR,ECCS,2004,0.88
CAN,ECCS,2004,0.503
CAF,ECCS,2004,0.856
TCD,ECCS,2004,0.8
CHL,ECCS,2004,0.425
HKG,ECCS,2004,0.677
MAC,ECCS,2004,0.677
CHN,ECCS,2004,1.107
COL,ECCS,2004,0.657
COM,ECCS,2004,0.487
COD,ECCS,2004,0.944
COG,ECCS,2004,0.936
COK,ECCS,2004,0.893
CRI,ECCS,2004,0.681
HRV,ECCS,2004,0.664
CUB,ECCS,2004,0.682
CYP,ECCS,2004,0.647
CZE,ECCS,2004,0.809
DNK,ECCS,2004,1.029
DJI,ECCS,2004,0.872
DMA,ECCS,2004,0.558
DOM,ECCS,2004,0.55
ECU,ECCS,2004,0.685
EGY,ECCS,2004,0.648
SLV,ECCS,2004,0.79
GNQ,ECCS,2004,0.832
ERI,ECCS,2004,1.071
EST,ECCS,2004,1.149
SWZ,ECCS,2004,0.823
ETH,ECCS,2004,0.809
FRO,ECCS,2004,1.087
FJI,ECCS,2004,0.392
FIN,ECCS,2004,1.232
FRA,ECCS,2004,0.996
PYF,ECCS,2004,0.371
GAB,ECCS,2004,0.861
GMB,ECCS,2004,1.182
GEO,ECCS,2004,0.855
DEU,ECCS,2004,0.998
GHA,ECCS,2004,0.78
GIB,ECCS,2004,0.932
GRC,ECCS,2004,0.358
GRL,ECCS,2004,1.472
GRD,ECCS,2004,0.473
GLP,ECCS,2004,0.541
GTM,ECCS,2004,0.804
GUF,ECCS,2004,1.258
GIN,ECCS,2004,1.103
GNB,ECCS,2004,1.17
GUY,ECCS,2004,1.034
HTI,ECCS,2004,0.792
VAT,ECCS,2004,0.514
HND,ECCS,2004,0.513
HUN,ECCS,2004,0.561
ISL,ECCS,2004,1.238
IND,ECCS,2004,0.54
IDN,ECCS,2004,0.574
IRN,ECCS,2004,1.462
IRQ,ECCS,2004,1.093
IRL,ECCS,2004,0.881
IMN,ECCS,2004,0.936
ISR,ECCS,2004,0.606
ITA,ECCS,2004,0.782
JAM,ECCS,2004,0.767
JPN,ECCS,2004,1.095
JOR,ECCS,2004,0.635
KAZ,ECCS,2004,2.142
KEN,ECCS,2004,0.669
PRK,ECCS,2004,1.581
KOR,ECCS,2004,1.218
KWT,ECCS,2004,1.523
KGZ,ECCS,2004,1.532
LAO,ECCS,2004,0.272
LVA,ECCS,2004,1.009
LBN,ECCS,2004,0.649
LSO,ECCS,2004,1.262
LBR,ECCS,2004,0.923
LBY,ECCS,2004,0.752
LIE,ECCS,2004,0.908
LTU,ECCS,2004,0.883
LUX,ECCS,2004,1.023
MDG,ECCS,2004,0.264
MWI,ECCS,2004,0.853
MYS,ECCS,2004,0.597
MDV,ECCS,2004,0.474
MLI,ECCS,2004,1.216
MLT,ECCS,2004,0.834
MHL,ECCS,2004,0.439
MTQ,ECCS,2004,0.611
MRT,ECCS,2004,1.353
MUS,ECCS,2004,0.062
MYT,ECCS,2004,0.468
MEX,ECCS,2004,0.354
FSM,ECCS,2004,0.46
MDA,ECCS,2004,0.721
MCO,ECCS,2004,0.92
MNG,ECCS,2004,1.764
MSR,ECCS,2004,0.559
MAR,ECCS,2004,1.115
MOZ,ECCS,2004,0.618
MMR,ECCS,2004,0.576
NPL,ECCS,2004,0.357
NLD,ECCS,2004,1.17
NCL,ECCS,2004,0.694
NZL,ECCS,2004,-0.006
NIC,ECCS,2004,0.626
NER,ECCS,2004,0.638
NGA,ECCS,2004,0.816
NFK,ECCS,2004,0.534
MKD,ECCS,2004,0.37
NOR,ECCS,2004,1.302
OMN,ECCS,2004,1.095
PAK,ECCS,2004,0.941
PLW,ECCS,2004,0.578
PAN,ECCS,2004,0.603
PNG,ECCS,2004,0.212
PRY,ECCS,2004,0.459
PER,ECCS,2004,0.711
PHL,ECCS,2004,0.678
PCN,ECCS,2004,-0.657
POL,ECCS,2004,0.79
PRT,ECCS,2004,0.912
PRI,ECCS,2004,0.491
QAT,ECCS,2004,1.318
ROU,ECCS,2004,0.554
RUS,ECCS,2004,1.4
RWA,ECCS,2004,0.756
SPM,ECCS,2004,0.632
WSM,ECCS,2004,0.206
SMR,ECCS,2004,0.827
STP,ECCS,2004,0.814
SAU,ECCS,2004,0.989
SEN,ECCS,2004,1.183
SYC,ECCS,2004,0.237
SLE,ECCS,2004,1.019
SGP,ECCS,2004,0.344
SVK,ECCS,2004,0.556
SVN,ECCS,2004,0.74
SLB,ECCS,2004,0.206
SOM,ECCS,2004,0.614
ZAF,ECCS,2004,0.974
ESP,ECCS,2004,0.946
LKA,ECCS,2004,0.677
KNA,ECCS,2004,0.559
LCA,ECCS,2004,0.597
VCT,ECCS,2004,0.474
SUR,ECCS,2004,1.599
SJM,ECCS,2004,0.737
SWE,ECCS,2004,1.192
CHE,ECCS,2004,0.999
SYR,ECCS,2004,0.628
TWN,ECCS,2004,0.455
TJK,ECCS,2004,1.371
TZA,ECCS,2004,0.82
THA,ECCS,2004,0.42
TLS,ECCS,2004,0.265
TGO,ECCS,2004,0.843
TON,ECCS,2004,0.571
TTO,ECCS,2004,0.502
TUN,ECCS,2004,1.003
TKM,ECCS,2004,1.693
TUV,ECCS,2004,0.657
UGA,ECCS,2004,0.71
UKR,ECCS,2004,0.933
ARE,ECCS,2004,1.045
GBR,ECCS,2004,1.023
USA,ECCS,2004,0.866
VIR,ECCS,2004,0.486
URY,ECCS,2004,0.479
UZB,ECCS,2004,1.931
VUT,ECCS,2004,0.33
VEN,ECCS,2004,0.732
VNM,ECCS,2004,0.354
WLF,ECCS,2004,0.395
PSE,ECCS,2004,0.603
ESH,ECCS,2004,1.62
ZMB,ECCS,2004,0.422
ZWE,ECCS,2004,0.156
AFG,ECCS,2005,0.419
ALB,ECCS,2005,0.2
DZA,ECCS,2005,1.293
ASM,ECCS,2005,0.934
AND,ECCS,2005,0.863
AGO,ECCS,2005,1.109
AIA,ECCS,2005,0.909
ATG,ECCS,2005,0.929
ARG,ECCS,2005,0.19
ARM,ECCS,2005,0.509
ABW,ECCS,2005,0.64
AUS,ECCS,2005,1.12
AUT,ECCS,2005,0.624
AZE,ECCS,2005,0.888
BHS,ECCS,2005,0.27
BHR,ECCS,2005,1.069
BGD,ECCS,2005,0.845
BRB,ECCS,2005,1.219
BLR,ECCS,2005,1.292
BEL,ECCS,2005,1.208
BLZ,ECCS,2005,0.828
BEN,ECCS,2005,1.23
BTN,ECCS,2005,0.758
BOL,ECCS,2005,0.825
BIH,ECCS,2005,0.147
BWA,ECCS,2005,1.488
BRA,ECCS,2005,1.157
VGB,ECCS,2005,0.889
BRN,ECCS,2005,0.9
BGR,ECCS,2005,0.162
BFA,ECCS,2005,1.438
CPV,ECCS,2005,1.252
KHM,ECCS,2005,0.69
CMR,ECCS,2005,1.026
CAN,ECCS,2005,1.303
CYM,ECCS,2005,0.536
CAF,ECCS,2005,0.894
TCD,ECCS,2005,1.136
CHL,ECCS,2005,0.116
HKG,ECCS,2005,0.742
MAC,ECCS,2005,0.742
CHN,ECCS,2005,1.04
COL,ECCS,2005,0.834
COM,ECCS,2005,0.583
COD,ECCS,2005,1.093
COG,ECCS,2005,0.872
COK,ECCS,2005,0.773
CRI,ECCS,2005,0.561
HRV,ECCS,2005,0.291
CUB,ECCS,2005,0.449
CYP,ECCS,2005,0.374
CZE,ECCS,2005,0.739
DNK,ECCS,2005,1.277
DJI,ECCS,2005,1.114
DMA,ECCS,2005,0.928
DOM,ECCS,2005,0.842
ECU,ECCS,2005,0.675
EGY,ECCS,2005,0.51
SLV,ECCS,2005,0.545
GNQ,ECCS,2005,0.841
ERI,ECCS,2005,0.742
EST,ECCS,2005,1.574
SWZ,ECCS,2005,1.269
ETH,ECCS,2005,1.037
FRO,ECCS,2005,0.545
FJI,ECCS,2005,0.539
FIN,ECCS,2005,2.199
FRA,ECCS,2005,1.039
PYF,ECCS,2005,0.527
GAB,ECCS,2005,0.774
GMB,ECCS,2005,1.523
GEO,ECCS,2005,0.516
DEU,ECCS,2005,1.024
GHA,ECCS,2005,1.021
GIB,ECCS,2005,0.759
GRC,ECCS,2005,0.223
GRL,ECCS,2005,1.899
GRD,ECCS,2005,1.258
GLP,ECCS,2005,0.918
GTM,ECCS,2005,0.924
GUF,ECCS,2005,1.742
GIN,ECCS,2005,1.206
GNB,ECCS,2005,1.436
GUY,ECCS,2005,1.385
HTI,ECCS,2005,0.897
VAT,ECCS,2005,0.446
HND,ECCS,2005,0.851
HUN,ECCS,2005,0.253
ISL,ECCS,2005,0.458
IND,ECCS,2005,0.558
IDN,ECCS,2005,0.709
IRN,ECCS,2005,0.779
IRQ,ECCS,2005,0.541
IRL,ECCS,2005,1.163
IMN,ECCS,2005,1.149
ISR,ECCS,2005,0.254
ITA,ECCS,2005,0.594
JAM,ECCS,2005,0.856
JPN,ECCS,2005,0.715
JOR,ECCS,2005,0.172
KAZ,ECCS,2005,1.553
KEN,ECCS,2005,0.928
PRK,ECCS,2005,0.85
KOR,ECCS,2005,0.94
KWT,ECCS,2005,0.727
KGZ,ECCS,2005,1.176
LAO,ECCS,2005,0.766
LVA,ECCS,2005,1.345
LBN,ECCS,2005,0.295
LSO,ECCS,2005,1.419
LBR,ECCS,2005,1.028
LBY,ECCS,2005,0.725
LIE,ECCS,2005,0.668
LTU,ECCS,2005,1.209
LUX,ECCS,2005,1.142
MDG,ECCS,2005,0.425
MWI,ECCS,2005,1.452
MYS,ECCS,2005,0.773
MDV,ECCS,2005,0.899
MLI,ECCS,2005,1.373
MLT,ECCS,2005,0.809
MHL,ECCS,2005,0.432
MTQ,ECCS,2005,0.995
MRT,ECCS,2005,1.204
MUS,ECCS,2005,0.226
MYT,ECCS,2005,0.605
MEX,ECCS,2005,0.783
FSM,ECCS,2005,0.4
MDA,ECCS,2005,0.86
MCO,ECCS,2005,0.842
MNG,ECCS,2005,0.92
MSR,ECCS,2005,0.929
MAR,ECCS,2005,1.264
MOZ,ECCS,2005,1.164
MMR,ECCS,2005,0.906
NPL,ECCS,2005,0.698
NLD,ECCS,2005,1.266
NCL,ECCS,2005,0.547
NZL,ECCS,2005,0.403
NIC,ECCS,2005,0.697
NER,ECCS,2005,1.208
NGA,ECCS,2005,1.238
NFK,ECCS,2005,0.566
MKD,ECCS,2005,0.151
NOR,ECCS,2005,1.753
OMN,ECCS,2005,1.158
PAK,ECCS,2005,0.127
PLW,ECCS,2005,0.404
PAN,ECCS,2005,0.652
PNG,ECCS,2005,0.53
PRY,ECCS,2005,0.616
PER,ECCS,2005,0.803
PHL,ECCS,2005,0.787
PCN,ECCS,2005,-0.429
POL,ECCS,2005,0.889
PRT,ECCS,2005,0.883
PRI,ECCS,2005,0.818
QAT,ECCS,2005,0.926
ROU,ECCS,2005,0.295
RUS,ECCS,2005,1.7
SPM,ECCS,2005,0.969
WSM,ECCS,2005,0.866
SMR,ECCS,2005,0.443
STP,ECCS,2005,0.713
SAU,ECCS,2005,0.557
SEN,ECCS,2005,1.405
SYC,ECCS,2005,0.474
SLE,ECCS,2005,1.123
SGP,ECCS,2005,0.627
SVK,ECCS,2005,0.41
SVN,ECCS,2005,0.494
SLB,ECCS,2005,0.262
SOM,ECCS,2005,1.152
ZAF,ECCS,2005,1.192
ESP,ECCS,2005,0.833
LKA,ECCS,2005,0.733
KNA,ECCS,2005,0.929
LCA,ECCS,2005,1.148
VCT,ECCS,2005,1.259
SUR,ECCS,2005,2.001
SJM,ECCS,2005,2.445
SWE,ECCS,2005,1.815
CHE,ECCS,2005,0.833
SYR,ECCS,2005,0.233
TWN,ECCS,2005,0.677
TJK,ECCS,2005,0.733
TZA,ECCS,2005,1.07
THA,ECCS,2005,0.77
TLS,ECCS,2005,0.946
TGO,ECCS,2005,1.112
TON,ECCS,2005,0.754
TTO,ECCS,2005,1.29
TUN,ECCS,2005,1.131
TKM,ECCS,2005,1.343
TUV,ECCS,2005,0.805
UGA,ECCS,2005,1.351
UKR,ECCS,2005,1.027
ARE,ECCS,2005,0.7
GBR,ECCS,2005,1.113
USA,ECCS,2005,1.155
VIR,ECCS,2005,0.875
URY,ECCS,2005,0.818
UZB,ECCS,2005,1.373
VUT,ECCS,2005,0.423
VEN,ECCS,2005,0.913
VNM,ECCS,2005,0.814
WLF,ECCS,2005,0.512
PSE,ECCS,2005,0.253
ESH,ECCS,2005,1.198
ZMB,ECCS,2005,1.22
ZWE,ECCS,2005,1.283
AFG,ECCS,2006,1.799
ALB,ECCS,2006,0.402
DZA,ECCS,2006,1.432
ASM,ECCS,2006,0.536
AND,ECCS,2006,1.491
AGO,ECCS,2006,0.528
AIA,ECCS,2006,0.715
ATG,ECCS,2006,0.752
ARG,ECCS,2006,0.499
ARM,ECCS,2006,1.632
ABW,ECCS,2006,0.651
AUS,ECCS,2006,0.629
AUT,ECCS,2006,0.904
AZE,ECCS,2006,1.558
BHS,ECCS,2006,0.077
BHR,ECCS,2006,1.819
BGD,ECCS,2006,1.032
BRB,ECCS,2006,0.961
BLR,ECCS,2006,0.665
BEL,ECCS,2006,1.417
BLZ,ECCS,2006,0.637
BEN,ECCS,2006,1.128
BTN,ECCS,2006,0.986
BOL,ECCS,2006,0.956
BIH,ECCS,2006,0.623
BWA,ECCS,2006,-0.194
BRA,ECCS,2006,0.836
VGB,ECCS,2006,0.677
BRN,ECCS,2006,0.588
BGR,ECCS,2006,0.527
BFA,ECCS,2006,1.155
CPV,ECCS,2006,1.436
KHM,ECCS,2006,0.659
CMR,ECCS,2006,1.066
CAN,ECCS,2006,2.369
CYM,ECCS,2006,0.456
CAF,ECCS,2006,0.897
TCD,ECCS,2006,1.357
CHL,ECCS,2006,0.414
HKG,ECCS,2006,0.92
MAC,ECCS,2006,0.92
CHN,ECCS,2006,1.224
COL,ECCS,2006,0.693
COM,ECCS,2006,0.389
COD,ECCS,2006,0.979
COG,ECCS,2006,0.873
COK,ECCS,2006,0.972
CRI,ECCS,2006,0.451
HRV,ECCS,2006,0.722
CUB,ECCS,2006,0.685
CYP,ECCS,2006,0.66
CZE,ECCS,2006,0.942
DNK,ECCS,2006,1.343
DJI,ECCS,2006,0.784
DMA,ECCS,2006,0.751
DOM,ECCS,2006,0.79
ECU,ECCS,2006,0.656
EGY,ECCS,2006,0.707
SLV,ECCS,2006,0.573
GNQ,ECCS,2006,0.69
ERI,ECCS,2006,0.876
EST,ECCS,2006,1.235
SWZ,ECCS,2006,0.462
ETH,ECCS,2006,0.913
FRO,ECCS,2006,1.193
FJI,ECCS,2006,0.592
FIN,ECCS,2006,1.2
FRA,ECCS,2006,1.33
PYF,ECCS,2006,0.691
GAB,ECCS,2006,0.764
GMB,ECCS,2006,1.219
GEO,ECCS,2006,1.218
DEU,ECCS,2006,1.256
GHA,ECCS,2006,1.048
GIB,ECCS,2006,1.357
GRC,ECCS,2006,0.274
GRL,ECCS,2006,1.677
GRD,ECCS,2006,0.792
GLP,ECCS,2006,0.733
GTM,ECCS,2006,0.736
GUF,ECCS,2006,1.181
GIN,ECCS,2006,1.125
GNB,ECCS,2006,1.178
GUY,ECCS,2006,1.062
HTI,ECCS,2006,0.774
VAT,ECCS,2006,0.611
HND,ECCS,2006,0.603
HUN,ECCS,2006,0.706
ISL,ECCS,2006,1.038
IND,ECCS,2006,0.635
IDN,ECCS,2006,0.388
IRN,ECCS,2006,1.81
IRQ,ECCS,2006,1.629
IRL,ECCS,2006,1.151
IMN,ECCS,2006,1.215
ISR,ECCS,2006,0.635
ITA,ECCS,2006,0.867
JAM,ECCS,2006,0.88
JPN,ECCS,2006,0.365
JOR,ECCS,2006,0.754
KAZ,ECCS,2006,1.435
KEN,ECCS,2006,0.976
KIR,ECCS,2006,0.105
PRK,ECCS,2006,0.687
KOR,ECCS,2006,0.525
KWT,ECCS,2006,1.935
KGZ,ECCS,2006,1.615
LAO,ECCS,2006,0.755
LVA,ECCS,2006,1.076
LBN,ECCS,2006,0.72
LSO,ECCS,2006,0.794
LBR,ECCS,2006,1.041
LBY,ECCS,2006,0.826
LIE,ECCS,2006,0.964
LTU,ECCS,2006,0.926
LUX,ECCS,2006,1.375
MDG,ECCS,2006,0.596
MWI,ECCS,2006,1.121
MYS,ECCS,2006,0.515
MDV,ECCS,2006,0.442
MLI,ECCS,2006,1.083
MLT,ECCS,2006,1.078
MHL,ECCS,2006,0.363
MTQ,ECCS,2006,0.801
MRT,ECCS,2006,1.306
MUS,ECCS,2006,0.089
MYT,ECCS,2006,0.388
MEX,ECCS,2006,0.911
FSM,ECCS,2006,0.448
MDA,ECCS,2006,0.294
MCO,ECCS,2006,1.213
MNG,ECCS,2006,1.223
MNE,ECCS,2006,0.484
MSR,ECCS,2006,0.752
MAR,ECCS,2006,1.466
MOZ,ECCS,2006,0.702
MMR,ECCS,2006,0.765
NPL,ECCS,2006,0.809
NLD,ECCS,2006,1.523
NCL,ECCS,2006,0.451
NZL,ECCS,2006,0.351
NIC,ECCS,2006,0.677
NER,ECCS,2006,1.224
NGA,ECCS,2006,1.315
NFK,ECCS,2006,0.448
MKD,ECCS,2006,0.39
NOR,ECCS,2006,1.504
OMN,ECCS,2006,1.218
PAK,ECCS,2006,0.973
PLW,ECCS,2006,0.437
PAN,ECCS,2006,0.554
PNG,ECCS,2006,0.149
PRY,ECCS,2006,1.012
PER,ECCS,2006,0.76
PHL,ECCS,2006,0.829
PCN,ECCS,2006,0.332
POL,ECCS,2006,0.841
PRT,ECCS,2006,1.449
PRI,ECCS,2006,0.776
QAT,ECCS,2006,1.719
ROU,ECCS,2006,0.518
RUS,ECCS,2006,0.546
SPM,ECCS,2006,1.879
WSM,ECCS,2006,0.456
SMR,ECCS,2006,0.846
STP,ECCS,2006,0.773
SAU,ECCS,2006,1.203
SEN,ECCS,2006,1.401
SRB,ECCS,2006,0.56
SYC,ECCS,2006,0.44
SLE,ECCS,2006,1.055
SGP,ECCS,2006,0.382
SVK,ECCS,2006,0.631
SVN,ECCS,2006,0.885
SLB,ECCS,2006,0.051
SOM,ECCS,2006,0.945
ZAF,ECCS,2006,0.461
ESP,ECCS,2006,1.463
LKA,ECCS,2006,0.502
KNA,ECCS,2006,0.752
LCA,ECCS,2006,0.835
VCT,ECCS,2006,0.79
SUR,ECCS,2006,1.592
SJM,ECCS,2006,3.884
SWE,ECCS,2006,1.478
CHE,ECCS,2006,1.125
SYR,ECCS,2006,1.003
TWN,ECCS,2006,0.722
TJK,ECCS,2006,1.571
TZA,ECCS,2006,0.9
THA,ECCS,2006,0.559
TLS,ECCS,2006,0.049
TGO,ECCS,2006,1.098
TON,ECCS,2006,0.535
TTO,ECCS,2006,0.859
TUN,ECCS,2006,1.358
TKM,ECCS,2006,1.762
TUV,ECCS,2006,0.662
UGA,ECCS,2006,1.134
UKR,ECCS,2006,0.275
ARE,ECCS,2006,1.218
GBR,ECCS,2006,1.239
USA,ECCS,2006,1.029
VIR,ECCS,2006,0.693
URY,ECCS,2006,0.587
UZB,ECCS,2006,1.57
VUT,ECCS,2006,0.304
VEN,ECCS,2006,0.726
VNM,ECCS,2006,0.895
WLF,ECCS,2006,0.444
PSE,ECCS,2006,0.63
ESH,ECCS,2006,1.475
ZMB,ECCS,2006,0.634
ZWE,ECCS,2006,-0.028
AFG,ECCS,2007,0.699
ALB,ECCS,2007,1.377
DZA,ECCS,2007,1.254
ASM,ECCS,2007,0.969
AND,ECCS,2007,1.015
AGO,ECCS,2007,0.861
AIA,ECCS,2007,0.998
ATG,ECCS,2007,0.987
ARG,ECCS,2007,-0.273
ARM,ECCS,2007,0.746
ABW,ECCS,2007,1.066
AUS,ECCS,2007,0.842
AUT,ECCS,2007,2.137
AZE,ECCS,2007,1.016
BHS,ECCS,2007,0.754
BHR,ECCS,2007,1.03
BGD,ECCS,2007,0.451
BRB,ECCS,2007,0.818
BLR,ECCS,2007,2.379
BEL,ECCS,2007,1.896
BLZ,ECCS,2007,0.839
BEN,ECCS,2007,0.889
BTN,ECCS,2007,0.987
BOL,ECCS,2007,0.571
BIH,ECCS,2007,1.894
BWA,ECCS,2007,0.667
BRA,ECCS,2007,0.989
VGB,ECCS,2007,1.009
BRN,ECCS,2007,0.645
BGR,ECCS,2007,1.837
BFA,ECCS,2007,0.86
BDI,ECCS,2007,1.334
CPV,ECCS,2007,0.901
KHM,ECCS,2007,0.542
CMR,ECCS,2007,0.664
CAN,ECCS,2007,1.351
CYM,ECCS,2007,0.608
CAF,ECCS,2007,0.312
TCD,ECCS,2007,0.589
CHL,ECCS,2007,-0.386
HKG,ECCS,2007,1.031
MAC,ECCS,2007,1.031
CHN,ECCS,2007,1.527
COL,ECCS,2007,0.774
COM,ECCS,2007,0.721
COD,ECCS,2007,0.82
COG,ECCS,2007,0.783
COK,ECCS,2007,1.002
CRI,ECCS,2007,0.601
HRV,ECCS,2007,1.985
CUB,ECCS,2007,0.753
CYP,ECCS,2007,0.851
CZE,ECCS,2007,2.161
DNK,ECCS,2007,2.132
DJI,ECCS,2007,0.908
DMA,ECCS,2007,0.986
DOM,ECCS,2007,1.06
ECU,ECCS,2007,0.665
EGY,ECCS,2007,0.571
SLV,ECCS,2007,0.573
GNQ,ECCS,2007,0.867
ERI,ECCS,2007,0.245
EST,ECCS,2007,2.24
SWZ,ECCS,2007,1.181
ETH,ECCS,2007,0.823
FRO,ECCS,2007,1.01
FJI,ECCS,2007,0.906
FIN,ECCS,2007,1.942
FRA,ECCS,2007,1.423
PYF,ECCS,2007,0.707
GAB,ECCS,2007,0.905
GMB,ECCS,2007,1.095
GEO,ECCS,2007,0.877
DEU,ECCS,2007,2.091
GHA,ECCS,2007,0.949
GIB,ECCS,2007,0.735
GRC,ECCS,2007,1.09
GRL,ECCS,2007,1.409
GRD,ECCS,2007,0.774
GLP,ECCS,2007,0.992
GTM,ECCS,2007,0.742
GUF,ECCS,2007,1.397
GIN,ECCS,2007,0.99
GNB,ECCS,2007,0.976
GUY,ECCS,2007,1.084
HTI,ECCS,2007,0.912
VAT,ECCS,2007,1.314
HND,ECCS,2007,0.736
HUN,ECCS,2007,2.146
ISL,ECCS,2007,1.113
IND,ECCS,2007,0.6
IDN,ECCS,2007,0.43
IRN,ECCS,2007,0.836
IRQ,ECCS,2007,0.983
IRL,ECCS,2007,1.344
IMN,ECCS,2007,1.315
ISR,ECCS,2007,0.538
ITA,ECCS,2007,1.577
JAM,ECCS,2007,0.876
JPN,ECCS,2007,0.978
JOR,ECCS,2007,0.512
KAZ,ECCS,2007,2.184
KEN,ECCS,2007,0.723
KIR,ECCS,2007,0.456
PRK,ECCS,2007,1.6
KOR,ECCS,2007,1.296
KWT,ECCS,2007,1.107
KGZ,ECCS,2007,1.681
LAO,ECCS,2007,0.494
LVA,ECCS,2007,2.195
LBN,ECCS,2007,0.71
LSO,ECCS,2007,1.043
LBR,ECCS,2007,0.964
LBY,ECCS,2007,0.766
LIE,ECCS,2007,1.946
LTU,ECCS,2007,2.199
LUX,ECCS,2007,1.96
MDG,ECCS,2007,0.496
MWI,ECCS,2007,1.062
MYS,ECCS,2007,0.552
MDV,ECCS,2007,0.489
MLI,ECCS,2007,0.913
MLT,ECCS,2007,1.454
MHL,ECCS,2007,0.368
MTQ,ECCS,2007,0.954
MRT,ECCS,2007,0.893
MUS,ECCS,2007,0.214
MYT,ECCS,2007,0.836
MEX,ECCS,2007,0.484
FSM,ECCS,2007,0.365
MDA,ECCS,2007,2.376
MCO,ECCS,2007,1.676
MNG,ECCS,2007,2.731
MNE,ECCS,2007,1.706
MSR,ECCS,2007,0.987
MAR,ECCS,2007,1.005
MOZ,ECCS,2007,0.821
MMR,ECCS,2007,0.442
NPL,ECCS,2007,0.489
NLD,ECCS,2007,2.091
NCL,ECCS,2007,0.853
NZL,ECCS,2007,0.202
NIC,ECCS,2007,0.791
NER,ECCS,2007,0.935
NGA,ECCS,2007,0.947
NFK,ECCS,2007,0.534
MKD,ECCS,2007,1.531
NOR,ECCS,2007,1.699
OMN,ECCS,2007,1.056
PAK,ECCS,2007,0.598
PLW,ECCS,2007,0.527
PAN,ECCS,2007,0.541
PNG,ECCS,2007,0.337
PRY,ECCS,2007,0.342
PER,ECCS,2007,0.568
PHL,ECCS,2007,0.877
PCN,ECCS,2007,-0.092
POL,ECCS,2007,2.153
PRT,ECCS,2007,0.667
PRI,ECCS,2007,1.009
QAT,ECCS,2007,1.049
ROU,ECCS,2007,2.123
RUS,ECCS,2007,2.48
RWA,ECCS,2007,1.339
SPM,ECCS,2007,0.41
WSM,ECCS,2007,0.884
SMR,ECCS,2007,1.792
STP,ECCS,2007,1.003
SAU,ECCS,2007,0.713
SEN,ECCS,2007,1.256
SRB,ECCS,2007,1.891
SYC,ECCS,2007,0.818
SLE,ECCS,2007,0.778
SGP,ECCS,2007,0.091
SVK,ECCS,2007,2.149
SVN,ECCS,2007,2.192
SLB,ECCS,2007,0.384
SOM,ECCS,2007,1.165
ZAF,ECCS,2007,0.878
ESP,ECCS,2007,0.77
LKA,ECCS,2007,0.496
KNA,ECCS,2007,0.987
LCA,ECCS,2007,0.857
VCT,ECCS,2007,0.776
SUR,ECCS,2007,1.609
SJM,ECCS,2007,3.049
SWE,ECCS,2007,1.93
CHE,ECCS,2007,1.845
SYR,ECCS,2007,0.773
TWN,ECCS,2007,0.796
TJK,ECCS,2007,1.105
TZA,ECCS,2007,0.82
THA,ECCS,2007,0.42
TLS,ECCS,2007,0.346
TGO,ECCS,2007,0.95
TON,ECCS,2007,0.913
TTO,ECCS,2007,0.759
TUN,ECCS,2007,1.471
TKM,ECCS,2007,1.169
TUV,ECCS,2007,0.753
UGA,ECCS,2007,0.581
UKR,ECCS,2007,2.381
ARE,ECCS,2007,0.772
GBR,ECCS,2007,1.327
USA,ECCS,2007,1.143
VIR,ECCS,2007,1.007
URY,ECCS,2007,0.168
UZB,ECCS,2007,1.377
VUT,ECCS,2007,0.763
VEN,ECCS,2007,0.774
VNM,ECCS,2007,0.553
WLF,ECCS,2007,0.926
PSE,ECCS,2007,0.534
ESH,ECCS,2007,0.983
ZMB,ECCS,2007,0.867
ZWE,ECCS,2007,0.404
AFG,ECCS,2008,0.732
ALB,ECCS,2008,1.02
DZA,ECCS,2008,1.219
ASM,ECCS,2008,0.561
AND,ECCS,2008,0.918
AGO,ECCS,2008,0.32
AIA,ECCS,2008,0.458
ATG,ECCS,2008,0.395
ARG,ECCS,2008,0.485
ARM,ECCS,2008,0.873
ABW,ECCS,2008,0.411
AUS,ECCS,2008,0.541
AUT,ECCS,2008,1.587
AZE,ECCS,2008,0.921
BHS,ECCS,2008,0.835
BHR,ECCS,2008,1.289
BGD,ECCS,2008,0.229
BRB,ECCS,2008,0.473
BLR,ECCS,2008,2.269
BEL,ECCS,2008,1.265
BLZ,ECCS,2008,0.567
BEN,ECCS,2008,0.727
BTN,ECCS,2008,0.555
BOL,ECCS,2008,0.449
BIH,ECCS,2008,1.41
BWA,ECCS,2008,0.576
BRA,ECCS,2008,0.73
VGB,ECCS,2008,0.522
BRN,ECCS,2008,0.458
BGR,ECCS,2008,1.13
BFA,ECCS,2008,0.301
CPV,ECCS,2008,1.383
KHM,ECCS,2008,0.364
CMR,ECCS,2008,0.623
CAN,ECCS,2008,0.876
CYM,ECCS,2008,0.416
CAF,ECCS,2008,0.463
TCD,ECCS,2008,0.46
CHL,ECCS,2008,0.332
HKG,ECCS,2008,0.431
MAC,ECCS,2008,0.431
CHN,ECCS,2008,1.079
COL,ECCS,2008,0.499
COM,ECCS,2008,0.354
COD,ECCS,2008,0.628
COG,ECCS,2008,0.751
COK,ECCS,2008,0.866
CRI,ECCS,2008,0.144
HRV,ECCS,2008,1.465
CUB,ECCS,2008,0.398
CYP,ECCS,2008,1.067
CZE,ECCS,2008,1.642
DNK,ECCS,2008,1.857
DJI,ECCS,2008,0.41
DMA,ECCS,2008,0.393
DOM,ECCS,2008,0.49
ECU,ECCS,2008,0.58
EGY,ECCS,2008,0.898
SLV,ECCS,2008,0.319
GNQ,ECCS,2008,0.729
ERI,ECCS,2008,1.049
EST,ECCS,2008,2.573
SWZ,ECCS,2008,0.701
ETH,ECCS,2008,0.793
FRO,ECCS,2008,0.947
FJI,ECCS,2008,0.436
FIN,ECCS,2008,2.123
FRA,ECCS,2008,1.006
PYF,ECCS,2008,0.216
GAB,ECCS,2008,0.774
GMB,ECCS,2008,1.373
GEO,ECCS,2008,0.649
DEU,ECCS,2008,1.543
GHA,ECCS,2008,0.728
GIB,ECCS,2008,0.889
GRC,ECCS,2008,0.873
GRL,ECCS,2008,0.866
GRD,ECCS,2008,0.623
GLP,ECCS,2008,0.426
GTM,ECCS,2008,0.311
GUF,ECCS,2008,1.158
GIN,ECCS,2008,1.099
GNB,ECCS,2008,1.347
GUY,ECCS,2008,0.974
HTI,ECCS,2008,0.432
VAT,ECCS,2008,0.967
HND,ECCS,2008,0.484
HUN,ECCS,2008,1.499
ISL,ECCS,2008,0.766
IND,ECCS,2008,0.263
IDN,ECCS,2008,0.226
IRN,ECCS,2008,1.059
IRQ,ECCS,2008,1.171
IRL,ECCS,2008,0.822
IMN,ECCS,2008,0.804
ISR,ECCS,2008,0.769
ITA,ECCS,2008,1.157
JAM,ECCS,2008,0.511
JPN,ECCS,2008,0.648
JOR,ECCS,2008,0.732
KAZ,ECCS,2008,1.541
KEN,ECCS,2008,0.792
KIR,ECCS,2008,0.424
PRK,ECCS,2008,1.51
KOR,ECCS,2008,0.988
KWT,ECCS,2008,1.344
KGZ,ECCS,2008,0.987
LAO,ECCS,2008,0.161
LVA,ECCS,2008,2.387
LBN,ECCS,2008,0.983
LSO,ECCS,2008,1.168
LBR,ECCS,2008,1.112
LBY,ECCS,2008,0.789
LIE,ECCS,2008,1.408
LTU,ECCS,2008,2.221
LUX,ECCS,2008,1.294
MDG,ECCS,2008,0.322
MWI,ECCS,2008,0.467
MYS,ECCS,2008,0.418
MDV,ECCS,2008,0.288
MLI,ECCS,2008,0.527
MLT,ECCS,2008,1.331
MHL,ECCS,2008,0.12
MTQ,ECCS,2008,0.401
MRT,ECCS,2008,1.172
MUS,ECCS,2008,-0.185
MYT,ECCS,2008,0.415
MEX,ECCS,2008,0.547
FSM,ECCS,2008,0.209
MDA,ECCS,2008,1.542
MCO,ECCS,2008,1.135
MNG,ECCS,2008,1.767
MNE,ECCS,2008,1.274
MSR,ECCS,2008,0.395
MAR,ECCS,2008,1.149
MOZ,ECCS,2008,0.405
MMR,ECCS,2008,0.452
NPL,ECCS,2008,0.331
NLD,ECCS,2008,1.443
NCL,ECCS,2008,0.791
NZL,ECCS,2008,0.522
NIC,ECCS,2008,0.281
NER,ECCS,2008,0.413
NGA,ECCS,2008,0.696
NFK,ECCS,2008,0.423
MKD,ECCS,2008,1.139
NOR,ECCS,2008,1.615
OMN,ECCS,2008,0.929
PAK,ECCS,2008,0.314
PAN,ECCS,2008,0.269
PNG,ECCS,2008,0.243
PRY,ECCS,2008,0.381
PER,ECCS,2008,0.634
PHL,ECCS,2008,0.543
PCN,ECCS,2008,-0.174
POL,ECCS,2008,1.757
PRT,ECCS,2008,0.557
PRI,ECCS,2008,0.493
QAT,ECCS,2008,1.231
ROU,ECCS,2008,1.325
RUS,ECCS,2008,2.211
SPM,ECCS,2008,0.491
WSM,ECCS,2008,0.474
SMR,ECCS,2008,1.248
STP,ECCS,2008,0.717
SAU,ECCS,2008,0.906
SEN,ECCS,2008,1.331
SRB,ECCS,2008,1.343
SYC,ECCS,2008,0.381
SLE,ECCS,2008,1.178
SGP,ECCS,2008,0.105
SVK,ECCS,2008,1.523
SVN,ECCS,2008,1.602
SOM,ECCS,2008,0.937
ZAF,ECCS,2008,0.734
ESP,ECCS,2008,0.799
LKA,ECCS,2008,0.413
KNA,ECCS,2008,0.395
LCA,ECCS,2008,0.5
VCT,ECCS,2008,0.627
SUR,ECCS,2008,1.587
SJM,ECCS,2008,1.839
SWE,ECCS,2008,1.951
CHE,ECCS,2008,1.238
SYR,ECCS,2008,1.02
TWN,ECCS,2008,0.591
TJK,ECCS,2008,0.811
TZA,ECCS,2008,0.509
THA,ECCS,2008,0.263
TLS,ECCS,2008,0.059
TGO,ECCS,2008,0.852
TON,ECCS,2008,0.463
TTO,ECCS,2008,0.589
TUN,ECCS,2008,1.47
TKM,ECCS,2008,0.771
TUV,ECCS,2008,0.37
UGA,ECCS,2008,0.717
UKR,ECCS,2008,1.622
ARE,ECCS,2008,0.771
GBR,ECCS,2008,0.825
USA,ECCS,2008,0.211
VIR,ECCS,2008,0.516
URY,ECCS,2008,0.728
UZB,ECCS,2008,0.707
VUT,ECCS,2008,0.61
VEN,ECCS,2008,0.626
VNM,ECCS,2008,0.248
WLF,ECCS,2008,0.498
PSE,ECCS,2008,0.767
ESH,ECCS,2008,1.461
ZMB,ECCS,2008,0.31
ZWE,ECCS,2008,0.323
AFG,ECCS,2009,0.958
ALB,ECCS,2009,0.944
DZA,ECCS,2009,0.969
ASM,ECCS,2009,0.875
AND,ECCS,2009,1.393
AGO,ECCS,2009,0.601
AIA,ECCS,2009,0.639
ATG,ECCS,2009,0.61
ARG,ECCS,2009,0.733
ARM,ECCS,2009,0.689
ABW,ECCS,2009,0.877
AUS,ECCS,2009,0.949
AUT,ECCS,2009,1.548
AZE,ECCS,2009,0.814
BHS,ECCS,2009,0.367
BHR,ECCS,2009,1.174
BGD,ECCS,2009,1.066
BRB,ECCS,2009,0.607
BLR,ECCS,2009,1.613
BEL,ECCS,2009,1.161
BLZ,ECCS,2009,0.907
BEN,ECCS,2009,1.039
BTN,ECCS,2009,1.421
BOL,ECCS,2009,0.71
BIH,ECCS,2009,1.421
BWA,ECCS,2009,0.086
BRA,ECCS,2009,0.966
VGB,ECCS,2009,0.669
BRN,ECCS,2009,0.826
BGR,ECCS,2009,1.241
BFA,ECCS,2009,0.943
CPV,ECCS,2009,0.857
KHM,ECCS,2009,0.42
CMR,ECCS,2009,1.018
CAN,ECCS,2009,0.558
CYM,ECCS,2009,0.319
CAF,ECCS,2009,0.895
TCD,ECCS,2009,1.242
CHL,ECCS,2009,0.34
HKG,ECCS,2009,0.95
MAC,ECCS,2009,0.95
CHN,ECCS,2009,1.326
COL,ECCS,2009,0.98
COM,ECCS,2009,0.612
COD,ECCS,2009,0.899
COG,ECCS,2009,0.775
COK,ECCS,2009,0.71
CRI,ECCS,2009,0.863
HRV,ECCS,2009,1.505
CUB,ECCS,2009,0.661
CYP,ECCS,2009,1.018
CZE,ECCS,2009,1.422
DNK,ECCS,2009,1.322
DJI,ECCS,2009,1.482
DMA,ECCS,2009,0.609
DOM,ECCS,2009,0.617
ECU,ECCS,2009,0.976
EGY,ECCS,2009,0.884
SLV,ECCS,2009,0.916
GNQ,ECCS,2009,0.828
ERI,ECCS,2009,1.716
EST,ECCS,2009,1.594
SWZ,ECCS,2009,0.463
ETH,ECCS,2009,1.315
FRO,ECCS,2009,1.502
FJI,ECCS,2009,0.152
FIN,ECCS,2009,1.687
FRA,ECCS,2009,1.223
PYF,ECCS,2009,0.632
GAB,ECCS,2009,0.801
GMB,ECCS,2009,0.67
GEO,ECCS,2009,0.632
DEU,ECCS,2009,1.28
GHA,ECCS,2009,0.873
GIB,ECCS,2009,1.175
GRC,ECCS,2009,0.753
GRL,ECCS,2009,0.83
GRD,ECCS,2009,0.614
GLP,ECCS,2009,0.624
GTM,ECCS,2009,0.844
GUF,ECCS,2009,1.559
GIN,ECCS,2009,0.973
GNB,ECCS,2009,0.791
GUY,ECCS,2009,1.451
HTI,ECCS,2009,0.753
VAT,ECCS,2009,1.012
HND,ECCS,2009,0.788
HUN,ECCS,2009,1.616
ISL,ECCS,2009,0.927
IND,ECCS,2009,1.143
IDN,ECCS,2009,0.532
IRN,ECCS,2009,1.147
IRQ,ECCS,2009,0.873
IRL,ECCS,2009,0.788
IMN,ECCS,2009,0.846
ISR,ECCS,2009,0.833
ITA,ECCS,2009,1.255
JAM,ECCS,2009,0.794
JPN,ECCS,2009,0.789
JOR,ECCS,2009,0.558
KAZ,ECCS,2009,1.17
KEN,ECCS,2009,1.405
KIR,ECCS,2009,0.778
PRK,ECCS,2009,1.057
KOR,ECCS,2009,0.983
KWT,ECCS,2009,1.233
KGZ,ECCS,2009,0.958
LAO,ECCS,2009,0.533
LVA,ECCS,2009,1.508
LBN,ECCS,2009,0.826
LSO,ECCS,2009,0.783
LBR,ECCS,2009,1.34
LBY,ECCS,2009,0.668
LIE,ECCS,2009,1.423
LTU,ECCS,2009,1.393
LUX,ECCS,2009,1.195
MDG,ECCS,2009,0.667
MWI,ECCS,2009,0.757
MYS,ECCS,2009,0.673
MDV,ECCS,2009,0.635
MLI,ECCS,2009,0.961
MLT,ECCS,2009,1.131
MHL,ECCS,2009,0.323
MTQ,ECCS,2009,0.609
MRT,ECCS,2009,0.764
MUS,ECCS,2009,0.425
MYT,ECCS,2009,0.601
MEX,ECCS,2009,1.043
FSM,ECCS,2009,0.412
MDA,ECCS,2009,1.771
MCO,ECCS,2009,1.519
MNG,ECCS,2009,1.407
MNE,ECCS,2009,1.241
MSR,ECCS,2009,0.61
MAR,ECCS,2009,1.234
MOZ,ECCS,2009,0.577
MMR,ECCS,2009,0.882
NPL,ECCS,2009,1.111
NLD,ECCS,2009,1.229
NCL,ECCS,2009,0.567
NZL,ECCS,2009,0.018
NIC,ECCS,2009,0.768
NER,ECCS,2009,1.505
NGA,ECCS,2009,1.388
NFK,ECCS,2009,0.597
MKD,ECCS,2009,1.017
NOR,ECCS,2009,1.4
OMN,ECCS,2009,1.145
PAK,ECCS,2009,0.96
PLW,ECCS,2009,0.545
PAN,ECCS,2009,0.79
PNG,ECCS,2009,0.28
PRY,ECCS,2009,1.011
PER,ECCS,2009,0.883
PHL,ECCS,2009,0.677
PCN,ECCS,2009,-0.334
POL,ECCS,2009,1.278
PRT,ECCS,2009,1.263
PRI,ECCS,2009,0.649
QAT,ECCS,2009,1.177
ROU,ECCS,2009,1.599
RUS,ECCS,2009,1.175
SPM,ECCS,2009,0.73
WSM,ECCS,2009,0.801
SMR,ECCS,2009,1.361
STP,ECCS,2009,0.923
SAU,ECCS,2009,1.002
SEN,ECCS,2009,0.73
SRB,ECCS,2009,1.371
SYC,ECCS,2009,0.647
SLE,ECCS,2009,0.899
SGP,ECCS,2009,0.581
SVK,ECCS,2009,1.492
SVN,ECCS,2009,1.658
SLB,ECCS,2009,0.181
SOM,ECCS,2009,1.559
ZAF,ECCS,2009,0.76
ESP,ECCS,2009,1.287
LKA,ECCS,2009,0.639
KNA,ECCS,2009,0.61
LCA,ECCS,2009,0.609
VCT,ECCS,2009,0.61
SUR,ECCS,2009,2.054
SJM,ECCS,2009,1.904
SWE,ECCS,2009,1.431
CHE,ECCS,2009,1.408
SYR,ECCS,2009,0.619
TWN,ECCS,2009,0.784
TJK,ECCS,2009,0.776
TZA,ECCS,2009,0.959
THA,ECCS,2009,0.373
TLS,ECCS,2009,0.473
TGO,ECCS,2009,0.965
TON,ECCS,2009,0.519
TTO,ECCS,2009,0.706
TUN,ECCS,2009,0.961
TKM,ECCS,2009,1.137
TUV,ECCS,2009,0.68
UGA,ECCS,2009,1.287
UKR,ECCS,2009,1.601
ARE,ECCS,2009,0.9
GBR,ECCS,2009,0.937
USA,ECCS,2009,0.401
VIR,ECCS,2009,0.667
URY,ECCS,2009,0.543
UZB,ECCS,2009,1.065
VUT,ECCS,2009,0.318
VEN,ECCS,2009,0.907
VNM,ECCS,2009,0.739
WLF,ECCS,2009,0.524
PSE,ECCS,2009,0.836
ESH,ECCS,2009,1.032
ZMB,ECCS,2009,0.396
ZWE,ECCS,2009,-0.019
AFG,ECCS,2010,1.666
ALB,ECCS,2010,1.241
DZA,ECCS,2010,2.272
ASM,ECCS,2010,1.007
AND,ECCS,2010,0.445
AGO,ECCS,2010,1.143
AIA,ECCS,2010,1.295
ATG,ECCS,2010,1.377
ARG,ECCS,2010,0.03
ARM,ECCS,2010,2.705
ABW,ECCS,2010,1.429
AUS,ECCS,2010,0.605
AUT,ECCS,2010,0.665
AZE,ECCS,2010,2.365
BHS,ECCS,2010,0.229
BHR,ECCS,2010,2.217
BGD,ECCS,2010,1.054
BRB,ECCS,2010,1.343
BLR,ECCS,2010,1.461
BEL,ECCS,2010,0.238
BLZ,ECCS,2010,0.822
BEN,ECCS,2010,1.323
BTN,ECCS,2010,1.253
BOL,ECCS,2010,0.761
BIH,ECCS,2010,0.998
BWA,ECCS,2010,1.389
BRA,ECCS,2010,1.133
VGB,ECCS,2010,1.212
BRN,ECCS,2010,0.921
BGR,ECCS,2010,1.309
BFA,ECCS,2010,1.275
KHM,ECCS,2010,1.156
CMR,ECCS,2010,1.162
CAN,ECCS,2010,2.934
CYM,ECCS,2010,0.521
CAF,ECCS,2010,0.967
TCD,ECCS,2010,1.293
CHL,ECCS,2010,-0.191
HKG,ECCS,2010,0.49
MAC,ECCS,2010,0.49
CHN,ECCS,2010,0.958
COL,ECCS,2010,1.142
COM,ECCS,2010,0.853
COD,ECCS,2010,1.291
COG,ECCS,2010,1.292
COK,ECCS,2010,1.214
CRI,ECCS,2010,0.727
HRV,ECCS,2010,0.873
CUB,ECCS,2010,0.591
CYP,ECCS,2010,2.027
CZE,ECCS,2010,0.412
DNK,ECCS,2010,-0.196
DJI,ECCS,2010,1.138
DMA,ECCS,2010,1.377
DOM,ECCS,2010,1.06
ECU,ECCS,2010,0.911
EGY,ECCS,2010,2.299
SLV,ECCS,2010,0.575
GNQ,ECCS,2010,0.947
ERI,ECCS,2010,1.629
EST,ECCS,2010,0.514
SWZ,ECCS,2010,1.288
ETH,ECCS,2010,1.272
FRO,ECCS,2010,0.318
FJI,ECCS,2010,0.656
FIN,ECCS,2010,0.236
FRA,ECCS,2010,0.403
PYF,ECCS,2010,0.608
GAB,ECCS,2010,1.127
GMB,ECCS,2010,1.251
GEO,ECCS,2010,2.402
DEU,ECCS,2010,0.196
GHA,ECCS,2010,1.245
GIB,ECCS,2010,1.244
GRC,ECCS,2010,1.567
GRL,ECCS,2010,3.231
GRD,ECCS,2010,1.394
GLP,ECCS,2010,1.336
GTM,ECCS,2010,0.778
GUF,ECCS,2010,1.778
GIN,ECCS,2010,1.331
GNB,ECCS,2010,1.192
GUY,ECCS,2010,1.467
HTI,ECCS,2010,1.02
VAT,ECCS,2010,0.755
HND,ECCS,2010,0.75
HUN,ECCS,2010,0.81
ISL,ECCS,2010,1.18
IND,ECCS,2010,1.134
IDN,ECCS,2010,0.742
IRN,ECCS,2010,2.191
IRQ,ECCS,2010,2.686
IRL,ECCS,2010,-0.122
IMN,ECCS,2010,-0.137
ISR,ECCS,2010,2.299
ITA,ECCS,2010,0.788
JAM,ECCS,2010,1.319
JPN,ECCS,2010,0.909
JOR,ECCS,2010,2.604
KAZ,ECCS,2010,1.285
KEN,ECCS,2010,1.21
KIR,ECCS,2010,0.486
PRK,ECCS,2010,0.373
KOR,ECCS,2010,0.52
KWT,ECCS,2010,2.528
KGZ,ECCS,2010,1.329
LAO,ECCS,2010,1.248
LVA,ECCS,2010,0.669
LBN,ECCS,2010,2.318
LSO,ECCS,2010,1.301
LBR,ECCS,2010,1.349
LBY,ECCS,2010,1.966
LIE,ECCS,2010,0.507
LTU,ECCS,2010,0.743
LUX,ECCS,2010,0.333
MDG,ECCS,2010,0.92
MWI,ECCS,2010,1.21
MYS,ECCS,2010,0.908
MDV,ECCS,2010,0.785
MLI,ECCS,2010,1.655
MLT,ECCS,2010,1.347
MHL,ECCS,2010,0.493
MTQ,ECCS,2010,1.366
MRT,ECCS,2010,1.846
MUS,ECCS,2010,0.706
MYT,ECCS,2010,0.841
MEX,ECCS,2010,0.296
FSM,ECCS,2010,0.6
MDA,ECCS,2010,1.292
MCO,ECCS,2010,0.512
MNG,ECCS,2010,0.317
MNE,ECCS,2010,1.209
MSR,ECCS,2010,1.377
MAR,ECCS,2010,2.09
MOZ,ECCS,2010,1.106
MMR,ECCS,2010,1.182
NPL,ECCS,2010,1.137
NLD,ECCS,2010,0.111
NCL,ECCS,2010,0.878
NZL,ECCS,2010,0.556
NIC,ECCS,2010,0.671
NER,ECCS,2010,1.679
NGA,ECCS,2010,1.512
NFK,ECCS,2010,0.86
MKD,ECCS,2010,1.363
NOR,ECCS,2010,-0.337
OMN,ECCS,2010,1.54
PAK,ECCS,2010,1.219
PLW,ECCS,2010,0.485
PAN,ECCS,2010,0.854
PNG,ECCS,2010,0.909
PRY,ECCS,2010,0.452
PER,ECCS,2010,1.107
PHL,ECCS,2010,1.018
PCN,ECCS,2010,-0.145
POL,ECCS,2010,0.404
PRT,ECCS,2010,1.009
PRI,ECCS,2010,1.181
QAT,ECCS,2010,2.06
ROU,ECCS,2010,1.151
RUS,ECCS,2010,0.864
SPM,ECCS,2010,1.336
WSM,ECCS,2010,0.971
SMR,ECCS,2010,0.702
STP,ECCS,2010,1.034
SAU,ECCS,2010,2.154
SEN,ECCS,2010,1.45
SRB,ECCS,2010,1.171
SYC,ECCS,2010,0.823
SLE,ECCS,2010,1.327
SGP,ECCS,2010,0.6
SVK,ECCS,2010,0.682
SVN,ECCS,2010,0.801
SLB,ECCS,2010,0.62
SOM,ECCS,2010,1.352
ZAF,ECCS,2010,1.157
ESP,ECCS,2010,0.85
LKA,ECCS,2010,1.008
KNA,ECCS,2010,1.377
LCA,ECCS,2010,1.371
VCT,ECCS,2010,1.395
SUR,ECCS,2010,2.175
SJM,ECCS,2010,2.271
SWE,ECCS,2010,-0.285
CHE,ECCS,2010,0.483
SYR,ECCS,2010,2.456
TWN,ECCS,2010,0.56
TJK,ECCS,2010,1.333
TZA,ECCS,2010,1.102
THA,ECCS,2010,1.177
TLS,ECCS,2010,0.693
TGO,ECCS,2010,1.342
TON,ECCS,2010,0.981
TTO,ECCS,2010,1.399
TUN,ECCS,2010,1.859
TKM,ECCS,2010,1.978
TUV,ECCS,2010,0.94
UGA,ECCS,2010,1.284
UKR,ECCS,2010,1.631
ARE,ECCS,2010,1.514
GBR,ECCS,2010,-0.065
USA,ECCS,2010,0.701
VIR,ECCS,2010,1.209
URY,ECCS,2010,0.29
UZB,ECCS,2010,1.787
VUT,ECCS,2010,0.792
VEN,ECCS,2010,1.268
VNM,ECCS,2010,1.154
WLF,ECCS,2010,0.815
PSE,ECCS,2010,2.299
ESH,ECCS,2010,2.06
ZMB,ECCS,2010,1.441
ZWE,ECCS,2010,1.052
AFG,ECCS,2011,1.455
ALB,ECCS,2011,1.136
DZA,ECCS,2011,1.407
ASM,ECCS,2011,0.704
AND,ECCS,2011,1.655
AGO,ECCS,2011,0.819
AIA,ECCS,2011,0.592
ATG,ECCS,2011,0.654
ARG,ECCS,2011,0.255
ARM,ECCS,2011,0.673
ABW,ECCS,2011,0.555
AUS,ECCS,2011,0.14
AUT,ECCS,2011,1.379
AZE,ECCS,2011,0.796
BHS,ECCS,2011,0.389
BHR,ECCS,2011,1.362
BGD,ECCS,2011,0.382
BRB,ECCS,2011,0.913
BLR,ECCS,2011,1.027
BEL,ECCS,2011,1.294
BLZ,ECCS,2011,0.699
BEN,ECCS,2011,1.045
BTN,ECCS,2011,0.551
BOL,ECCS,2011,1.208
BIH,ECCS,2011,1.167
BWA,ECCS,2011,0.317
BRA,ECCS,2011,0.806
VGB,ECCS,2011,0.53
BRN,ECCS,2011,0.575
BGR,ECCS,2011,0.369
BFA,ECCS,2011,1.012
CPV,ECCS,2011,1.453
KHM,ECCS,2011,0.417
CMR,ECCS,2011,0.572
CAN,ECCS,2011,1.463
CYM,ECCS,2011,0.207
CAF,ECCS,2011,0.499
TCD,ECCS,2011,0.954
CHL,ECCS,2011,0.022
HKG,ECCS,2011,0.393
MAC,ECCS,2011,0.393
CHN,ECCS,2011,0.786
COL,ECCS,2011,0.591
COM,ECCS,2011,0.489
COD,ECCS,2011,0.736
COG,ECCS,2011,0.64
COK,ECCS,2011,1.085
CRI,ECCS,2011,0.252
HRV,ECCS,2011,1.275
CUB,ECCS,2011,0.581
CYP,ECCS,2011,0.719
CZE,ECCS,2011,1.041
DNK,ECCS,2011,0.678
DJI,ECCS,2011,1.009
DMA,ECCS,2011,0.653
DOM,ECCS,2011,0.461
ECU,ECCS,2011,0.844
EGY,ECCS,2011,0.598
SLV,ECCS,2011,0.56
GNQ,ECCS,2011,0.607
ERI,ECCS,2011,1.506
EST,ECCS,2011,1.272
SWZ,ECCS,2011,0.693
ETH,ECCS,2011,1.101
FRO,ECCS,2011,1.116
FJI,ECCS,2011,0.652
FIN,ECCS,2011,1.344
FRA,ECCS,2011,1.54
PYF,ECCS,2011,0.073
GAB,ECCS,2011,0.586
GMB,ECCS,2011,1.004
GEO,ECCS,2011,0.408
DEU,ECCS,2011,1.121
GHA,ECCS,2011,0.872
GIB,ECCS,2011,1.574
GRC,ECCS,2011,0.388
GRL,ECCS,2011,1.618
GRD,ECCS,2011,0.873
GLP,ECCS,2011,0.623
GTM,ECCS,2011,0.516
GUF,ECCS,2011,1.345
GIN,ECCS,2011,1.07
GNB,ECCS,2011,1.024
GUY,ECCS,2011,1.095
HTI,ECCS,2011,0.539
VAT,ECCS,2011,1.024
HND,ECCS,2011,0.656
HUN,ECCS,2011,0.896
ISL,ECCS,2011,0.991
IND,ECCS,2011,0.345
IDN,ECCS,2011,0.306
IRN,ECCS,2011,1.318
IRQ,ECCS,2011,0.884
IRL,ECCS,2011,0.54
IMN,ECCS,2011,0.657
ISR,ECCS,2011,0.566
ITA,ECCS,2011,1.27
JAM,ECCS,2011,0.612
JPN,ECCS,2011,0.579
JOR,ECCS,2011,0.519
KAZ,ECCS,2011,0.716
KEN,ECCS,2011,1.098
KIR,ECCS,2011,0.503
PRK,ECCS,2011,0.502
KOR,ECCS,2011,0.325
KWT,ECCS,2011,1.308
KGZ,ECCS,2011,1.177
LAO,ECCS,2011,0.01
LVA,ECCS,2011,1.132
LBN,ECCS,2011,0.625
LSO,ECCS,2011,0.747
LBR,ECCS,2011,1.022
LBY,ECCS,2011,0.821
LIE,ECCS,2011,1.676
LTU,ECCS,2011,0.942
LUX,ECCS,2011,1.35
MDG,ECCS,2011,0.832
MWI,ECCS,2011,0.98
MYS,ECCS,2011,0.545
MDV,ECCS,2011,0.639
MLI,ECCS,2011,1.227
MLT,ECCS,2011,1.028
MHL,ECCS,2011,0.304
MTQ,ECCS,2011,0.688
MRT,ECCS,2011,1.494
MUS,ECCS,2011,0.414
MYT,ECCS,2011,0.587
MEX,ECCS,2011,1.017
FSM,ECCS,2011,0.466
MDA,ECCS,2011,0.425
MCO,ECCS,2011,1.434
MNG,ECCS,2011,0.774
MNE,ECCS,2011,1.019
MSR,ECCS,2011,0.654
MAR,ECCS,2011,1.771
MOZ,ECCS,2011,0.786
MMR,ECCS,2011,0.486
NPL,ECCS,2011,0.212
NLD,ECCS,2011,1.08
NCL,ECCS,2011,0.673
NZL,ECCS,2011,0.63
NIC,ECCS,2011,0.391
NER,ECCS,2011,1.087
NGA,ECCS,2011,0.951
NFK,ECCS,2011,0.961
MKD,ECCS,2011,0.752
NOR,ECCS,2011,1.394
OMN,ECCS,2011,1.277
PAK,ECCS,2011,0.769
PLW,ECCS,2011,0.452
PAN,ECCS,2011,0.444
PNG,ECCS,2011,0.254
PRY,ECCS,2011,0.735
PER,ECCS,2011,0.886
PHL,ECCS,2011,0.585
POL,ECCS,2011,0.766
PRT,ECCS,2011,1.496
PRI,ECCS,2011,0.53
QAT,ECCS,2011,1.495
ROU,ECCS,2011,0.486
RUS,ECCS,2011,1.686
SPM,ECCS,2011,1.174
WSM,ECCS,2011,0.582
SMR,ECCS,2011,1.273
STP,ECCS,2011,0.719
SAU,ECCS,2011,0.839
SEN,ECCS,2011,1.186
SRB,ECCS,2011,0.751
SYC,ECCS,2011,0.731
SLE,ECCS,2011,0.975
SGP,ECCS,2011,0.379
SVK,ECCS,2011,0.838
SVN,ECCS,2011,1.387
SLB,ECCS,2011,0.298
SOM,ECCS,2011,1.148
ZAF,ECCS,2011,0.474
SSD,ECCS,2011,1.32
ESP,ECCS,2011,1.555
LKA,ECCS,2011,0.663
KNA,ECCS,2011,0.654
LCA,ECCS,2011,0.803
VCT,ECCS,2011,0.882
SDN,ECCS,2011,0.856
SUR,ECCS,2011,1.692
SJM,ECCS,2011,2.105
SWE,ECCS,2011,1.262
CHE,ECCS,2011,1.697
SYR,ECCS,2011,0.628
TWN,ECCS,2011,0.119
TJK,ECCS,2011,1.407
TZA,ECCS,2011,0.802
THA,ECCS,2011,0.132
TLS,ECCS,2011,-0.342
TGO,ECCS,2011,0.963
TON,ECCS,2011,0.606
TTO,ECCS,2011,0.73
TUN,ECCS,2011,1.134
TKM,ECCS,2011,1.182
TUV,ECCS,2011,0.83
UGA,ECCS,2011,0.872
UKR,ECCS,2011,0.567
ARE,ECCS,2011,1.187
GBR,ECCS,2011,0.837
USA,ECCS,2011,0.541
VIR,ECCS,2011,0.532
URY,ECCS,2011,0.473
UZB,ECCS,2011,1.052
VUT,ECCS,2011,0.509
VEN,ECCS,2011,0.674
VNM,ECCS,2011,0.177
WLF,ECCS,2011,0.569
PSE,ECCS,2011,0.567
ESH,ECCS,2011,1.698
ZMB,ECCS,2011,0.972
ZWE,ECCS,2011,0.488
AFG,ECCS,2012,0.267
ALB,ECCS,2012,1.559
DZA,ECCS,2012,1.171
ASM,ECCS,2012,0.734
AND,ECCS,2012,1.242
AGO,ECCS,2012,0.478
AIA,ECCS,2012,0.816
ATG,ECCS,2012,0.751
ARG,ECCS,2012,0.675
ARM,ECCS,2012,1.319
ABW,ECCS,2012,0.79
AUS,ECCS,2012,0.239
AUT,ECCS,2012,1.787
AZE,ECCS,2012,1.5
BHS,ECCS,2012,0.339
BHR,ECCS,2012,1.315
BGD,ECCS,2012,0.541
BRB,ECCS,2012,0.785
BLR,ECCS,2012,1.573
BEL,ECCS,2012,1.143
BLZ,ECCS,2012,0.62
BEN,ECCS,2012,0.69
BTN,ECCS,2012,0.473
BOL,ECCS,2012,0.901
BIH,ECCS,2012,1.805
BWA,ECCS,2012,0.823
BRA,ECCS,2012,1.077
VGB,ECCS,2012,0.881
BRN,ECCS,2012,0.763
BGR,ECCS,2012,1.627
BFA,ECCS,2012,0.504
CPV,ECCS,2012,1.418
KHM,ECCS,2012,0.872
CMR,ECCS,2012,0.401
CAN,ECCS,2012,2.161
CYM,ECCS,2012,0.275
CAF,ECCS,2012,0.203
TCD,ECCS,2012,0.519
CHL,ECCS,2012,0.494
HKG,ECCS,2012,0.546
MAC,ECCS,2012,0.546
CHN,ECCS,2012,0.625
COL,ECCS,2012,0.785
COM,ECCS,2012,0.453
COD,ECCS,2012,0.484
COG,ECCS,2012,0.626
COK,ECCS,2012,0.82
CRI,ECCS,2012,0.332
HRV,ECCS,2012,1.865
CUB,ECCS,2012,0.654
CYP,ECCS,2012,0.944
CZE,ECCS,2012,1.579
DNK,ECCS,2012,1.136
DMA,ECCS,2012,0.751
DOM,ECCS,2012,0.686
ECU,ECCS,2012,0.699
EGY,ECCS,2012,0.92
SLV,ECCS,2012,0.702
GNQ,ECCS,2012,0.582
ERI,ECCS,2012,1.489
EST,ECCS,2012,1.432
SWZ,ECCS,2012,0.68
ETH,ECCS,2012,0.996
FRO,ECCS,2012,0.425
FJI,ECCS,2012,0.367
FIN,ECCS,2012,1.532
FRA,ECCS,2012,1.228
PYF,ECCS,2012,0.575
GAB,ECCS,2012,0.593
GMB,ECCS,2012,0.913
GEO,ECCS,2012,1.235
DEU,ECCS,2012,1.35
GHA,ECCS,2012,0.635
GIB,ECCS,2012,0.871
GRC,ECCS,2012,1.227
GRL,ECCS,2012,1.544
GRD,ECCS,2012,0.735
GLP,ECCS,2012,0.783
GTM,ECCS,2012,0.616
GUF,ECCS,2012,1.319
GIN,ECCS,2012,0.535
GNB,ECCS,2012,0.801
GUY,ECCS,2012,1.183
HTI,ECCS,2012,0.752
VAT,ECCS,2012,1.5
HND,ECCS,2012,0.565
HUN,ECCS,2012,1.738
ISL,ECCS,2012,0.714
IND,ECCS,2012,0.48
IDN,ECCS,2012,0.432
IRN,ECCS,2012,1.087
IRQ,ECCS,2012,1.281
IRL,ECCS,2012,0.691
IMN,ECCS,2012,0.588
ISR,ECCS,2012,1.031
ITA,ECCS,2012,1.567
JAM,ECCS,2012,0.762
JPN,ECCS,2012,0.37
JOR,ECCS,2012,1.102
KAZ,ECCS,2012,1.131
KEN,ECCS,2012,0.981
KIR,ECCS,2012,0.603
PRK,ECCS,2012,0.401
KOR,ECCS,2012,0.407
KWT,ECCS,2012,1.497
KGZ,ECCS,2012,0.25
LAO,ECCS,2012,0.843
LVA,ECCS,2012,1.389
LBN,ECCS,2012,0.999
LSO,ECCS,2012,1.216
LBR,ECCS,2012,0.797
LBY,ECCS,2012,0.795
LIE,ECCS,2012,1.638
LTU,ECCS,2012,1.359
LUX,ECCS,2012,1.276
MDG,ECCS,2012,0.641
MWI,ECCS,2012,0.998
MYS,ECCS,2012,0.704
MDV,ECCS,2012,0.628
MLI,ECCS,2012,0.421
MLT,ECCS,2012,1.524
MHL,ECCS,2012,0.687
MTQ,ECCS,2012,0.755
MRT,ECCS,2012,0.829
MUS,ECCS,2012,0.304
MYT,ECCS,2012,0.512
MEX,ECCS,2012,0.909
FSM,ECCS,2012,0.76
MDA,ECCS,2012,2.003
MCO,ECCS,2012,1.459
MNG,ECCS,2012,0.238
MNE,ECCS,2012,1.681
MSR,ECCS,2012,0.751
MAR,ECCS,2012,1.365
MOZ,ECCS,2012,0.841
MMR,ECCS,2012,0.893
NPL,ECCS,2012,0.411
NLD,ECCS,2012,1.163
NCL,ECCS,2012,0.385
NZL,ECCS,2012,0.073
NIC,ECCS,2012,0.498
NER,ECCS,2012,0.719
NGA,ECCS,2012,0.614
NFK,ECCS,2012,0.491
MKD,ECCS,2012,1.464
NOR,ECCS,2012,1.051
OMN,ECCS,2012,1.208
PAK,ECCS,2012,0.205
PLW,ECCS,2012,0.641
PAN,ECCS,2012,0.47
PNG,ECCS,2012,0.147
PRY,ECCS,2012,0.943
PER,ECCS,2012,0.987
PHL,ECCS,2012,0.879
POL,ECCS,2012,1.381
PRT,ECCS,2012,0.688
PRI,ECCS,2012,0.831
QAT,ECCS,2012,1.439
ROU,ECCS,2012,1.816
RUS,ECCS,2012,1.914
SPM,ECCS,2012,2.004
WSM,ECCS,2012,0.651
SMR,ECCS,2012,1.691
STP,ECCS,2012,0.782
SAU,ECCS,2012,1.232
SEN,ECCS,2012,0.868
SRB,ECCS,2012,1.704
SYC,ECCS,2012,0.703
SLE,ECCS,2012,0.462
SGP,ECCS,2012,0.662
SVK,ECCS,2012,1.574
SVN,ECCS,2012,1.965
SLB,ECCS,2012,0.406
SOM,ECCS,2012,1.015
ZAF,ECCS,2012,0.644
SSD,ECCS,2012,1.006
ESP,ECCS,2012,0.977
LKA,ECCS,2012,0.9
KNA,ECCS,2012,0.751
LCA,ECCS,2012,0.752
VCT,ECCS,2012,0.732
SDN,ECCS,2012,0.982
SUR,ECCS,2012,1.788
SJM,ECCS,2012,3.824
SWE,ECCS,2012,1.306
CHE,ECCS,2012,1.539
SYR,ECCS,2012,1.012
TWN,ECCS,2012,0.409
TJK,ECCS,2012,-0.044
TZA,ECCS,2012,0.891
THA,ECCS,2012,0.79
TLS,ECCS,2012,-0.078
TGO,ECCS,2012,0.664
TON,ECCS,2012,0.698
TTO,ECCS,2012,0.792
TUN,ECCS,2012,1.707
TKM,ECCS,2012,0.874
TUV,ECCS,2012,0.637
UGA,ECCS,2012,0.916
UKR,ECCS,2012,1.943
ARE,ECCS,2012,1.162
GBR,ECCS,2012,0.562
USA,ECCS,2012,1.458
VIR,ECCS,2012,0.876
URY,ECCS,2012,0.875
UZB,ECCS,2012,0.686
VUT,ECCS,2012,0.196
VEN,ECCS,2012,0.667
VNM,ECCS,2012,0.81
WLF,ECCS,2012,0.479
PSE,ECCS,2012,1.035
ESH,ECCS,2012,1.498
ZMB,ECCS,2012,1.021
ZWE,ECCS,2012,0.595
AFG,ECCS,2013,1.385
ALB,ECCS,2013,1.392
DZA,ECCS,2013,1.213
ASM,ECCS,2013,1.026
AND,ECCS,2013,0.812
AGO,ECCS,2013,0.943
AIA,ECCS,2013,0.801
ATG,ECCS,2013,0.762
ARG,ECCS,2013,0.348
ARM,ECCS,2013,1.413
ABW,ECCS,2013,1.252
AUS,ECCS,2013,1.429
AUT,ECCS,2013,1.101
AZE,ECCS,2013,1.6
BHS,ECCS,2013,0.54
BHR,ECCS,2013,1.44
BGD,ECCS,2013,0.516
BRB,ECCS,2013,1.077
BLR,ECCS,2013,1.217
BEL,ECCS,2013,0.479
BLZ,ECCS,2013,0.76
BEN,ECCS,2013,0.961
BTN,ECCS,2013,0.799
BOL,ECCS,2013,0.616
BIH,ECCS,2013,1.372
BWA,ECCS,2013,1.12
BRA,ECCS,2013,0.996
VGB,ECCS,2013,0.84
BRN,ECCS,2013,0.982
BGR,ECCS,2013,1.423
BFA,ECCS,2013,0.864
CPV,ECCS,2013,1.409
KHM,ECCS,2013,0.956
CMR,ECCS,2013,0.712
CAN,ECCS,2013,1.21
CYM,ECCS,2013,0.43
CAF,ECCS,2013,0.59
TCD,ECCS,2013,0.998
CHL,ECCS,2013,0.245
HKG,ECCS,2013,0.825
MAC,ECCS,2013,0.825
CHN,ECCS,2013,1.085
COL,ECCS,2013,0.965
COM,ECCS,2013,0.691
COD,ECCS,2013,1.0
COG,ECCS,2013,0.779
COK,ECCS,2013,1.043
CRI,ECCS,2013,0.648
HRV,ECCS,2013,1.289
CUB,ECCS,2013,0.893
CYP,ECCS,2013,1.21
CZE,ECCS,2013,0.779
DNK,ECCS,2013,0.399
DJI,ECCS,2013,1.343
DMA,ECCS,2013,0.762
DOM,ECCS,2013,0.959
ECU,ECCS,2013,0.481
EGY,ECCS,2013,1.035
SLV,ECCS,2013,0.688
GNQ,ECCS,2013,0.683
ERI,ECCS,2013,1.125
EST,ECCS,2013,1.149
SWZ,ECCS,2013,0.48
ETH,ECCS,2013,1.156
FRO,ECCS,2013,0.661
FJI,ECCS,2013,0.771
FIN,ECCS,2013,1.42
FRA,ECCS,2013,0.728
PYF,ECCS,2013,0.394
GAB,ECCS,2013,0.692
GMB,ECCS,2013,0.998
GEO,ECCS,2013,1.35
DEU,ECCS,2013,0.584
GHA,ECCS,2013,0.897
GIB,ECCS,2013,0.792
GRC,ECCS,2013,1.316
GRL,ECCS,2013,1.41
GRD,ECCS,2013,0.94
GLP,ECCS,2013,0.782
GTM,ECCS,2013,0.712
GUF,ECCS,2013,1.477
GIN,ECCS,2013,0.927
GNB,ECCS,2013,0.868
GUY,ECCS,2013,1.115
HTI,ECCS,2013,1.034
VAT,ECCS,2013,0.875
HND,ECCS,2013,0.84
HUN,ECCS,2013,1.168
ISL,ECCS,2013,0.703
IND,ECCS,2013,0.421
IDN,ECCS,2013,0.76
IRN,ECCS,2013,1.607
IRQ,ECCS,2013,1.256
IRL,ECCS,2013,0.559
IMN,ECCS,2013,0.423
ISR,ECCS,2013,1.111
ITA,ECCS,2013,1.039
JAM,ECCS,2013,1.05
JPN,ECCS,2013,0.6
JOR,ECCS,2013,1.053
KAZ,ECCS,2013,1.591
KEN,ECCS,2013,0.888
KIR,ECCS,2013,0.802
PRK,ECCS,2013,0.298
KOR,ECCS,2013,0.54
KWT,ECCS,2013,1.348
KGZ,ECCS,2013,1.325
LAO,ECCS,2013,1.031
LVA,ECCS,2013,1.055
LBN,ECCS,2013,1.221
LSO,ECCS,2013,1.227
LBR,ECCS,2013,0.901
LBY,ECCS,2013,1.201
LIE,ECCS,2013,0.954
LTU,ECCS,2013,0.95
LUX,ECCS,2013,0.586
MDG,ECCS,2013,0.538
MWI,ECCS,2013,0.853
MYS,ECCS,2013,0.931
MDV,ECCS,2013,0.694
MLI,ECCS,2013,0.99
MLT,ECCS,2013,1.499
MHL,ECCS,2013,0.692
MTQ,ECCS,2013,0.825
MRT,ECCS,2013,1.416
MUS,ECCS,2013,0.428
MYT,ECCS,2013,0.612
MEX,ECCS,2013,0.761
FSM,ECCS,2013,0.822
MDA,ECCS,2013,1.26
MCO,ECCS,2013,0.802
MNG,ECCS,2013,1.03
MNE,ECCS,2013,1.483
MSR,ECCS,2013,0.762
MAR,ECCS,2013,1.306
MOZ,ECCS,2013,0.574
MMR,ECCS,2013,0.958
NPL,ECCS,2013,0.193
NLD,ECCS,2013,0.44
NCL,ECCS,2013,0.651
NZL,ECCS,2013,0.908
NIC,ECCS,2013,0.867
NER,ECCS,2013,0.94
NGA,ECCS,2013,1.014
NFK,ECCS,2013,0.543
MKD,ECCS,2013,1.428
NOR,ECCS,2013,0.787
OMN,ECCS,2013,0.931
PAK,ECCS,2013,0.748
PLW,ECCS,2013,0.749
PAN,ECCS,2013,0.777
PNG,ECCS,2013,0.608
PRY,ECCS,2013,0.473
PER,ECCS,2013,0.749
PHL,ECCS,2013,1.018
POL,ECCS,2013,0.65
PRT,ECCS,2013,0.828
PRI,ECCS,2013,0.807
QAT,ECCS,2013,1.296
ROU,ECCS,2013,1.365
RUS,ECCS,2013,1.149
SPM,ECCS,2013,1.337
WSM,ECCS,2013,0.943
SMR,ECCS,2013,1.015
STP,ECCS,2013,0.831
SAU,ECCS,2013,1.216
SEN,ECCS,2013,1.206
SRB,ECCS,2013,1.43
SYC,ECCS,2013,0.565
SLE,ECCS,2013,0.71
SGP,ECCS,2013,0.717
SVK,ECCS,2013,0.953
SVN,ECCS,2013,1.265
SLB,ECCS,2013,0.354
SOM,ECCS,2013,1.143
ZAF,ECCS,2013,0.797
SSD,ECCS,2013,1.284
ESP,ECCS,2013,0.84
LKA,ECCS,2013,0.791
KNA,ECCS,2013,0.762
LCA,ECCS,2013,0.922
VCT,ECCS,2013,0.938
SDN,ECCS,2013,1.181
SUR,ECCS,2013,1.944
SJM,ECCS,2013,2.27
SWE,ECCS,2013,0.855
CHE,ECCS,2013,0.807
SYR,ECCS,2013,1.347
TWN,ECCS,2013,0.73
TJK,ECCS,2013,1.257
TZA,ECCS,2013,0.949
THA,ECCS,2013,1.005
TLS,ECCS,2013,0.423
TGO,ECCS,2013,0.861
TON,ECCS,2013,0.931
TTO,ECCS,2013,0.936
TUN,ECCS,2013,1.571
TKM,ECCS,2013,1.726
TUV,ECCS,2013,0.708
UGA,ECCS,2013,0.871
UKR,ECCS,2013,1.501
ARE,ECCS,2013,0.811
GBR,ECCS,2013,0.359
USA,ECCS,2013,0.616
VIR,ECCS,2013,0.83
URY,ECCS,2013,0.187
UZB,ECCS,2013,1.541
VUT,ECCS,2013,0.52
VEN,ECCS,2013,1.007
VNM,ECCS,2013,0.96
WLF,ECCS,2013,0.572
PSE,ECCS,2013,1.113
ESH,ECCS,2013,1.513
ZMB,ECCS,2013,0.949
ZWE,ECCS,2013,0.382
AFG,ECCS,2014,0.484
ALB,ECCS,2014,1.332
DZA,ECCS,2014,1.705
ASM,ECCS,2014,0.898
AND,ECCS,2014,1.926
AGO,ECCS,2014,0.705
AIA,ECCS,2014,0.902
ATG,ECCS,2014,0.763
ARG,ECCS,2014,0.857
ARM,ECCS,2014,1.246
ABW,ECCS,2014,1.049
AUS,ECCS,2014,1.124
AUT,ECCS,2014,2.417
AZE,ECCS,2014,1.247
BHS,ECCS,2014,0.863
BHR,ECCS,2014,1.842
BGD,ECCS,2014,0.759
BRB,ECCS,2014,0.736
BLR,ECCS,2014,2.183
BEL,ECCS,2014,2.426
BLZ,ECCS,2014,0.757
BEN,ECCS,2014,1.05
BTN,ECCS,2014,0.87
BOL,ECCS,2014,1.058
BIH,ECCS,2014,1.88
BWA,ECCS,2014,0.239
BRA,ECCS,2014,1.217
VGB,ECCS,2014,1.041
BRN,ECCS,2014,0.934
BGR,ECCS,2014,1.167
BFA,ECCS,2014,0.921
CPV,ECCS,2014,1.16
KHM,ECCS,2014,0.595
CMR,ECCS,2014,0.872
CAN,ECCS,2014,0.304
CYM,ECCS,2014,0.638
CAF,ECCS,2014,0.462
TCD,ECCS,2014,0.889
CHL,ECCS,2014,0.289
HKG,ECCS,2014,0.599
MAC,ECCS,2014,0.599
CHN,ECCS,2014,1.093
COL,ECCS,2014,0.974
COM,ECCS,2014,0.812
COD,ECCS,2014,0.979
COG,ECCS,2014,0.721
COK,ECCS,2014,0.816
CRI,ECCS,2014,0.634
HRV,ECCS,2014,2.049
CUB,ECCS,2014,1.076
CYP,ECCS,2014,1.028
CZE,ECCS,2014,2.507
DNK,ECCS,2014,2.675
DJI,ECCS,2014,1.208
DMA,ECCS,2014,0.765
DOM,ECCS,2014,0.854
ECU,ECCS,2014,1.119
EGY,ECCS,2014,1.242
SLV,ECCS,2014,0.65
GNQ,ECCS,2014,0.798
ERI,ECCS,2014,0.902
EST,ECCS,2014,2.406
SWZ,ECCS,2014,0.607
ETH,ECCS,2014,1.076
FRO,ECCS,2014,1.833
FJI,ECCS,2014,0.544
FIN,ECCS,2014,2.58
FRA,ECCS,2014,2.07
PYF,ECCS,2014,0.439
GAB,ECCS,2014,0.766
GMB,ECCS,2014,1.195
GEO,ECCS,2014,1.209
DEU,ECCS,2014,2.519
GHA,ECCS,2014,0.892
GIB,ECCS,2014,1.365
GRC,ECCS,2014,1.068
GRL,ECCS,2014,1.651
GRD,ECCS,2014,0.765
GLP,ECCS,2014,0.833
GTM,ECCS,2014,0.699
GUF,ECCS,2014,1.541
GIN,ECCS,2014,0.823
GNB,ECCS,2014,1.067
GUY,ECCS,2014,1.409
HTI,ECCS,2014,1.353
VAT,ECCS,2014,1.323
HND,ECCS,2014,0.624
HUN,ECCS,2014,2.209
ISL,ECCS,2014,1.621
IND,ECCS,2014,0.517
IDN,ECCS,2014,0.75
IRN,ECCS,2014,1.03
IRQ,ECCS,2014,1.172
IRL,ECCS,2014,1.304
IMN,ECCS,2014,1.462
ISR,ECCS,2014,0.915
ITA,ECCS,2014,1.655
JAM,ECCS,2014,1.293
JPN,ECCS,2014,0.537
JOR,ECCS,2014,0.857
KAZ,ECCS,2014,0.657
KEN,ECCS,2014,0.968
KIR,ECCS,2014,0.942
PRK,ECCS,2014,1.583
KOR,ECCS,2014,1.055
KWT,ECCS,2014,1.474
KGZ,ECCS,2014,0.418
LAO,ECCS,2014,0.617
LVA,ECCS,2014,2.302
LBN,ECCS,2014,1.021
LSO,ECCS,2014,1.313
LBR,ECCS,2014,0.86
LBY,ECCS,2014,1.264
LIE,ECCS,2014,2.273
LTU,ECCS,2014,2.224
LUX,ECCS,2014,2.488
MDG,ECCS,2014,0.589
MWI,ECCS,2014,1.142
MYS,ECCS,2014,0.944
MDV,ECCS,2014,0.774
MLI,ECCS,2014,0.853
MLT,ECCS,2014,1.62
MHL,ECCS,2014,0.712
MTQ,ECCS,2014,0.756
MRT,ECCS,2014,1.301
MUS,ECCS,2014,0.516
MYT,ECCS,2014,0.829
MEX,ECCS,2014,0.872
FSM,ECCS,2014,0.651
MDA,ECCS,2014,1.349
MCO,ECCS,2014,1.909
MNG,ECCS,2014,1.894
MNE,ECCS,2014,1.585
MSR,ECCS,2014,0.763
MAR,ECCS,2014,1.674
MOZ,ECCS,2014,0.763
MMR,ECCS,2014,0.861
NPL,ECCS,2014,0.319
NLD,ECCS,2014,2.572
NCL,ECCS,2014,0.672
NZL,ECCS,2014,0.436
NIC,ECCS,2014,0.856
NER,ECCS,2014,1.121
NGA,ECCS,2014,1.101
NFK,ECCS,2014,0.385
MKD,ECCS,2014,1.341
NOR,ECCS,2014,2.405
OMN,ECCS,2014,0.924
PAK,ECCS,2014,0.34
PLW,ECCS,2014,0.794
PAN,ECCS,2014,0.704
PNG,ECCS,2014,0.194
PRY,ECCS,2014,1.256
PER,ECCS,2014,0.976
PHL,ECCS,2014,0.87
POL,ECCS,2014,2.366
PRT,ECCS,2014,1.247
PRI,ECCS,2014,0.91
QAT,ECCS,2014,1.685
ROU,ECCS,2014,1.539
RUS,ECCS,2014,1.742
SPM,ECCS,2014,0.438
WSM,ECCS,2014,0.804
SMR,ECCS,2014,1.562
STP,ECCS,2014,0.916
SAU,ECCS,2014,1.296
SEN,ECCS,2014,1.152
SRB,ECCS,2014,1.616
SYC,ECCS,2014,0.714
SLE,ECCS,2014,0.666
SGP,ECCS,2014,0.879
SVK,ECCS,2014,2.353
SVN,ECCS,2014,2.463
SLB,ECCS,2014,0.455
SOM,ECCS,2014,1.168
ZAF,ECCS,2014,0.933
SSD,ECCS,2014,1.049
ESP,ECCS,2014,1.524
LKA,ECCS,2014,0.891
KNA,ECCS,2014,0.763
LCA,ECCS,2014,0.754
VCT,ECCS,2014,0.764
SDN,ECCS,2014,1.012
SUR,ECCS,2014,1.921
SJM,ECCS,2014,3.381
SWE,ECCS,2014,2.69
CHE,ECCS,2014,2.209
SYR,ECCS,2014,1.148
TWN,ECCS,2014,0.678
TJK,ECCS,2014,0.386
TZA,ECCS,2014,0.924
THA,ECCS,2014,0.601
TLS,ECCS,2014,0.38
TGO,ECCS,2014,1.032
TON,ECCS,2014,0.607
TTO,ECCS,2014,0.848
TUN,ECCS,2014,2.014
TKM,ECCS,2014,0.801
TUV,ECCS,2014,0.671
UGA,ECCS,2014,0.904
UKR,ECCS,2014,1.694
ARE,ECCS,2014,0.928
GBR,ECCS,2014,1.704
USA,ECCS,2014,0.509
VIR,ECCS,2014,1.02
URY,ECCS,2014,1.183
UZB,ECCS,2014,0.178
VUT,ECCS,2014,0.455
VEN,ECCS,2014,1.065
VNM,ECCS,2014,0.609
WLF,ECCS,2014,0.52
PSE,ECCS,2014,0.906
ESH,ECCS,2014,1.448
ZMB,ECCS,2014,0.763
ZWE,ECCS,2014,0.315
AFG,ECCS,2015,1.139
ALB,ECCS,2015,1.702
DZA,ECCS,2015,1.134
ASM,ECCS,2015,0.738
AND,ECCS,2015,1.662
AGO,ECCS,2015,1.253
AIA,ECCS,2015,1.162
ATG,ECCS,2015,1.041
ARG,ECCS,2015,0.855
ARM,ECCS,2015,1.876
ABW,ECCS,2015,1.897
AUS,ECCS,2015,1.02
AUT,ECCS,2015,2.179
AZE,ECCS,2015,1.661
BHS,ECCS,2015,1.108
BHR,ECCS,2015,2.392
BGD,ECCS,2015,0.905
BRB,ECCS,2015,1.204
BLR,ECCS,2015,2.252
BEL,ECCS,2015,1.379
BLZ,ECCS,2015,1.251
BEN,ECCS,2015,1.196
BTN,ECCS,2015,0.99
BOL,ECCS,2015,1.51
BIH,ECCS,2015,1.864
BWA,ECCS,2015,1.873
BRA,ECCS,2015,1.601
VGB,ECCS,2015,1.284
BRN,ECCS,2015,1.121
BGR,ECCS,2015,1.417
BFA,ECCS,2015,1.139
CPV,ECCS,2015,1.148
KHM,ECCS,2015,1.103
CMR,ECCS,2015,1.111
CAN,ECCS,2015,1.287
CAF,ECCS,2015,0.753
TCD,ECCS,2015,1.067
CHL,ECCS,2015,0.645
HKG,ECCS,2015,1.059
MAC,ECCS,2015,1.059
CHN,ECCS,2015,1.308
COL,ECCS,2015,1.411
COM,ECCS,2015,1.028
COD,ECCS,2015,1.07
COG,ECCS,2015,1.041
COK,ECCS,2015,0.228
CRI,ECCS,2015,0.942
HRV,ECCS,2015,1.934
CUB,ECCS,2015,1.345
CYP,ECCS,2015,1.138
CZE,ECCS,2015,2.124
DNK,ECCS,2015,1.517
DJI,ECCS,2015,1.731
DMA,ECCS,2015,1.042
DOM,ECCS,2015,1.155
ECU,ECCS,2015,1.566
EGY,ECCS,2015,1.181
SLV,ECCS,2015,1.277
GNQ,ECCS,2015,0.755
ERI,ECCS,2015,1.766
EST,ECCS,2015,2.338
SWZ,ECCS,2015,1.231
ETH,ECCS,2015,1.345
FRO,ECCS,2015,0.882
FJI,ECCS,2015,0.468
FIN,ECCS,2015,2.604
FRA,ECCS,2015,1.621
PYF,ECCS,2015,0.499
GAB,ECCS,2015,0.894
GMB,ECCS,2015,1.217
GEO,ECCS,2015,1.705
DEU,ECCS,2015,1.675
GHA,ECCS,2015,1.109
GIB,ECCS,2015,1.311
GRC,ECCS,2015,0.894
GRL,ECCS,2015,0.127
GRD,ECCS,2015,0.997
GLP,ECCS,2015,1.102
GTM,ECCS,2015,1.141
GUF,ECCS,2015,1.794
GIN,ECCS,2015,1.147
GNB,ECCS,2015,1.129
GUY,ECCS,2015,1.855
HTI,ECCS,2015,1.396
VAT,ECCS,2015,1.451
HND,ECCS,2015,1.079
HUN,ECCS,2015,2.053
ISL,ECCS,2015,0.378
IND,ECCS,2015,0.694
IDN,ECCS,2015,0.771
IRN,ECCS,2015,1.817
IRQ,ECCS,2015,1.957
IRL,ECCS,2015,0.368
IMN,ECCS,2015,0.348
ISR,ECCS,2015,1.373
ITA,ECCS,2015,1.726
JAM,ECCS,2015,1.366
JPN,ECCS,2015,0.813
JOR,ECCS,2015,1.501
KAZ,ECCS,2015,1.579
KEN,ECCS,2015,1.137
KIR,ECCS,2015,1.077
PRK,ECCS,2015,1.284
KOR,ECCS,2015,0.991
KWT,ECCS,2015,2.131
KGZ,ECCS,2015,1.381
LAO,ECCS,2015,1.232
LVA,ECCS,2015,2.139
LBN,ECCS,2015,1.381
LSO,ECCS,2015,1.77
LBR,ECCS,2015,1.273
LBY,ECCS,2015,0.699
LIE,ECCS,2015,2.086
LTU,ECCS,2015,2.09
LUX,ECCS,2015,1.538
MDG,ECCS,2015,0.942
MWI,ECCS,2015,1.316
MYS,ECCS,2015,1.131
MDV,ECCS,2015,0.907
MLI,ECCS,2015,1.097
MLT,ECCS,2015,1.618
MHL,ECCS,2015,0.625
MTQ,ECCS,2015,1.078
MRT,ECCS,2015,1.383
MUS,ECCS,2015,0.822
MYT,ECCS,2015,1.055
MEX,ECCS,2015,1.096
FSM,ECCS,2015,0.689
MDA,ECCS,2015,1.942
MCO,ECCS,2015,1.992
MNG,ECCS,2015,2.159
MNE,ECCS,2015,1.776
MSR,ECCS,2015,1.041
MAR,ECCS,2015,1.228
MOZ,ECCS,2015,1.101
MMR,ECCS,2015,1.127
NPL,ECCS,2015,0.556
NLD,ECCS,2015,1.298
NCL,ECCS,2015,0.884
NZL,ECCS,2015,0.457
NIC,ECCS,2015,1.102
NER,ECCS,2015,0.925
NGA,ECCS,2015,1.26
NFK,ECCS,2015,0.922
MKD,ECCS,2015,1.528
NOR,ECCS,2015,1.771
OMN,ECCS,2015,1.671
PAK,ECCS,2015,0.526
PLW,ECCS,2015,1.048
PAN,ECCS,2015,0.784
PNG,ECCS,2015,0.118
PRY,ECCS,2015,1.608
PER,ECCS,2015,1.35
PHL,ECCS,2015,1.109
POL,ECCS,2015,1.996
PRT,ECCS,2015,1.292
PRI,ECCS,2015,1.19
QAT,ECCS,2015,2.121
ROU,ECCS,2015,1.788
RUS,ECCS,2015,2.233
SPM,ECCS,2015,0.163
WSM,ECCS,2015,0.643
SMR,ECCS,2015,1.774
STP,ECCS,2015,0.834
SAU,ECCS,2015,1.937
SEN,ECCS,2015,1.277
SRB,ECCS,2015,1.748
SYC,ECCS,2015,1.014
SLE,ECCS,2015,0.86
SGP,ECCS,2015,1.119
SVK,ECCS,2015,2.093
SVN,ECCS,2015,2.158
SLB,ECCS,2015,0.289
SOM,ECCS,2015,1.724
ZAF,ECCS,2015,1.367
SSD,ECCS,2015,1.241
ESP,ECCS,2015,1.443
LKA,ECCS,2015,0.903
KNA,ECCS,2015,1.041
LCA,ECCS,2015,1.073
VCT,ECCS,2015,0.995
SDN,ECCS,2015,1.566
SUR,ECCS,2015,2.027
SJM,ECCS,2015,3.312
SWE,ECCS,2015,2.059
CHE,ECCS,2015,2.015
SYR,ECCS,2015,1.289
TWN,ECCS,2015,0.693
TJK,ECCS,2015,1.244
TZA,ECCS,2015,1.153
THA,ECCS,2015,1.146
TLS,ECCS,2015,0.488
TGO,ECCS,2015,1.182
TON,ECCS,2015,0.653
TTO,ECCS,2015,1.068
TUN,ECCS,2015,1.288
TKM,ECCS,2015,1.482
TUV,ECCS,2015,0.822
UGA,ECCS,2015,0.978
UKR,ECCS,2015,2.06
ARE,ECCS,2015,1.597
GBR,ECCS,2015,0.594
USA,ECCS,2015,1.533
VIR,ECCS,2015,1.269
URY,ECCS,2015,1.094
UZB,ECCS,2015,1.393
VUT,ECCS,2015,0.461
VEN,ECCS,2015,1.376
VNM,ECCS,2015,1.256
WLF,ECCS,2015,0.538
PSE,ECCS,2015,1.367
ESH,ECCS,2015,1.53
ZMB,ECCS,2015,1.874
ZWE,ECCS,2015,1.202
AFG,ECCS,2016,1.588
ALB,ECCS,2016,1.608
DZA,ECCS,2016,1.761
ASM,ECCS,2016,1.268
AND,ECCS,2016,1.957
AGO,ECCS,2016,1.484
AIA,ECCS,2016,1.178
ATG,ECCS,2016,1.203
ARG,ECCS,2016,0.363
ARM,ECCS,2016,1.344
ABW,ECCS,2016,1.318
AUS,ECCS,2016,1.105
AUT,ECCS,2016,2.109
AZE,ECCS,2016,1.452
BHS,ECCS,2016,1.035
BHR,ECCS,2016,1.671
BGD,ECCS,2016,1.476
BRB,ECCS,2016,1.51
BLR,ECCS,2016,2.212
BEL,ECCS,2016,1.892
BLZ,ECCS,2016,1.344
BEN,ECCS,2016,1.145
BTN,ECCS,2016,1.319
BOL,ECCS,2016,0.864
BIH,ECCS,2016,1.724
BWA,ECCS,2016,1.862
BRA,ECCS,2016,1.545
VGB,ECCS,2016,1.153
BRN,ECCS,2016,1.545
BGR,ECCS,2016,1.876
BFA,ECCS,2016,1.107
CPV,ECCS,2016,1.764
KHM,ECCS,2016,1.397
CMR,ECCS,2016,1.16
CAN,ECCS,2016,2.432
CAF,ECCS,2016,0.974
TCD,ECCS,2016,0.906
CHL,ECCS,2016,0.741
HKG,ECCS,2016,0.639
MAC,ECCS,2016,0.639
CHN,ECCS,2016,1.339
COL,ECCS,2016,1.295
COM,ECCS,2016,1.003
COD,ECCS,2016,1.52
COG,ECCS,2016,1.435
COK,ECCS,2016,0.968
CRI,ECCS,2016,0.917
HRV,ECCS,2016,1.844
CUB,ECCS,2016,1.37
CYP,ECCS,2016,1.509
CZE,ECCS,2016,2.08
DNK,ECCS,2016,1.849
DJI,ECCS,2016,1.547
DMA,ECCS,2016,1.202
DOM,ECCS,2016,1.145
ECU,ECCS,2016,1.543
EGY,ECCS,2016,1.373
SLV,ECCS,2016,1.241
GNQ,ECCS,2016,1.382
ERI,ECCS,2016,0.98
EST,ECCS,2016,1.901
SWZ,ECCS,2016,1.595
ETH,ECCS,2016,1.39
FRO,ECCS,2016,0.873
FJI,ECCS,2016,0.931
FIN,ECCS,2016,2.147
FRA,ECCS,2016,1.797
PYF,ECCS,2016,0.946
GAB,ECCS,2016,1.432
GMB,ECCS,2016,1.657
GEO,ECCS,2016,1.325
DEU,ECCS,2016,1.989
GHA,ECCS,2016,1.238
GIB,ECCS,2016,1.677
GRC,ECCS,2016,1.565
GRL,ECCS,2016,2.362
GRD,ECCS,2016,0.99
GLP,ECCS,2016,1.19
GTM,ECCS,2016,1.435
GUF,ECCS,2016,2.205
GIN,ECCS,2016,1.123
GNB,ECCS,2016,1.442
GUY,ECCS,2016,1.931
HTI,ECCS,2016,1.327
VAT,ECCS,2016,1.532
HND,ECCS,2016,1.252
HUN,ECCS,2016,1.883
ISL,ECCS,2016,1.372
IND,ECCS,2016,1.071
IDN,ECCS,2016,1.41
IRN,ECCS,2016,1.602
IRQ,ECCS,2016,1.705
IRL,ECCS,2016,0.966
IMN,ECCS,2016,1.043
ISR,ECCS,2016,1.688
ITA,ECCS,2016,1.735
JAM,ECCS,2016,1.525
JPN,ECCS,2016,1.302
JOR,ECCS,2016,1.734
KAZ,ECCS,2016,2.208
KEN,ECCS,2016,1.174
KIR,ECCS,2016,1.404
PRK,ECCS,2016,1.489
KOR,ECCS,2016,1.667
KWT,ECCS,2016,1.732
KGZ,ECCS,2016,1.764
LAO,ECCS,2016,1.256
LVA,ECCS,2016,1.921
LBN,ECCS,2016,1.67
LSO,ECCS,2016,2.161
LBR,ECCS,2016,1.454
LBY,ECCS,2016,1.631
LIE,ECCS,2016,2.074
LTU,ECCS,2016,1.937
LUX,ECCS,2016,1.892
MDG,ECCS,2016,0.895
MWI,ECCS,2016,1.409
MYS,ECCS,2016,1.558
MDV,ECCS,2016,0.946
MLI,ECCS,2016,1.18
MLT,ECCS,2016,1.857
MHL,ECCS,2016,0.997
MTQ,ECCS,2016,1.281
MRT,ECCS,2016,1.67
MUS,ECCS,2016,0.727
MYT,ECCS,2016,0.959
MEX,ECCS,2016,1.316
FSM,ECCS,2016,1.081
MDA,ECCS,2016,2.028
MCO,ECCS,2016,1.831
MNG,ECCS,2016,1.422
MNE,ECCS,2016,1.55
MSR,ECCS,2016,1.203
MAR,ECCS,2016,1.893
MOZ,ECCS,2016,1.337
MMR,ECCS,2016,1.351
NPL,ECCS,2016,1.068
NLD,ECCS,2016,1.943
NCL,ECCS,2016,1.55
NZL,ECCS,2016,1.101
NIC,ECCS,2016,1.233
NER,ECCS,2016,1.072
NGA,ECCS,2016,1.228
NFK,ECCS,2016,1.44
MKD,ECCS,2016,1.703
NOR,ECCS,2016,1.709
OMN,ECCS,2016,1.355
PAK,ECCS,2016,1.156
PLW,ECCS,2016,1.101
PAN,ECCS,2016,0.784
PNG,ECCS,2016,0.792
PRY,ECCS,2016,0.362
PER,ECCS,2016,1.515
PHL,ECCS,2016,1.569
POL,ECCS,2016,2.04
PRT,ECCS,2016,1.584
PRI,ECCS,2016,1.2
QAT,ECCS,2016,1.627
ROU,ECCS,2016,1.869
RUS,ECCS,2016,2.444
SPM,ECCS,2016,0.925
WSM,ECCS,2016,1.173
SMR,ECCS,2016,1.717
STP,ECCS,2016,1.528
SAU,ECCS,2016,1.584
SEN,ECCS,2016,1.633
SRB,ECCS,2016,1.703
SYC,ECCS,2016,0.997
SLE,ECCS,2016,0.788
SGP,ECCS,2016,1.395
SVK,ECCS,2016,1.937
SVN,ECCS,2016,2.079
SLB,ECCS,2016,0.802
SOM,ECCS,2016,1.363
ZAF,ECCS,2016,1.686
SSD,ECCS,2016,1.37
ESP,ECCS,2016,1.628
LKA,ECCS,2016,1.264
KNA,ECCS,2016,1.203
LCA,ECCS,2016,1.222
VCT,ECCS,2016,0.985
SDN,ECCS,2016,1.249
SUR,ECCS,2016,2.492
SJM,ECCS,2016,5.326
SWE,ECCS,2016,1.829
CHE,ECCS,2016,1.904
SYR,ECCS,2016,1.788
TWN,ECCS,2016,0.986
TJK,ECCS,2016,1.559
TZA,ECCS,2016,0.985
THA,ECCS,2016,1.433
TLS,ECCS,2016,1.505
TGO,ECCS,2016,1.227
TON,ECCS,2016,1.177
TTO,ECCS,2016,1.161
TUN,ECCS,2016,1.985
TKM,ECCS,2016,2.057
TUV,ECCS,2016,0.945
UGA,ECCS,2016,1.047
UKR,ECCS,2016,2.098
ARE,ECCS,2016,1.17
GBR,ECCS,2016,1.149
USA,ECCS,2016,2.216
VIR,ECCS,2016,1.164
URY,ECCS,2016,0.337
UZB,ECCS,2016,2.276
VUT,ECCS,2016,0.97
VEN,ECCS,2016,1.347
VNM,ECCS,2016,1.217
WLF,ECCS,2016,1.074
PSE,ECCS,2016,1.697
ESH,ECCS,2016,1.61
ZMB,ECCS,2016,1.428
ZWE,ECCS,2016,1.499
AFG,ECCS,2017,1.63
ALB,ECCS,2017,1.239
DZA,ECCS,2017,1.506
ASM,ECCS,2017,1.163
AND,ECCS,2017,1.894
AGO,ECCS,2017,0.786
AIA,ECCS,2017,1.031
ATG,ECCS,2017,0.959
ARG,ECCS,2017,0.968
ARM,ECCS,2017,0.865
ABW,ECCS,2017,1.359
AUS,ECCS,2017,1.072
AUT,ECCS,2017,1.754
AZE,ECCS,2017,1.283
BHS,ECCS,2017,1.379
BHR,ECCS,2017,2.138
BGD,ECCS,2017,1.288
BRB,ECCS,2017,1.163
BLR,ECCS,2017,1.605
BEL,ECCS,2017,1.723
BLZ,ECCS,2017,1.242
BEN,ECCS,2017,1.264
BTN,ECCS,2017,1.31
BOL,ECCS,2017,1.056
BIH,ECCS,2017,1.462
BWA,ECCS,2017,0.358
BRA,ECCS,2017,1.441
VGB,ECCS,2017,1.104
BRN,ECCS,2017,1.162
BGR,ECCS,2017,0.929
BFA,ECCS,2017,1.237
CPV,ECCS,2017,2.075
KHM,ECCS,2017,1.073
CMR,ECCS,2017,1.157
CAN,ECCS,2017,1.545
CAF,ECCS,2017,0.975
TCD,ECCS,2017,1.014
CHL,ECCS,2017,0.566
HKG,ECCS,2017,1.192
MAC,ECCS,2017,1.192
CHN,ECCS,2017,1.6
COL,ECCS,2017,0.989
COM,ECCS,2017,1.254
COD,ECCS,2017,1.247
COG,ECCS,2017,1.059
COK,ECCS,2017,1.333
CRI,ECCS,2017,0.647
HRV,ECCS,2017,1.559
CUB,ECCS,2017,1.304
CYP,ECCS,2017,0.774
CZE,ECCS,2017,1.597
DNK,ECCS,2017,1.62
DJI,ECCS,2017,1.831
DMA,ECCS,2017,0.958
DOM,ECCS,2017,0.903
ECU,ECCS,2017,1.118
EGY,ECCS,2017,0.587
SLV,ECCS,2017,0.708
GNQ,ECCS,2017,1.202
ERI,ECCS,2017,1.288
EST,ECCS,2017,1.466
SWZ,ECCS,2017,0.94
ETH,ECCS,2017,1.228
FRO,ECCS,2017,1.559
FJI,ECCS,2017,1.021
FIN,ECCS,2017,1.48
FRA,ECCS,2017,1.792
PYF,ECCS,2017,0.714
GAB,ECCS,2017,1.213
GMB,ECCS,2017,1.738
GEO,ECCS,2017,0.749
DEU,ECCS,2017,1.652
GHA,ECCS,2017,1.335
GIB,ECCS,2017,1.97
GRC,ECCS,2017,0.639
GRL,ECCS,2017,1.159
GRD,ECCS,2017,1.444
GLP,ECCS,2017,0.995
GTM,ECCS,2017,1.078
GUF,ECCS,2017,1.934
GIN,ECCS,2017,1.452
GNB,ECCS,2017,1.523
GUY,ECCS,2017,1.446
HTI,ECCS,2017,1.084
VAT,ECCS,2017,1.26
HND,ECCS,2017,0.909
HUN,ECCS,2017,1.327
ISL,ECCS,2017,1.658
IND,ECCS,2017,0.956
IDN,ECCS,2017,0.957
IRN,ECCS,2017,1.682
IRQ,ECCS,2017,1.612
IRL,ECCS,2017,1.194
IMN,ECCS,2017,1.306
ISR,ECCS,2017,0.808
ITA,ECCS,2017,1.642
JAM,ECCS,2017,1.225
JPN,ECCS,2017,0.771
JOR,ECCS,2017,1.017
KAZ,ECCS,2017,1.732
KEN,ECCS,2017,1.401
KIR,ECCS,2017,1.216
PRK,ECCS,2017,1.681
KOR,ECCS,2017,1.468
KWT,ECCS,2017,2.018
KGZ,ECCS,2017,1.339
LAO,ECCS,2017,1.04
LVA,ECCS,2017,1.479
LBN,ECCS,2017,1.05
LSO,ECCS,2017,1.445
LBR,ECCS,2017,1.474
LBY,ECCS,2017,0.332
LIE,ECCS,2017,1.838
LTU,ECCS,2017,1.534
LUX,ECCS,2017,1.66
MDG,ECCS,2017,1.2
MWI,ECCS,2017,1.276
MYS,ECCS,2017,1.093
MDV,ECCS,2017,0.807
MLI,ECCS,2017,1.429
MLT,ECCS,2017,1.332
MHL,ECCS,2017,0.849
MTQ,ECCS,2017,1.014
MRT,ECCS,2017,2.014
MUS,ECCS,2017,0.932
MYT,ECCS,2017,1.237
MEX,ECCS,2017,1.576
FSM,ECCS,2017,1.079
MDA,ECCS,2017,1.348
MCO,ECCS,2017,2.038
MNG,ECCS,2017,2.531
MNE,ECCS,2017,1.333
MSR,ECCS,2017,0.959
MAR,ECCS,2017,2.167
MOZ,ECCS,2017,0.942
MMR,ECCS,2017,1.252
NPL,ECCS,2017,1.069
NLD,ECCS,2017,1.728
NCL,ECCS,2017,1.297
NZL,ECCS,2017,0.498
NIC,ECCS,2017,0.823
NER,ECCS,2017,0.945
NGA,ECCS,2017,1.245
NFK,ECCS,2017,1.107
MKD,ECCS,2017,1.121
NOR,ECCS,2017,1.542
OMN,ECCS,2017,1.886
PAK,ECCS,2017,1.222
PLW,ECCS,2017,0.955
PAN,ECCS,2017,0.664
PNG,ECCS,2017,0.787
PRY,ECCS,2017,1.309
PER,ECCS,2017,1.102
PHL,ECCS,2017,1.192
POL,ECCS,2017,1.461
PRT,ECCS,2017,2.028
PRI,ECCS,2017,1.049
QAT,ECCS,2017,1.99
ROU,ECCS,2017,1.145
RUS,ECCS,2017,2.114
SPM,ECCS,2017,0.421
WSM,ECCS,2017,1.069
SMR,ECCS,2017,1.643
STP,ECCS,2017,1.205
SAU,ECCS,2017,1.804
SEN,ECCS,2017,1.828
SRB,ECCS,2017,1.274
SYC,ECCS,2017,1.102
SLE,ECCS,2017,1.343
SGP,ECCS,2017,0.76
SVK,ECCS,2017,1.256
SVN,ECCS,2017,1.756
SLB,ECCS,2017,0.788
SOM,ECCS,2017,1.621
ZAF,ECCS,2017,1.189
SSD,ECCS,2017,1.392
ESP,ECCS,2017,1.95
LKA,ECCS,2017,0.988
KNA,ECCS,2017,0.959
LCA,ECCS,2017,1.222
VCT,ECCS,2017,1.446
SDN,ECCS,2017,1.304
SUR,ECCS,2017,2.139
SJM,ECCS,2017,3.334
SWE,ECCS,2017,1.575
CHE,ECCS,2017,1.884
SYR,ECCS,2017,1.134
TWN,ECCS,2017,1.326
TJK,ECCS,2017,1.27
TZA,ECCS,2017,1.446
THA,ECCS,2017,1.013
TLS,ECCS,2017,0.822
TGO,ECCS,2017,1.32
TON,ECCS,2017,0.971
TTO,ECCS,2017,1.4
TUN,ECCS,2017,1.465
TKM,ECCS,2017,1.741
TUV,ECCS,2017,1.037
UGA,ECCS,2017,1.455
UKR,ECCS,2017,1.401
ARE,ECCS,2017,1.705
GBR,ECCS,2017,1.412
USA,ECCS,2017,1.421
VIR,ECCS,2017,1.098
URY,ECCS,2017,1.591
UZB,ECCS,2017,1.761
VUT,ECCS,2017,0.89
VEN,ECCS,2017,1.051
VNM,ECCS,2017,1.186
WLF,ECCS,2017,0.93
PSE,ECCS,2017,0.809
ESH,ECCS,2017,2.043
ZMB,ECCS,2017,0.568
ZWE,ECCS,2017,0.338
AFG,ECCS,2018,1.597
ALB,ECCS,2018,2.155
DZA,ECCS,2018,1.203
ASM,ECCS,2018,0.917
AND,ECCS,2018,1.877
AGO,ECCS,2018,1.306
AIA,ECCS,2018,0.842
ATG,ECCS,2018,0.846
ARG,ECCS,2018,0.761
ARM,ECCS,2018,2.738
ABW,ECCS,2018,0.86
AUS,ECCS,2018,1.059
AUT,ECCS,2018,2.539
AZE,ECCS,2018,2.242
BHS,ECCS,2018,1.011
BHR,ECCS,2018,2.304
BGD,ECCS,2018,1.065
BRB,ECCS,2018,0.892
BLR,ECCS,2018,2.35
BEL,ECCS,2018,2.173
BLZ,ECCS,2018,0.767
BEN,ECCS,2018,1.153
BTN,ECCS,2018,1.252
BOL,ECCS,2018,0.606
BIH,ECCS,2018,2.319
BWA,ECCS,2018,1.087
BRA,ECCS,2018,1.201
VGB,ECCS,2018,0.838
BRN,ECCS,2018,1.076
BGR,ECCS,2018,2.158
BFA,ECCS,2018,1.194
CPV,ECCS,2018,1.003
KHM,ECCS,2018,0.794
CMR,ECCS,2018,1.056
CAN,ECCS,2018,0.531
CAF,ECCS,2018,0.924
TCD,ECCS,2018,1.184
CHL,ECCS,2018,0.269
HKG,ECCS,2018,1.02
MAC,ECCS,2018,1.02
CHN,ECCS,2018,1.397
COL,ECCS,2018,1.229
COM,ECCS,2018,1.008
COD,ECCS,2018,1.413
COG,ECCS,2018,1.156
COK,ECCS,2018,0.896
CRI,ECCS,2018,1.07
HRV,ECCS,2018,2.317
CUB,ECCS,2018,1.083
CYP,ECCS,2018,2.103
CZE,ECCS,2018,2.654
DNK,ECCS,2018,2.105
DMA,ECCS,2018,0.846
DOM,ECCS,2018,1.023
ECU,ECCS,2018,1.024
EGY,ECCS,2018,2.053
SLV,ECCS,2018,0.776
GNQ,ECCS,2018,0.6
ERI,ECCS,2018,0.867
EST,ECCS,2018,2.379
SWZ,ECCS,2018,1.285
ETH,ECCS,2018,0.539
FRO,ECCS,2018,0.901
FJI,ECCS,2018,0.633
FIN,ECCS,2018,2.151
FRA,ECCS,2018,2.032
PYF,ECCS,2018,0.443
GAB,ECCS,2018,0.963
GMB,ECCS,2018,1.035
GEO,ECCS,2018,2.459
DEU,ECCS,2018,2.393
GHA,ECCS,2018,1.143
GIB,ECCS,2018,0.668
GRC,ECCS,2018,1.895
GRL,ECCS,2018,0.916
GRD,ECCS,2018,0.901
GLP,ECCS,2018,0.844
GTM,ECCS,2018,0.891
GUF,ECCS,2018,1.673
GIN,ECCS,2018,1.079
GNB,ECCS,2018,1.019
GUY,ECCS,2018,1.287
HTI,ECCS,2018,1.244
VAT,ECCS,2018,1.757
HND,ECCS,2018,0.755
HUN,ECCS,2018,2.513
ISL,ECCS,2018,0.785
IND,ECCS,2018,0.876
IDN,ECCS,2018,0.879
IRN,ECCS,2018,2.0
IRQ,ECCS,2018,2.449
IRL,ECCS,2018,0.71
IMN,ECCS,2018,0.82
ISR,ECCS,2018,2.054
ITA,ECCS,2018,1.862
JAM,ECCS,2018,1.418
JPN,ECCS,2018,0.899
JOR,ECCS,2018,2.056
KAZ,ECCS,2018,0.621
KEN,ECCS,2018,0.508
KIR,ECCS,2018,1.122
PRK,ECCS,2018,0.969
KOR,ECCS,2018,0.961
KWT,ECCS,2018,2.417
KGZ,ECCS,2018,1.14
LAO,ECCS,2018,0.75
LVA,ECCS,2018,2.336
LBN,ECCS,2018,2.178
LSO,ECCS,2018,1.309
LBR,ECCS,2018,1.23
LBY,ECCS,2018,1.764
LIE,ECCS,2018,2.314
LTU,ECCS,2018,2.419
LUX,ECCS,2018,2.476
MDG,ECCS,2018,0.937
MWI,ECCS,2018,1.141
MYS,ECCS,2018,1.128
MDV,ECCS,2018,0.751
MLI,ECCS,2018,1.099
MLT,ECCS,2018,1.555
MHL,ECCS,2018,0.634
MTQ,ECCS,2018,0.86
MRT,ECCS,2018,1.01
MUS,ECCS,2018,0.643
MYT,ECCS,2018,0.994
MEX,ECCS,2018,1.188
FSM,ECCS,2018,1.015
MDA,ECCS,2018,2.012
MCO,ECCS,2018,2.018
MNG,ECCS,2018,2.245
MNE,ECCS,2018,2.293
MSR,ECCS,2018,0.846
MAR,ECCS,2018,0.641
MOZ,ECCS,2018,0.866
MMR,ECCS,2018,0.965
NPL,ECCS,2018,0.679
NLD,ECCS,2018,2.132
NCL,ECCS,2018,0.95
NZL,ECCS,2018,1.029
NIC,ECCS,2018,0.856
NER,ECCS,2018,1.147
NGA,ECCS,2018,1.152
NFK,ECCS,2018,1.091
MKD,ECCS,2018,2.133
NOR,ECCS,2018,1.481
OMN,ECCS,2018,1.615
PAK,ECCS,2018,1.311
PLW,ECCS,2018,0.979
PAN,ECCS,2018,1.069
PNG,ECCS,2018,0.561
PRY,ECCS,2018,0.686
PER,ECCS,2018,0.884
PHL,ECCS,2018,1.225
POL,ECCS,2018,2.424
PRT,ECCS,2018,0.782
PRI,ECCS,2018,0.858
QAT,ECCS,2018,2.099
ROU,ECCS,2018,2.249
RUS,ECCS,2018,2.032
SPM,ECCS,2018,0.744
WSM,ECCS,2018,0.823
SMR,ECCS,2018,1.899
STP,ECCS,2018,0.909
SAU,ECCS,2018,1.87
SEN,ECCS,2018,1.039
SRB,ECCS,2018,2.313
SYC,ECCS,2018,0.794
SLE,ECCS,2018,0.845
SGP,ECCS,2018,1.026
SVK,ECCS,2018,2.529
SVN,ECCS,2018,2.45
SLB,ECCS,2018,1.022
SOM,ECCS,2018,0.566
ZAF,ECCS,2018,1.109
SSD,ECCS,2018,1.242
ESP,ECCS,2018,1.058
LKA,ECCS,2018,0.696
KNA,ECCS,2018,0.846
LCA,ECCS,2018,0.884
VCT,ECCS,2018,0.901
SDN,ECCS,2018,1.3
SUR,ECCS,2018,1.95
SJM,ECCS,2018,4.064
SWE,ECCS,2018,1.833
CHE,ECCS,2018,2.393
SYR,ECCS,2018,2.393
TWN,ECCS,2018,1.083
TJK,ECCS,2018,1.6
TZA,ECCS,2018,1.03
THA,ECCS,2018,0.771
TLS,ECCS,2018,0.392
TGO,ECCS,2018,1.175
TON,ECCS,2018,0.914
TTO,ECCS,2018,0.905
TUN,ECCS,2018,1.597
TKM,ECCS,2018,1.596
TUV,ECCS,2018,0.999
UGA,ECCS,2018,0.791
UKR,ECCS,2018,2.22
ARE,ECCS,2018,1.574
GBR,ECCS,2018,0.988
USA,ECCS,2018,1.267
VIR,ECCS,2018,0.836
URY,ECCS,2018,1.283
UZB,ECCS,2018,1.016
VUT,ECCS,2018,0.261
VEN,ECCS,2018,0.989
VNM,ECCS,2018,0.877
WLF,ECCS,2018,0.776
PSE,ECCS,2018,2.056
ESH,ECCS,2018,0.974
ZMB,ECCS,2018,0.825
ZWE,ECCS,2018,0.67
AFG,ECCS,2019,0.951
ALB,ECCS,2019,1.797
DZA,ECCS,2019,1.24
ASM,ECCS,2019,1.268
AND,ECCS,2019,1.922
AGO,ECCS,2019,1.54
AIA,ECCS,2019,0.967
ATG,ECCS,2019,0.937
ARG,ECCS,2019,0.643
ARM,ECCS,2019,1.78
ABW,ECCS,2019,1.193
AUS,ECCS,2019,1.36
AUT,ECCS,2019,2.382
AZE,ECCS,2019,1.978
BHS,ECCS,2019,1.434
BHR,ECCS,2019,2.154
BGD,ECCS,2019,1.312
BRB,ECCS,2019,1.371
BLR,ECCS,2019,2.683
BEL,ECCS,2019,2.056
BLZ,ECCS,2019,1.472
BEN,ECCS,2019,1.228
BTN,ECCS,2019,1.159
BOL,ECCS,2019,0.945
BIH,ECCS,2019,2.033
BWA,ECCS,2019,1.918
BRA,ECCS,2019,1.589
VGB,ECCS,2019,0.997
BRN,ECCS,2019,1.383
BGR,ECCS,2019,2.07
BFA,ECCS,2019,1.111
CPV,ECCS,2019,1.703
KHM,ECCS,2019,1.55
CMR,ECCS,2019,1.416
CAN,ECCS,2019,1.33
CYM,ECCS,2019,1.459
CAF,ECCS,2019,1.136
TCD,ECCS,2019,0.917
CHL,ECCS,2019,0.402
HKG,ECCS,2019,1.574
MAC,ECCS,2019,1.574
CHN,ECCS,2019,1.443
COL,ECCS,2019,1.55
COM,ECCS,2019,1.599
COD,ECCS,2019,1.47
COG,ECCS,2019,1.322
COK,ECCS,2019,0.823
CRI,ECCS,2019,1.24
HRV,ECCS,2019,2.114
CUB,ECCS,2019,1.514
CYP,ECCS,2019,1.505
CZE,ECCS,2019,2.542
DNK,ECCS,2019,2.175
DJI,ECCS,2019,1.253
DMA,ECCS,2019,0.937
DOM,ECCS,2019,0.99
ECU,ECCS,2019,1.331
EGY,ECCS,2019,1.013
SLV,ECCS,2019,0.995
GNQ,ECCS,2019,1.372
ERI,ECCS,2019,0.703
EST,ECCS,2019,2.182
SWZ,ECCS,2019,1.69
ETH,ECCS,2019,0.959
FRO,ECCS,2019,0.942
FJI,ECCS,2019,0.817
FIN,ECCS,2019,1.446
FRA,ECCS,2019,1.998
PYF,ECCS,2019,0.669
GAB,ECCS,2019,1.404
GMB,ECCS,2019,1.344
GEO,ECCS,2019,1.683
DEU,ECCS,2019,2.328
GHA,ECCS,2019,1.247
GIB,ECCS,2019,1.248
GRC,ECCS,2019,1.363
GRL,ECCS,2019,2.126
GRD,ECCS,2019,1.457
GLP,ECCS,2019,0.952
GTM,ECCS,2019,1.405
GUF,ECCS,2019,1.962
GIN,ECCS,2019,1.235
GNB,ECCS,2019,1.319
GUY,ECCS,2019,1.29
HTI,ECCS,2019,1.502
VAT,ECCS,2019,1.395
HND,ECCS,2019,1.215
HUN,ECCS,2019,2.339
ISL,ECCS,2019,1.294
IND,ECCS,2019,0.795
IDN,ECCS,2019,1.045
IRN,ECCS,2019,1.527
IRQ,ECCS,2019,1.685
IRL,ECCS,2019,1.125
IMN,ECCS,2019,1.116
ISR,ECCS,2019,1.232
ITA,ECCS,2019,1.69
JAM,ECCS,2019,1.723
JPN,ECCS,2019,1.248
JOR,ECCS,2019,1.353
KAZ,ECCS,2019,1.469
KEN,ECCS,2019,1.467
KIR,ECCS,2019,1.124
PRK,ECCS,2019,1.918
KOR,ECCS,2019,1.527
KWT,ECCS,2019,1.949
KGZ,ECCS,2019,1.557
LAO,ECCS,2019,1.978
LVA,ECCS,2019,2.427
LBN,ECCS,2019,1.426
LSO,ECCS,2019,2.019
LBR,ECCS,2019,1.29
LBY,ECCS,2019,0.987
LIE,ECCS,2019,2.13
LTU,ECCS,2019,2.612
LUX,ECCS,2019,2.164
MDG,ECCS,2019,1.359
MWI,ECCS,2019,1.258
MYS,ECCS,2019,1.415
MDV,ECCS,2019,1.057
MLI,ECCS,2019,1.107
MLT,ECCS,2019,1.405
MHL,ECCS,2019,0.843
MTQ,ECCS,2019,1.047
MRT,ECCS,2019,1.384
MUS,ECCS,2019,1.078
MYT,ECCS,2019,1.554
MEX,ECCS,2019,1.318
FSM,ECCS,2019,1.11
MDA,ECCS,2019,2.32
MCO,ECCS,2019,2.027
MNG,ECCS,2019,1.881
MNE,ECCS,2019,1.892
MSR,ECCS,2019,0.937
MAR,ECCS,2019,1.522
MOZ,ECCS,2019,1.25
MMR,ECCS,2019,1.628
NPL,ECCS,2019,0.797
NLD,ECCS,2019,2.136
NCL,ECCS,2019,0.894
NZL,ECCS,2019,0.97
NIC,ECCS,2019,1.249
NER,ECCS,2019,1.101
NGA,ECCS,2019,1.26
NFK,ECCS,2019,1.057
MKD,ECCS,2019,1.888
NOR,ECCS,2019,1.188
OMN,ECCS,2019,1.319
PAK,ECCS,2019,0.506
PAN,ECCS,2019,1.274
PNG,ECCS,2019,0.575
PRY,ECCS,2019,1.456
PER,ECCS,2019,1.196
PHL,ECCS,2019,1.304
POL,ECCS,2019,2.637
PRT,ECCS,2019,1.169
PRI,ECCS,2019,0.976
QAT,ECCS,2019,1.933
ROU,ECCS,2019,2.231
RUS,ECCS,2019,2.178
SPM,ECCS,2019,0.144
WSM,ECCS,2019,1.173
SMR,ECCS,2019,1.715
STP,ECCS,2019,1.265
SAU,ECCS,2019,1.718
SEN,ECCS,2019,1.469
SRB,ECCS,2019,2.084
SYC,ECCS,2019,1.254
SLE,ECCS,2019,1.151
SGP,ECCS,2019,1.6
SVK,ECCS,2019,2.4
SVN,ECCS,2019,2.376
SLB,ECCS,2019,1.187
SOM,ECCS,2019,1.538
ZAF,ECCS,2019,1.939
SSD,ECCS,2019,1.065
ESP,ECCS,2019,1.437
LKA,ECCS,2019,1.114
KNA,ECCS,2019,0.937
LCA,ECCS,2019,1.284
VCT,ECCS,2019,1.457
SDN,ECCS,2019,0.979
SUR,ECCS,2019,2.177
SJM,ECCS,2019,2.87
SWE,ECCS,2019,1.556
CHE,ECCS,2019,2.155
SYR,ECCS,2019,1.575
TWN,ECCS,2019,1.28
TJK,ECCS,2019,1.329
TZA,ECCS,2019,1.377
THA,ECCS,2019,1.667
TLS,ECCS,2019,0.517
TGO,ECCS,2019,1.285
TON,ECCS,2019,1.49
TTO,ECCS,2019,1.461
TUN,ECCS,2019,1.409
TKM,ECCS,2019,1.861
TUV,ECCS,2019,1.102
UGA,ECCS,2019,1.312
UKR,ECCS,2019,2.353
ARE,ECCS,2019,1.268
GBR,ECCS,2019,1.222
USA,ECCS,2019,1.023
VIR,ECCS,2019,0.992
URY,ECCS,2019,0.864
UZB,ECCS,2019,1.912
VUT,ECCS,2019,0.653
VEN,ECCS,2019,1.436
VNM,ECCS,2019,1.856
WLF,ECCS,2019,1.129
PSE,ECCS,2019,1.224
ESH,ECCS,2019,1.559
ZMB,ECCS,2019,1.287
ZWE,ECCS,2019,1.235
AFG,ECCS,2020,0.552
ALB,ECCS,2020,1.627
DZA,ECCS,2020,2.006
ASM,ECCS,2020,1.159
AND,ECCS,2020,2.513
AGO,ECCS,2020,0.985
AIA,ECCS,2020,1.294
ATG,ECCS,2020,1.236
ARG,ECCS,2020,1.0
ARM,ECCS,2020,1.89
ABW,ECCS,2020,1.538
AUS,ECCS,2020,1.353
AUT,ECCS,2020,2.326
AZE,ECCS,2020,2.006
BHS,ECCS,2020,1.606
BHR,ECCS,2020,2.007
BGD,ECCS,2020,1.109
BRB,ECCS,2020,1.225
BLR,ECCS,2020,3.522
BEL,ECCS,2020,2.544
BLZ,ECCS,2020,1.616
BEN,ECCS,2020,1.14
BTN,ECCS,2020,1.076
BOL,ECCS,2020,1.335
BIH,ECCS,2020,1.92
BWA,ECCS,2020,0.834
BRA,ECCS,2020,1.499
VGB,ECCS,2020,1.351
BRN,ECCS,2020,1.377
BGR,ECCS,2020,1.987
BFA,ECCS,2020,1.111
KHM,ECCS,2020,1.425
CMR,ECCS,2020,1.129
CAN,ECCS,2020,1.16
CYM,ECCS,2020,1.499
CAF,ECCS,2020,0.816
TCD,ECCS,2020,0.793
CHL,ECCS,2020,0.676
HKG,ECCS,2020,1.683
MAC,ECCS,2020,1.683
CHN,ECCS,2020,1.672
COL,ECCS,2020,1.613
COM,ECCS,2020,1.333
COD,ECCS,2020,1.541
COG,ECCS,2020,1.341
COK,ECCS,2020,0.932
CRI,ECCS,2020,1.289
HRV,ECCS,2020,2.02
CUB,ECCS,2020,1.671
CYP,ECCS,2020,1.634
CZE,ECCS,2020,2.343
DNK,ECCS,2020,2.633
DJI,ECCS,2020,1.361
DMA,ECCS,2020,1.236
DOM,ECCS,2020,1.495
ECU,ECCS,2020,1.409
EGY,ECCS,2020,1.008
SLV,ECCS,2020,1.456
GNQ,ECCS,2020,1.292
EST,ECCS,2020,3.584
SWZ,ECCS,2020,0.699
ETH,ECCS,2020,0.941
FRO,ECCS,2020,0.909
FJI,ECCS,2020,1.02
FIN,ECCS,2020,3.316
FRA,ECCS,2020,2.527
PYF,ECCS,2020,0.638
GAB,ECCS,2020,1.29
GMB,ECCS,2020,1.853
GEO,ECCS,2020,1.975
DEU,ECCS,2020,2.512
GHA,ECCS,2020,1.294
GIB,ECCS,2020,1.87
GRC,ECCS,2020,1.275
GRL,ECCS,2020,1.104
GRD,ECCS,2020,1.692
GLP,ECCS,2020,1.265
GTM,ECCS,2020,1.701
GUF,ECCS,2020,2.072
GIN,ECCS,2020,1.31
GNB,ECCS,2020,1.704
GUY,ECCS,2020,1.608
HTI,ECCS,2020,1.669
VAT,ECCS,2020,1.571
HND,ECCS,2020,1.665
HUN,ECCS,2020,1.978
ISL,ECCS,2020,0.752
IND,ECCS,2020,0.508
IDN,ECCS,2020,1.233
IRN,ECCS,2020,1.287
IRQ,ECCS,2020,1.924
IRL,ECCS,2020,1.003
IMN,ECCS,2020,1.155
ISR,ECCS,2020,1.476
ITA,ECCS,2020,1.91
JAM,ECCS,2020,1.839
JPN,ECCS,2020,1.41
JOR,ECCS,2020,1.692
KAZ,ECCS,2020,2.833
KEN,ECCS,2020,1.164
KIR,ECCS,2020,1.485
PRK,ECCS,2020,1.901
KOR,ECCS,2020,1.503
KWT,ECCS,2020,2.029
KGZ,ECCS,2020,1.349
LAO,ECCS,2020,1.527
LVA,ECCS,2020,3.52
LBN,ECCS,2020,1.639
LSO,ECCS,2020,1.299
LBR,ECCS,2020,1.446
LBY,ECCS,2020,1.152
LIE,ECCS,2020,2.415
LTU,ECCS,2020,3.418
LUX,ECCS,2020,2.636
MDG,ECCS,2020,1.033
MWI,ECCS,2020,1.456
MYS,ECCS,2020,1.358
MDV,ECCS,2020,1.035
MLI,ECCS,2020,1.091
MLT,ECCS,2020,1.712
MHL,ECCS,2020,0.953
MTQ,ECCS,2020,1.273
MRT,ECCS,2020,1.843
MUS,ECCS,2020,0.878
MYT,ECCS,2020,1.304
MEX,ECCS,2020,1.663
FSM,ECCS,2020,1.082
MDA,ECCS,2020,3.083
MCO,ECCS,2020,2.314
MNG,ECCS,2020,2.402
MNE,ECCS,2020,1.761
MSR,ECCS,2020,1.236
MAR,ECCS,2020,2.129
MOZ,ECCS,2020,1.081
MMR,ECCS,2020,1.593
NPL,ECCS,2020,0.301
NLD,ECCS,2020,2.473
NCL,ECCS,2020,1.19
NZL,ECCS,2020,0.755
NIC,ECCS,2020,1.299
NER,ECCS,2020,0.914
NGA,ECCS,2020,1.157
NFK,ECCS,2020,1.094
MKD,ECCS,2020,1.589
NOR,ECCS,2020,2.37
OMN,ECCS,2020,0.947
PAK,ECCS,2020,0.342
PAN,ECCS,2020,1.366
PNG,ECCS,2020,0.934
PRY,ECCS,2020,1.533
PER,ECCS,2020,1.663
PHL,ECCS,2020,1.447
POL,ECCS,2020,2.666
PRT,ECCS,2020,1.868
PRI,ECCS,2020,1.375
QAT,ECCS,2020,1.817
ROU,ECCS,2020,2.233
RUS,ECCS,2020,3.684
SPM,ECCS,2020,0.841
WSM,ECCS,2020,1.065
SMR,ECCS,2020,1.886
STP,ECCS,2020,1.468
SAU,ECCS,2020,1.493
SEN,ECCS,2020,1.765
SRB,ECCS,2020,1.822
SYC,ECCS,2020,1.311
SLE,ECCS,2020,1.28
SGP,ECCS,2020,1.022
SVK,ECCS,2020,2.024
SVN,ECCS,2020,2.268
SLB,ECCS,2020,1.146
SOM,ECCS,2020,1.725
ZAF,ECCS,2020,1.0
SSD,ECCS,2020,0.559
ESP,ECCS,2020,1.976
LKA,ECCS,2020,1.109
KNA,ECCS,2020,1.236
LCA,ECCS,2020,1.473
VCT,ECCS,2020,1.692
SDN,ECCS,2020,0.532
SUR,ECCS,2020,2.329
SJM,ECCS,2020,2.001
SWE,ECCS,2020,2.935
CHE,ECCS,2020,2.576
SYR,ECCS,2020,1.889
TWN,ECCS,2020,1.739
TJK,ECCS,2020,1.092
TZA,ECCS,2020,1.035
THA,ECCS,2020,1.446
TLS,ECCS,2020,1.358
TGO,ECCS,2020,1.205
TON,ECCS,2020,1.415
TTO,ECCS,2020,1.697
TUN,ECCS,2020,2.069
TKM,ECCS,2020,1.574
TUV,ECCS,2020,1.22
UGA,ECCS,2020,0.903
UKR,ECCS,2020,3.096
ARE,ECCS,2020,1.275
GBR,ECCS,2020,1.369
USA,ECCS,2020,1.315
VIR,ECCS,2020,1.353
URY,ECCS,2020,0.916
UZB,ECCS,2020,1.694
VUT,ECCS,2020,0.991
VEN,ECCS,2020,1.589
VNM,ECCS,2020,1.575
WLF,ECCS,2020,1.175
PSE,ECCS,2020,1.479
ESH,ECCS,2020,2.145
ZMB,ECCS,2020,1.217
ZWE,ECCS,2020,0.669
AFG,ECCS,2021,1.418
ALB,ECCS,2021,1.719
DZA,ECCS,2021,2.424
ASM,ECCS,2021,0.997
AND,ECCS,2021,1.49
AGO,ECCS,2021,1.392
AIA,ECCS,2021,0.869
ATG,ECCS,2021,0.936
ARG,ECCS,2021,0.9
ARM,ECCS,2021,2.208
AUS,ECCS,2021,0.551
AUT,ECCS,2021,1.415
AZE,ECCS,2021,2.107
BHS,ECCS,2021,0.765
BHR,ECCS,2021,2.442
BGD,ECCS,2021,1.498
BRB,ECCS,2021,1.258
BLR,ECCS,2021,1.709
BEL,ECCS,2021,1.174
BLZ,ECCS,2021,1.23
BEN,ECCS,2021,1.635
BTN,ECCS,2021,1.681
BOL,ECCS,2021,0.774
BIH,ECCS,2021,1.648
BWA,ECCS,2021,0.106
BRA,ECCS,2021,1.223
VGB,ECCS,2021,0.802
BRN,ECCS,2021,1.07
BGR,ECCS,2021,1.567
BFA,ECCS,2021,1.685
CPV,ECCS,2021,1.756
KHM,ECCS,2021,0.917
CMR,ECCS,2021,1.254
CAN,ECCS,2021,2.534
CYM,ECCS,2021,1.179
CAF,ECCS,2021,0.987
TCD,ECCS,2021,1.078
CHL,ECCS,2021,0.644
HKG,ECCS,2021,1.802
MAC,ECCS,2021,1.802
CHN,ECCS,2021,1.708
COL,ECCS,2021,1.099
COM,ECCS,2021,0.954
COD,ECCS,2021,1.445
COG,ECCS,2021,1.161
COK,ECCS,2021,1.225
CRI,ECCS,2021,0.899
HRV,ECCS,2021,1.619
CUB,ECCS,2021,1.276
CYP,ECCS,2021,1.944
CZE,ECCS,2021,1.299
DNK,ECCS,2021,1.688
DJI,ECCS,2021,1.031
DMA,ECCS,2021,0.936
DOM,ECCS,2021,1.079
ECU,ECCS,2021,0.909
EGY,ECCS,2021,1.695
SLV,ECCS,2021,1.063
GNQ,ECCS,2021,1.02
ERI,ECCS,2021,1.216
EST,ECCS,2021,2.122
SWZ,ECCS,2021,0.519
ETH,ECCS,2021,1.045
FRO,ECCS,2021,1.055
FJI,ECCS,2021,0.848
FIN,ECCS,2021,1.937
FRA,ECCS,2021,1.309
PYF,ECCS,2021,0.594
GAB,ECCS,2021,1.03
GMB,ECCS,2021,1.72
GEO,ECCS,2021,1.722
DEU,ECCS,2021,1.321
GHA,ECCS,2021,1.53
GIB,ECCS,2021,1.401
GRC,ECCS,2021,1.631
GRL,ECCS,2021,2.18
GRD,ECCS,2021,1.282
GLP,ECCS,2021,0.903
GTM,ECCS,2021,1.433
GUF,ECCS,2021,1.762
GIN,ECCS,2021,1.583
GNB,ECCS,2021,1.662
GUY,ECCS,2021,1.248
HTI,ECCS,2021,1.259
VAT,ECCS,2021,1.409
HND,ECCS,2021,1.104
HUN,ECCS,2021,1.422
ISL,ECCS,2021,0.892
IND,ECCS,2021,0.732
IDN,ECCS,2021,1.02
IRN,ECCS,2021,2.119
IRQ,ECCS,2021,2.669
IRL,ECCS,2021,0.946
IMN,ECCS,2021,0.979
ISR,ECCS,2021,1.817
ITA,ECCS,2021,1.603
JAM,ECCS,2021,1.502
JPN,ECCS,2021,1.237
JOR,ECCS,2021,2.0
KAZ,ECCS,2021,1.436
KEN,ECCS,2021,1.244
KIR,ECCS,2021,1.206
PRK,ECCS,2021,1.886
KOR,ECCS,2021,1.686
KWT,ECCS,2021,2.722
KGZ,ECCS,2021,1.278
LAO,ECCS,2021,1.079
LVA,ECCS,2021,1.953
LBN,ECCS,2021,2.053
LSO,ECCS,2021,1.37
LBR,ECCS,2021,1.363
LBY,ECCS,2021,1.94
LIE,ECCS,2021,1.295
LTU,ECCS,2021,1.764
LUX,ECCS,2021,1.161
MDG,ECCS,2021,1.121
MWI,ECCS,2021,1.117
MYS,ECCS,2021,1.177
MDV,ECCS,2021,0.963
MLI,ECCS,2021,1.762
MLT,ECCS,2021,2.199
MHL,ECCS,2021,0.665
MTQ,ECCS,2021,1.019
MRT,ECCS,2021,1.782
MUS,ECCS,2021,0.768
MYT,ECCS,2021,0.893
MEX,ECCS,2021,1.113
FSM,ECCS,2021,0.784
MDA,ECCS,2021,1.283
MCO,ECCS,2021,1.595
MNG,ECCS,2021,2.019
MNE,ECCS,2021,1.686
MSR,ECCS,2021,0.936
MAR,ECCS,2021,1.804
MOZ,ECCS,2021,0.84
MMR,ECCS,2021,1.642
NPL,ECCS,2021,0.659
NLD,ECCS,2021,1.304
NCL,ECCS,2021,1.097
NZL,ECCS,2021,0.816
NIC,ECCS,2021,1.031
NER,ECCS,2021,1.571
NGA,ECCS,2021,1.647
NFK,ECCS,2021,1.003
MKD,ECCS,2021,1.709
NOR,ECCS,2021,1.489
OMN,ECCS,2021,1.744
PAK,ECCS,2021,1.026
PLW,ECCS,2021,0.914
PAN,ECCS,2021,0.968
PNG,ECCS,2021,1.062
PRY,ECCS,2021,0.879
PER,ECCS,2021,1.2
PHL,ECCS,2021,1.309
POL,ECCS,2021,1.448
PRT,ECCS,2021,1.101
PRI,ECCS,2021,0.867
QAT,ECCS,2021,2.249
ROU,ECCS,2021,1.399
RUS,ECCS,2021,1.629
SPM,ECCS,2021,2.32
WSM,ECCS,2021,0.903
SMR,ECCS,2021,1.446
STP,ECCS,2021,1.245
SAU,ECCS,2021,2.268
SEN,ECCS,2021,1.87
SRB,ECCS,2021,1.607
SYC,ECCS,2021,0.763
SLE,ECCS,2021,1.239
SGP,ECCS,2021,1.239
SVK,ECCS,2021,1.266
SVN,ECCS,2021,1.583
SLB,ECCS,2021,0.826
SOM,ECCS,2021,1.602
ZAF,ECCS,2021,0.867
SSD,ECCS,2021,1.051
ESP,ECCS,2021,1.314
LKA,ECCS,2021,0.893
KNA,ECCS,2021,0.936
LCA,ECCS,2021,1.179
VCT,ECCS,2021,1.282
SDN,ECCS,2021,1.312
SUR,ECCS,2021,1.955
SJM,ECCS,2021,3.011
SWE,ECCS,2021,1.838
CHE,ECCS,2021,1.242
SYR,ECCS,2021,2.259
TWN,ECCS,2021,1.915
TJK,ECCS,2021,1.033
TZA,ECCS,2021,1.13
THA,ECCS,2021,0.975
TLS,ECCS,2021,0.773
TGO,ECCS,2021,1.61
TON,ECCS,2021,1.153
TTO,ECCS,2021,1.286
TUN,ECCS,2021,2.589
TKM,ECCS,2021,1.717
TUV,ECCS,2021,0.714
UGA,ECCS,2021,1.187
UKR,ECCS,2021,1.418
ARE,ECCS,2021,1.77
GBR,ECCS,2021,0.927
USA,ECCS,2021,1.155
VIR,ECCS,2021,0.809
URY,ECCS,2021,0.887
UZB,ECCS,2021,1.508
VUT,ECCS,2021,0.903
VEN,ECCS,2021,0.975
VNM,ECCS,2021,1.199
WLF,ECCS,2021,0.849
PSE,ECCS,2021,1.819
ESH,ECCS,2021,1.674
ZMB,ECCS,2021,1.183
ZWE,ECCS,2021,0.233
AFG,ECCS,2022,1.967
ALB,ECCS,2022,1.701
DZA,ECCS,2022,1.804
ASM,ECCS,2022,0.984
AND,ECCS,2022,3.196
AGO,ECCS,2022,0.836
AIA,ECCS,2022,0.868
ATG,ECCS,2022,0.845
ARG,ECCS,2022,0.525
ARM,ECCS,2022,1.866
AUS,ECCS,2022,0.678
AUT,ECCS,2022,2.554
AZE,ECCS,2022,2.234
BHS,ECCS,2022,1.384
BHR,ECCS,2022,1.996
BGD,ECCS,2022,1.406
BRB,ECCS,2022,1.065
BLR,ECCS,2022,1.911
BEL,ECCS,2022,2.773
BLZ,ECCS,2022,1.021
BEN,ECCS,2022,1.004
BTN,ECCS,2022,1.481
BOL,ECCS,2022,0.696
BIH,ECCS,2022,2.179
BWA,ECCS,2022,0.401
BRA,ECCS,2022,1.03
VGB,ECCS,2022,0.891
BRN,ECCS,2022,1.085
BGR,ECCS,2022,1.837
BFA,ECCS,2022,0.868
CPV,ECCS,2022,1.844
KHM,ECCS,2022,0.972
CMR,ECCS,2022,0.941
CAN,ECCS,2022,1.286
CYM,ECCS,2022,1.196
CAF,ECCS,2022,0.771
TCD,ECCS,2022,0.429
CHL,ECCS,2022,0.243
HKG,ECCS,2022,1.202
MAC,ECCS,2022,1.202
CHN,ECCS,2022,1.909
COL,ECCS,2022,0.95
COM,ECCS,2022,0.825
COD,ECCS,2022,1.313
COG,ECCS,2022,1.085
COK,ECCS,2022,1.136
CRI,ECCS,2022,0.811
HRV,ECCS,2022,2.295
CUB,ECCS,2022,1.437
CYP,ECCS,2022,1.178
CZE,ECCS,2022,2.371
DNK,ECCS,2022,2.232
DJI,ECCS,2022,1.49
DMA,ECCS,2022,0.844
DOM,ECCS,2022,0.961
ECU,ECCS,2022,0.804
EGY,ECCS,2022,0.63
SLV,ECCS,2022,0.794
GNQ,ECCS,2022,1.052
ERI,ECCS,2022,0.248
EST,ECCS,2022,1.942
SWZ,ECCS,2022,1.12
ETH,ECCS,2022,0.995
FRO,ECCS,2022,1.311
FJI,ECCS,2022,1.066
FIN,ECCS,2022,2.051
FRA,ECCS,2022,2.906
PYF,ECCS,2022,0.162
GAB,ECCS,2022,0.897
GMB,ECCS,2022,1.444
GEO,ECCS,2022,1.62
DEU,ECCS,2022,2.593
GHA,ECCS,2022,1.04
GIB,ECCS,2022,2.14
GRC,ECCS,2022,1.049
GRL,ECCS,2022,1.43
GRD,ECCS,2022,1.075
GLP,ECCS,2022,0.856
GTM,ECCS,2022,1.067
GUF,ECCS,2022,1.638
GIN,ECCS,2022,1.175
GNB,ECCS,2022,1.328
GUY,ECCS,2022,1.292
HTI,ECCS,2022,1.26
VAT,ECCS,2022,1.886
HND,ECCS,2022,0.808
HUN,ECCS,2022,2.114
ISL,ECCS,2022,1.174
IND,ECCS,2022,0.775
IDN,ECCS,2022,0.969
IRN,ECCS,2022,2.264
IRQ,ECCS,2022,2.172
IRL,ECCS,2022,1.687
IMN,ECCS,2022,1.796
ISR,ECCS,2022,1.105
ITA,ECCS,2022,2.184
JAM,ECCS,2022,1.393
JPN,ECCS,2022,1.301
JOR,ECCS,2022,1.413
KAZ,ECCS,2022,2.698
KEN,ECCS,2022,1.23
KIR,ECCS,2022,1.156
PRK,ECCS,2022,1.626
KOR,ECCS,2022,1.526
KWT,ECCS,2022,2.311
KGZ,ECCS,2022,2.48
LAO,ECCS,2022,0.902
LVA,ECCS,2022,1.929
LBN,ECCS,2022,1.292
LSO,ECCS,2022,1.688
LBR,ECCS,2022,1.316
LBY,ECCS,2022,0.597
LIE,ECCS,2022,2.679
LTU,ECCS,2022,1.941
LUX,ECCS,2022,2.92
MDG,ECCS,2022,0.796
MWI,ECCS,2022,1.262
MYS,ECCS,2022,1.092
MDV,ECCS,2022,0.66
MLI,ECCS,2022,0.954
MLT,ECCS,2022,2.079
MHL,ECCS,2022,0.287
MTQ,ECCS,2022,0.901
MRT,ECCS,2022,1.643
MUS,ECCS,2022,0.401
MYT,ECCS,2022,0.739
MEX,ECCS,2022,1.2
FSM,ECCS,2022,0.737
MDA,ECCS,2022,2.126
MCO,ECCS,2022,2.832
MNG,ECCS,2022,2.223
MNE,ECCS,2022,1.966
MSR,ECCS,2022,0.845
MAR,ECCS,2022,2.273
MOZ,ECCS,2022,1.002
MMR,ECCS,2022,1.349
NPL,ECCS,2022,1.015
NLD,ECCS,2022,2.588
NCL,ECCS,2022,1.828
NZL,ECCS,2022,1.15
NIC,ECCS,2022,0.847
NER,ECCS,2022,0.534
NGA,ECCS,2022,0.969
NFK,ECCS,2022,1.615
MKD,ECCS,2022,1.563
NOR,ECCS,2022,1.895
OMN,ECCS,2022,1.53
PAK,ECCS,2022,1.265
PLW,ECCS,2022,1.056
PAN,ECCS,2022,0.774
PNG,ECCS,2022,1.104
PRY,ECCS,2022,0.852
PER,ECCS,2022,0.692
PHL,ECCS,2022,1.275
POL,ECCS,2022,2.036
PRT,ECCS,2022,2.141
PRI,ECCS,2022,0.757
QAT,ECCS,2022,1.94
ROU,ECCS,2022,1.915
RUS,ECCS,2022,2.268
SPM,ECCS,2022,1.942
WSM,ECCS,2022,0.89
SMR,ECCS,2022,2.022
STP,ECCS,2022,1.161
SAU,ECCS,2022,1.83
SEN,ECCS,2022,1.498
SRB,ECCS,2022,1.961
SYC,ECCS,2022,0.603
SLE,ECCS,2022,0.976
SGP,ECCS,2022,0.975
SVK,ECCS,2022,1.992
SVN,ECCS,2022,2.553
SLB,ECCS,2022,0.997
SOM,ECCS,2022,1.604
ZAF,ECCS,2022,1.09
SSD,ECCS,2022,0.83
ESP,ECCS,2022,2.368
LKA,ECCS,2022,0.862
KNA,ECCS,2022,0.845
LCA,ECCS,2022,1.009
VCT,ECCS,2022,1.075
SDN,ECCS,2022,0.843
SUR,ECCS,2022,1.917
SJM,ECCS,2022,3.511
SWE,ECCS,2022,2.119
CHE,ECCS,2022,2.915
SYR,ECCS,2022,1.55
TWN,ECCS,2022,1.399
TJK,ECCS,2022,2.119
TZA,ECCS,2022,0.962
THA,ECCS,2022,0.874
TLS,ECCS,2022,0.623
TGO,ECCS,2022,1.024
TON,ECCS,2022,0.926
TTO,ECCS,2022,1.079
TUN,ECCS,2022,2.271
TKM,ECCS,2022,2.588
TUV,ECCS,2022,0.687
UGA,ECCS,2022,1.106
UKR,ECCS,2022,1.91
ARE,ECCS,2022,1.553
GBR,ECCS,2022,1.911
USA,ECCS,2022,1.202
VIR,ECCS,2022,0.863
URY,ECCS,2022,0.539
UZB,ECCS,2022,2.578
VUT,ECCS,2022,1.206
VEN,ECCS,2022,0.893
VNM,ECCS,2022,1.119
WLF,ECCS,2022,0.895
PSE,ECCS,2022,1.102
ESH,ECCS,2022,2.041
ZMB,ECCS,2022,0.859
ZWE,ECCS,2022,0.494
AFG,ECCS,2023,1.748
ALB,ECCS,2023,2.299
DZA,ECCS,2023,2.303
ASM,ECCS,2023,1.01
AND,ECCS,2023,2.83
AGO,ECCS,2023,1.252
AIA,ECCS,2023,1.168
ATG,ECCS,2023,1.173
ARG,ECCS,2023,1.421
ARM,ECCS,2023,2.246
AUS,ECCS,2023,0.877
AUT,ECCS,2023,2.612
AZE,ECCS,2023,2.297
BHS,ECCS,2023,1.756
BHR,ECCS,2023,2.29
BGD,ECCS,2023,1.809
BLR,ECCS,2023,2.721
BEL,ECCS,2023,2.408
BLZ,ECCS,2023,1.827
BEN,ECCS,2023,1.488
BTN,ECCS,2023,1.788
BOL,ECCS,2023,2.191
BIH,ECCS,2023,2.562
BWA,ECCS,2023,1.288
BRA,ECCS,2023,1.689
VGB,ECCS,2023,1.164
BRN,ECCS,2023,1.162
BGR,ECCS,2023,2.646
BFA,ECCS,2023,1.565
CPV,ECCS,2023,2.803
KHM,ECCS,2023,1.383
CMR,ECCS,2023,1.212
CAN,ECCS,2023,2.374
CYM,ECCS,2023,1.904
CAF,ECCS,2023,0.817
TCD,ECCS,2023,1.282
CHL,ECCS,2023,0.88
HKG,ECCS,2023,1.243
MAC,ECCS,2023,1.243
CHN,ECCS,2023,1.892
COL,ECCS,2023,1.567
COM,ECCS,2023,1.591
COD,ECCS,2023,1.283
COG,ECCS,2023,1.227
COK,ECCS,2023,0.614
CRI,ECCS,2023,1.625
HRV,ECCS,2023,2.567
CUB,ECCS,2023,1.877
CYP,ECCS,2023,1.889
CZE,ECCS,2023,2.495
DNK,ECCS,2023,1.884
DJI,ECCS,2023,0.707
DMA,ECCS,2023,1.173
DOM,ECCS,2023,1.302
ECU,ECCS,2023,2.107
EGY,ECCS,2023,1.883
SLV,ECCS,2023,1.497
GNQ,ECCS,2023,1.085
EST,ECCS,2023,2.16
SWZ,ECCS,2023,0.849
ETH,ECCS,2023,1.071
FRO,ECCS,2023,0.76
FJI,ECCS,2023,0.764
FIN,ECCS,2023,1.879
FRA,ECCS,2023,2.623
PYF,ECCS,2023,0.828
GAB,ECCS,2023,1.186
GMB,ECCS,2023,1.791
GEO,ECCS,2023,2.062
DEU,ECCS,2023,2.458
GHA,ECCS,2023,1.38
GIB,ECCS,2023,2.486
GRC,ECCS,2023,1.893
GRL,ECCS,2023,1.165
GRD,ECCS,2023,1.672
GLP,ECCS,2023,1.171
GTM,ECCS,2023,1.693
GUF,ECCS,2023,2.1
GIN,ECCS,2023,1.505
GNB,ECCS,2023,1.586
GUY,ECCS,2023,2.073
HTI,ECCS,2023,1.715
VAT,ECCS,2023,2.056
HND,ECCS,2023,1.476
HUN,ECCS,2023,2.526
ISL,ECCS,2023,0.509
IND,ECCS,2023,0.896
IDN,ECCS,2023,1.101
IRN,ECCS,2023,2.159
IRQ,ECCS,2023,2.048
IRL,ECCS,2023,1.544
IMN,ECCS,2023,1.525
ISR,ECCS,2023,1.939
ITA,ECCS,2023,2.32
JAM,ECCS,2023,1.868
JPN,ECCS,2023,1.822
JOR,ECCS,2023,1.915
KAZ,ECCS,2023,2.627
KEN,ECCS,2023,1.424
KIR,ECCS,2023,1.67
PRK,ECCS,2023,2.076
KOR,ECCS,2023,1.64
KWT,ECCS,2023,2.094
KGZ,ECCS,2023,1.934
LAO,ECCS,2023,1.496
LVA,ECCS,2023,2.313
LBN,ECCS,2023,1.966
LSO,ECCS,2023,1.493
LBR,ECCS,2023,1.364
LBY,ECCS,2023,1.532
LIE,ECCS,2023,2.707
LTU,ECCS,2023,2.468
LUX,ECCS,2023,2.596
MDG,ECCS,2023,1.237
MWI,ECCS,2023,1.466
MYS,ECCS,2023,1.221
MDV,ECCS,2023,0.89
MLI,ECCS,2023,1.645
MLT,ECCS,2023,2.417
MHL,ECCS,2023,0.74
MTQ,ECCS,2023,1.173
MRT,ECCS,2023,2.025
MUS,ECCS,2023,1.295
MYT,ECCS,2023,1.413
MEX,ECCS,2023,1.756
FSM,ECCS,2023,1.053
MDA,ECCS,2023,3.014
MCO,ECCS,2023,2.481
MNG,ECCS,2023,2.196
MNE,ECCS,2023,2.505
MSR,ECCS,2023,1.173
MAR,ECCS,2023,2.551
MOZ,ECCS,2023,1.248
MMR,ECCS,2023,1.745
NPL,ECCS,2023,1.139
NLD,ECCS,2023,2.331
NCL,ECCS,2023,0.755
NZL,ECCS,2023,0.93
NIC,ECCS,2023,1.488
NER,ECCS,2023,1.611
NGA,ECCS,2023,1.599
NFK,ECCS,2023,0.624
MKD,ECCS,2023,2.392
NOR,ECCS,2023,1.194
OMN,ECCS,2023,1.666
PAK,ECCS,2023,1.046
PLW,ECCS,2023,1.276
PAN,ECCS,2023,1.496
PNG,ECCS,2023,0.718
PRY,ECCS,2023,2.068
PER,ECCS,2023,1.917
PHL,ECCS,2023,1.44
POL,ECCS,2023,2.465
PRT,ECCS,2023,2.414
PRI,ECCS,2023,1.206
QAT,ECCS,2023,2.157
ROU,ECCS,2023,2.662
RUS,ECCS,2023,2.508
SPM,ECCS,2023,1.529
WSM,ECCS,2023,0.915
SMR,ECCS,2023,2.245
STP,ECCS,2023,1.196
SAU,ECCS,2023,1.894
SEN,ECCS,2023,1.997
SRB,ECCS,2023,2.561
SYC,ECCS,2023,1.039
SLE,ECCS,2023,0.794
SGP,ECCS,2023,1.294
SVK,ECCS,2023,2.421
SVN,ECCS,2023,2.638
SLB,ECCS,2023,1.005
SOM,ECCS,2023,1.338
ZAF,ECCS,2023,1.168
SSD,ECCS,2023,1.386
ESP,ECCS,2023,2.525
LKA,ECCS,2023,1.016
KNA,ECCS,2023,1.173
LCA,ECCS,2023,1.414
VCT,ECCS,2023,1.673
SDN,ECCS,2023,1.504
SUR,ECCS,2023,2.311
SJM,ECCS,2023,3.577
SWE,ECCS,2023,1.463
CHE,ECCS,2023,2.827
SYR,ECCS,2023,2.005
TWN,ECCS,2023,1.469
TJK,ECCS,2023,1.792
TZA,ECCS,2023,1.325
THA,ECCS,2023,1.394
TLS,ECCS,2023,0.297
TGO,ECCS,2023,1.417
TON,ECCS,2023,1.264
TTO,ECCS,2023,1.676
TUN,ECCS,2023,2.549
TKM,ECCS,2023,2.465
TUV,ECCS,2023,1.218
UGA,ECCS,2023,1.24
UKR,ECCS,2023,2.795
ARE,ECCS,2023,1.659
GBR,ECCS,2023,1.477
USA,ECCS,2023,1.199
VIR,ECCS,2023,1.171
URY,ECCS,2023,1.653
UZB,ECCS,2023,2.386
VUT,ECCS,2023,0.778
VEN,ECCS,2023,1.453
VNM,ECCS,2023,1.522
WLF,ECCS,2023,1.185
PSE,ECCS,2023,1.944
ESH,ECCS,2023,2.442
ZMB,ECCS,2023,1.277
ZWE,ECCS,2023,1.009
AFG,ECCS,2024,2.188
ALB,ECCS,2024,2.925
DZA,ECCS,2024,2.824
ASM,ECCS,2024,1.588
AND,ECCS,2024,2.489
AGO,ECCS,2024,1.295
AIA,ECCS,2024,1.574
ATG,ECCS,2024,1.668
ARG,ECCS,2024,0.979
ARM,ECCS,2024,2.364
AUS,ECCS,2024,1.446
AUT,ECCS,2024,3.267
AZE,ECCS,2024,2.246
BHS,ECCS,2024,1.513
BHR,ECCS,2024,2.469
BGD,ECCS,2024,1.638
BLR,ECCS,2024,3.55
BEL,ECCS,2024,2.583
BLZ,ECCS,2024,1.754
BEN,ECCS,2024,1.553
BTN,ECCS,2024,1.765
BOL,ECCS,2024,2.272
BIH,ECCS,2024,3.436
BWA,ECCS,2024,1.841
BRA,ECCS,2024,2.081
VGB,ECCS,2024,1.478
BRN,ECCS,2024,1.592
BGR,ECCS,2024,3.109
BFA,ECCS,2024,1.543
CPV,ECCS,2024,2.592
KHM,ECCS,2024,2.057
CMR,ECCS,2024,1.536
CAN,ECCS,2024,3.366
CYM,ECCS,2024,2.042
CAF,ECCS,2024,1.149
TCD,ECCS,2024,1.605
CHL,ECCS,2024,0.426
HKG,ECCS,2024,1.709
MAC,ECCS,2024,1.709
CHN,ECCS,2024,2.272
COL,ECCS,2024,2.033
COM,ECCS,2024,1.804
COD,ECCS,2024,1.256
COG,ECCS,2024,1.25
COK,ECCS,2024,0.965
CRI,ECCS,2024,1.682
HRV,ECCS,2024,3.376
CUB,ECCS,2024,1.627
CYP,ECCS,2024,2.504
CZE,ECCS,2024,3.343
DNK,ECCS,2024,2.353
DJI,ECCS,2024,1.837
DMA,ECCS,2024,1.668
DOM,ECCS,2024,1.486
ECU,ECCS,2024,2.022
EGY,ECCS,2024,2.058
SLV,ECCS,2024,1.571
GNQ,ECCS,2024,1.515
EST,ECCS,2024,2.751
SWZ,ECCS,2024,1.029
ETH,ECCS,2024,1.849
FRO,ECCS,2024,1.092
FJI,ECCS,2024,1.019
FIN,ECCS,2024,2.263
FRA,ECCS,2024,2.422
PYF,ECCS,2024,0.895
GAB,ECCS,2024,1.275
GMB,ECCS,2024,1.998
GEO,ECCS,2024,2.387
DEU,ECCS,2024,2.998
GHA,ECCS,2024,1.72
GIB,ECCS,2024,2.113
GRC,ECCS,2024,2.68
GRL,ECCS,2024,1.367
GRD,ECCS,2024,2.268
GLP,ECCS,2024,1.621
GTM,ECCS,2024,1.875
GUF,ECCS,2024,2.759
GIN,ECCS,2024,1.63
GNB,ECCS,2024,1.707
GUY,ECCS,2024,2.748
HTI,ECCS,2024,1.758
VAT,ECCS,2024,2.679
HND,ECCS,2024,1.571
HUN,ECCS,2024,3.316
ISL,ECCS,2024,0.035
IND,ECCS,2024,1.136
IDN,ECCS,2024,1.472
IRN,ECCS,2024,2.457
IRQ,ECCS,2024,2.29
IRL,ECCS,2024,1.309
IMN,ECCS,2024,1.416
ISR,ECCS,2024,2.313
ITA,ECCS,2024,2.799
JAM,ECCS,2024,1.922
JPN,ECCS,2024,2.19
JOR,ECCS,2024,2.179
KAZ,ECCS,2024,2.115
KEN,ECCS,2024,1.752
KIR,ECCS,2024,2.064
PRK,ECCS,2024,2.655
KOR,ECCS,2024,2.54
KWT,ECCS,2024,2.476
KGZ,ECCS,2024,2.153
LAO,ECCS,2024,2.026
LVA,ECCS,2024,3.062
LBN,ECCS,2024,2.438
LSO,ECCS,2024,1.81
LBR,ECCS,2024,1.633
LBY,ECCS,2024,2.544
LIE,ECCS,2024,3.18
LTU,ECCS,2024,3.307
LUX,ECCS,2024,2.76
MDG,ECCS,2024,1.208
MWI,ECCS,2024,1.881
MYS,ECCS,2024,1.612
MDV,ECCS,2024,1.155
MLI,ECCS,2024,1.707
MLT,ECCS,2024,2.975
MHL,ECCS,2024,1.025
MTQ,ECCS,2024,1.668
MRT,ECCS,2024,2.187
MUS,ECCS,2024,1.391
MYT,ECCS,2024,1.759
MEX,ECCS,2024,1.873
FSM,ECCS,2024,1.231
MDA,ECCS,2024,3.316
MCO,ECCS,2024,2.499
MNG,ECCS,2024,2.624
MNE,ECCS,2024,3.387
MSR,ECCS,2024,1.668
MAR,ECCS,2024,2.655
MOZ,ECCS,2024,1.499
MMR,ECCS,2024,1.959
NPL,ECCS,2024,1.287
NLD,ECCS,2024,2.725
NCL,ECCS,2024,1.469
NZL,ECCS,2024,0.629
NIC,ECCS,2024,1.708
NER,ECCS,2024,1.244
NGA,ECCS,2024,1.559
NFK,ECCS,2024,1.557
MKD,ECCS,2024,2.994
NOR,ECCS,2024,1.908
OMN,ECCS,2024,1.81
PAK,ECCS,2024,1.48
PLW,ECCS,2024,1.728
PAN,ECCS,2024,1.827
PNG,ECCS,2024,1.338
PRY,ECCS,2024,2.381
PER,ECCS,2024,1.854
PHL,ECCS,2024,1.542
POL,ECCS,2024,3.375
PRT,ECCS,2024,1.999
PRI,ECCS,2024,1.569
QAT,ECCS,2024,2.345
ROU,ECCS,2024,3.273
RUS,ECCS,2024,2.35
SPM,ECCS,2024,2.224
WSM,ECCS,2024,1.493
SMR,ECCS,2024,2.893
STP,ECCS,2024,1.503
SAU,ECCS,2024,2.275
SEN,ECCS,2024,1.972
SRB,ECCS,2024,3.384
SYC,ECCS,2024,1.605
SLE,ECCS,2024,1.059
SGP,ECCS,2024,1.633
SVK,ECCS,2024,3.326
SVN,ECCS,2024,3.269
SLB,ECCS,2024,1.219
SOM,ECCS,2024,2.648
ZAF,ECCS,2024,1.536
SSD,ECCS,2024,1.866
ESP,ECCS,2024,2.242
LKA,ECCS,2024,1.629
KNA,ECCS,2024,1.668
LCA,ECCS,2024,1.978
VCT,ECCS,2024,2.268
SDN,ECCS,2024,1.402
SUR,ECCS,2024,2.973
SJM,ECCS,2024,3.689
SWE,ECCS,2024,2.013
CHE,ECCS,2024,2.907
SYR,ECCS,2024,2.467
TWN,ECCS,2024,1.773
TJK,ECCS,2024,2.029
TZA,ECCS,2024,1.33
THA,ECCS,2024,1.98
TLS,ECCS,2024,1.11
TGO,ECCS,2024,1.705
TON,ECCS,2024,1.639
TTO,ECCS,2024,2.272
TUN,ECCS,2024,2.946
TKM,ECCS,2024,2.442
TUV,ECCS,2024,1.404
UGA,ECCS,2024,1.288
UKR,ECCS,2024,3.582
ARE,ECCS,2024,1.791
GBR,ECCS,2024,1.492
USA,ECCS,2024,1.95
VIR,ECCS,2024,1.497
URY,ECCS,2024,0.946
UZB,ECCS,2024,2.103
VUT,ECCS,2024,1.156
VEN,ECCS,2024,1.878
VNM,ECCS,2024,2.035
WLF,ECCS,2024,1.334
PSE,ECCS,2024,2.313
ESH,ECCS,2024,2.232
ZMB,ECCS,2024,1.644
ZWE,ECCS,2024,1.523
