RevisionNumber,ISO3,CTSCode,Year,RevisionDate,Notes
1,AFG,ECCS,1961,2026-04-01,synthetic revision
2,ALB,ECCS,1961,2026-04-01,synthetic revision
3,DZA,ECCS,1961,2026-04-01,synthetic revision
4,ASM,ECCS,1961,2026-04-01,synthetic revision
5,AND,ECCS,1961,2026-04-01,synthetic revision
6,AGO,ECCS,1961,2026-04-01,synthetic revision
7,AIA,ECCS,1961,2026-04-01,synthetic revision
8,ATG,ECCS,1961,2026-04-01,synthetic revision
9,ARG,ECCS,1961,2026-04-01,synthetic revision
10,ABW,ECCS,1961,2026-04-01,synthetic revision
11,AUS,ECCS,1961,2026-04-01,synthetic revision
12,AUT,ECCS,1961,2026-04-01,synthetic revision
13,BHS,ECCS,1961,2026-04-01,synthetic revision
14,BHR,ECCS,1961,2026-04-01,synthetic revision
15,BGD,ECCS,1961,2026-04-01,synthetic revision
16,BRB,ECCS,1961,2026-04-01,synthetic revision
17,BLZ,ECCS,1961,2026-04-01,synthetic revision
18,BEN,ECCS,1961,2026-04-01,synthetic revision
19,BTN,ECCS,1961,2026-04-01,synthetic revision
20,BOL,ECCS,1961,2026-04-01,synthetic revision
21,BWA,ECCS,1961,2026-04-01,synthetic revision
22,BRA,ECCS,1961,2026-04-01,synthetic revision
23,VGB,ECCS,1961,2026-04-01,synthetic revision
24,BRN,ECCS,1961,2026-04-01,synthetic revision
25,BGR,ECCS,1961,2026-04-01,synthetic revision
26,BFA,ECCS,1961,2026-04-01,synthetic revision
27,BDI,ECCS,1961,2026-04-01,synthetic revision
28,CPV,ECCS,1961,2026-04-01,synthetic revision
29,KHM,ECCS,1961,2026-04-01,synthetic revision
30,CMR,ECCS,1961,2026-04-01,synthetic revision
31,CAN,ECCS,1961,2026-04-01,synthetic revision
32,CAF,ECCS,1961,2026-04-01,synthetic revision
33,TCD,ECCS,1961,2026-04-01,synthetic revision
34,CHL,ECCS,1961,2026-04-01,synthetic revision
35,HKG,ECCS,1961,2026-04-01,synthetic revision
36,MAC,ECCS,1961,2026-04-01,synthetic revision
37,CHN,ECCS,1961,2026-04-01,synthetic revision
38,COL,ECCS,1961,2026-04-01,synthetic revision
39,COM,ECCS,1961,2026-04-01,synthetic revision
40,COD,ECCS,1961,2026-04-01,synthetic revision
41,COG,ECCS,1961,2026-04-01,synthetic revision
42,COK,ECCS,1961,2026-04-01,synthetic revision
43,CUB,ECCS,1961,2026-04-01,synthetic revision
44,CYP,ECCS,1961,2026-04-01,synthetic revision
45,DNK,ECCS,1961,2026-04-01,synthetic revision
46,DJI,ECCS,1961,2026-04-01,synthetic revision
47,DMA,ECCS,1961,2026-04-01,synthetic revision
48,DOM,ECCS,1961,2026-04-01,synthetic revision
49,ECU,ECCS,1961,2026-04-01,synthetic revision
50,EGY,ECCS,1961,2026-04-01,synthetic revision
51,SLV,ECCS,1961,2026-04-01,synthetic revision
52,GNQ,ECCS,1961,2026-04-01,synthetic revision
53,SWZ,ECCS,1961,2026-04-01,synthetic revision
54,FLK,ECCS,1961,2026-04-01,synthetic revision
55,FRO,ECCS,1961,2026-04-01,synthetic revision
56,FJI,ECCS,1961,2026-04-01,synthetic revision
57,FIN,ECCS,1961,2026-04-01,synthetic revision
58,FRA,ECCS,1961,2026-04-01,synthetic revision
59,PYF,ECCS,1961,2026-04-01,synthetic revision
60,GAB,ECCS,1961,2026-04-01,synthetic revision
61,GMB,ECCS,1961,2026-04-01,synthetic revision
62,DEU,ECCS,1961,2026-04-01,synthetic revision
63,GHA,ECCS,1961,2026-04-01,synthetic revision
64,GIB,ECCS,1961,2026-04-01,synthetic revision
65,GRC,ECCS,1961,2026-04-01,synthetic revision
66,GRL,ECCS,1961,2026-04-01,synthetic revision
67,GRD,ECCS,1961,2026-04-01,synthetic revision
68,GLP,ECCS,1961,2026-04-01,synthetic revision
69,GTM,ECCS,1961,2026-04-01,synthetic revision
70,GUF,ECCS,1961,2026-04-01,synthetic revision
71,GIN,ECCS,1961,2026-04-01,synthetic revision
72,GNB,ECCS,1961,2026-04-01,synthetic revision
73,GUY,ECCS,1961,2026-04-01,synthetic revision
74,HTI,ECCS,1961,2026-04-01,synthetic revision
75,VAT,ECCS,1961,2026-04-01,synthetic revision
76,HND,ECCS,1961,2026-04-01,synthetic revision
77,HUN,ECCS,1961,2026-04-01,synthetic revision
78,ISL,ECCS,1961,2026-04-01,synthetic revision
79,IND,ECCS,1961,2026-04-01,synthetic revision
80,IDN,ECCS,1961,2026-04-01,synthetic revision
81,IRN,ECCS,1961,2026-04-01,synthetic revision
82,IRQ,ECCS,1961,2026-04-01,synthetic revision
83,IRL,ECCS,1961,2026-04-01,synthetic revision
84,IMN,ECCS,1961,2026-04-01,synthetic revision
85,ISR,ECCS,1961,2026-04-01,synthetic revision
86,ITA,ECCS,1961,2026-04-01,synthetic revision
87,JAM,ECCS,1961,2026-04-01,synthetic revision
88,JPN,ECCS,1961,2026-04-01,synthetic revision
89,JOR,ECCS,1961,2026-04-01,synthetic revision
90,KEN,ECCS,1961,2026-04-01,synthetic revision
91,KIR,ECCS,1961,2026-04-01,synthetic revision
92,PRK,ECCS,1961,2026-04-01,synthetic revision
93,KOR,ECCS,1961,2026-04-01,synthetic revision
94,KWT,ECCS,1961,2026-04-01,synthetic revision
95,LAO,ECCS,1961,2026-04-01,synthetic revision
96,LBN,ECCS,1961,2026-04-01,synthetic revision
97,LSO,ECCS,1961,2026-04-01,synthetic revision
98,LBR,ECCS,1961,2026-04-01,synthetic revision
99,LBY,ECCS,1961,2026-04-01,synthetic revision
100,LIE,ECCS,1961,2026-04-01,synthetic revision
101,MDG,ECCS,1961,2026-04-01,synthetic revision
102,MWI,ECCS,1961,2026-04-01,synthetic revision
103,MYS,ECCS,1961,2026-04-01,synthetic revision
104,MLI,ECCS,1961,2026-04-01,synthetic revision
105,MLT,ECCS,1961,2026-04-01,synthetic revision
106,MTQ,ECCS,1961,2026-04-01,synthetic revision
107,MRT,ECCS,1961,2026-04-01,synthetic revision
108,MUS,ECCS,1961,2026-04-01,synthetic revision
109,MYT,ECCS,1961,2026-04-01,synthetic revision
110,MEX,ECCS,1961,2026-04-01,synthetic revision
111,MCO,ECCS,1961,2026-04-01,synthetic revision
112,MNG,ECCS,1961,2026-04-01,synthetic revision
113,MSR,ECCS,1961,2026-04-01,synthetic revision
114,MAR,ECCS,1961,2026-04-01,synthetic revision
115,MOZ,ECCS,1961,2026-04-01,synthetic revision
116,MMR,ECCS,1961,2026-04-01,synthetic revision
117,NRU,ECCS,1961,2026-04-01,synthetic revision
118,NPL,ECCS,1961,2026-04-01,synthetic revision
119,NLD,ECCS,1961,2026-04-01,synthetic revision
120,NCL,ECCS,1961,2026-04-01,synthetic revision
121,NZL,ECCS,1961,2026-04-01,synthetic revision
122,NIC,ECCS,1961,2026-04-01,synthetic revision
123,NER,ECCS,1961,2026-04-01,synthetic revision
124,NGA,ECCS,1961,2026-04-01,synthetic revision
125,NIU,ECCS,1961,2026-04-01,synthetic revision
126,NFK,ECCS,1961,2026-04-01,synthetic revision
127,NOR,ECCS,1961,2026-04-01,synthetic revision
128,OMN,ECCS,1961,2026-04-01,synthetic revision
129,PAK,ECCS,1961,2026-04-01,synthetic revision
130,PNG,ECCS,1961,2026-04-01,synthetic revision
131,PRY,ECCS,1961,2026-04-01,synthetic revision
132,PER,ECCS,1961,2026-04-01,synthetic revision
133,PHL,ECCS,1961,2026-04-01,synthetic revision
134,PCN,ECCS,1961,2026-04-01,synthetic revision
135,POL,ECCS,1961,2026-04-01,synthetic revision
136,PRT,ECCS,1961,2026-04-01,synthetic revision
137,PRI,ECCS,1961,2026-04-01,synthetic revision
138,QAT,ECCS,1961,2026-04-01,synthetic revision
139,ROU,ECCS,1961,2026-04-01,synthetic revision
140,RWA,ECCS,1961,2026-04-01,synthetic revision
141,SPM,ECCS,1961,2026-04-01,synthetic revision
142,WSM,ECCS,1961,2026-04-01,synthetic revision
143,SMR,ECCS,1961,2026-04-01,synthetic revision
144,STP,ECCS,1961,2026-04-01,synthetic revision
145,SAU,ECCS,1961,2026-04-01,synthetic revision
146,SEN,ECCS,1961,2026-04-01,synthetic revision
147,SYC,ECCS,1961,2026-04-01,synthetic revision
148,SLE,ECCS,1961,2026-04-01,synthetic revision
149,SLB,ECCS,1961,2026-04-01,synthetic revision
150,SOM,ECCS,1961,2026-04-01,synthetic revision
151,ZAF,ECCS,1961,2026-04-01,synthetic revision
152,ESP,ECCS,1961,2026-04-01,synthetic revision
153,LKA,ECCS,1961,2026-04-01,synthetic revision
154,KNA,ECCS,1961,2026-04-01,synthetic revision
155,LCA,ECCS,1961,2026-04-01,synthetic revision
156,VCT,ECCS,1961,2026-04-01,synthetic revision
157,SUR,ECCS,1961,2026-04-01,synthetic revision
158,SJM,ECCS,1961,2026-04-01,synthetic revision
159,SWE,ECCS,1961,2026-04-01,synthetic revision
160,CHE,ECCS,1961,2026-04-01,synthetic revision
161,SYR,ECCS,1961,2026-04-01,synthetic revision
162,TWN,ECCS,1961,2026-04-01,synthetic revision
163,TZA,ECCS,1961,2026-04-01,synthetic revision
164,THA,ECCS,1961,2026-04-01,synthetic revision
165,TLS,ECCS,1961,2026-04-01,synthetic revision
166,TGO,ECCS,1961,2026-04-01,synthetic revision
167,TKL,ECCS,1961,2026-04-01,synthetic revision
168,TON,ECCS,1961,2026-04-01,synthetic revision
169,TTO,ECCS,1961,2026-04-01,synthetic revision
170,TUN,ECCS,1961,2026-04-01,synthetic revision
171,TCA,ECCS,1961,2026-04-01,synthetic revision
172,TUV,ECCS,1961,2026-04-01,synthetic revision
173,UGA,ECCS,1961,2026-04-01,synthetic revision
174,ARE,ECCS,1961,2026-04-01,synthetic revision
175,GBR,ECCS,1961,2026-04-01,synthetic revision
176,USA,ECCS,1961,2026-04-01,synthetic revision
177,VIR,ECCS,1961,2026-04-01,synthetic revision
178,URY,ECCS,1961,2026-04-01,synthetic revision
179,VUT,ECCS,1961,2026-04-01,synthetic revision
180,VEN,ECCS,1961,2026-04-01,synthetic revision
181,VNM,ECCS,1961,2026-04-01,synthetic revision
182,WLF,ECCS,1961,2026-04-01,synthetic revision
183,PSE,ECCS,1961,2026-04-01,synthetic revision
184,ESH,ECCS,1961,2026-04-01,synthetic revision
185,YEM,ECCS,1961,2026-04-01,synthetic revision
186,ZMB,ECCS,1961,2026-04-01,synthetic revision
187,ZWE,ECCS,1961,2026-04-01,synthetic revision
188,AFG,ECCS,1962,2026-04-01,synthetic revision
189,ALB,ECCS,1962,2026-04-01,synthetic revision
190,DZA,ECCS,1962,2026-04-01,synthetic revision
191,ASM,ECCS,1962,2026-04-01,synthetic revision
192,AND,ECCS,1962,2026-04-01,synthetic revision
193,AGO,ECCS,1962,2026-04-01,synthetic revision
194,AIA,ECCS,1962,2026-04-01,synthetic revision
195,ATG,ECCS,1962,2026-04-01,synthetic revision
196,ARG,ECCS,1962,2026-04-01,synthetic revision
197,ABW,ECCS,1962,2026-04-01,synthetic revision
198,AUS,ECCS,1962,2026-04-01,synthetic revision
199,AUT,ECCS,1962,2026-04-01,synthetic revision
200,BHS,ECCS,1962,2026-04-01,synthetic revision
201,BHR,ECCS,1962,2026-04-01,synthetic revision
202,BGD,ECCS,1962,2026-04-01,synthetic revision
203,BRB,ECCS,1962,2026-04-01,synthetic revision
204,BLZ,ECCS,1962,2026-04-01,synthetic revision
205,BEN,ECCS,1962,2026-04-01,synthetic revision
206,BTN,ECCS,1962,2026-04-01,synthetic revision
207,BOL,ECCS,1962,2026-04-01,synthetic revision
208,BWA,ECCS,1962,2026-04-01,synthetic revision
209,BRA,ECCS,1962,2026-04-01,synthetic revision
210,VGB,ECCS,1962,2026-04-01,synthetic revision
211,BRN,ECCS,1962,2026-04-01,synthetic revision
212,BGR,ECCS,1962,2026-04-01,synthetic revision
213,BFA,ECCS,1962,2026-04-01,synthetic revision
214,BDI,ECCS,1962,2026-04-01,synthetic revision
215,CPV,ECCS,1962,2026-04-01,synthetic revision
216,KHM,ECCS,1962,2026-04-01,synthetic revision
217,CMR,ECCS,1962,2026-04-01,synthetic revision
218,CAN,ECCS,1962,2026-04-01,synthetic revision
219,CYM,ECCS,1962,2026-04-01,synthetic revision
220,CAF,ECCS,1962,2026-04-01,synthetic revision
221,TCD,ECCS,1962,2026-04-01,synthetic revision
222,CHL,ECCS,1962,2026-04-01,synthetic revision
223,HKG,ECCS,1962,2026-04-01,synthetic revision
224,MAC,ECCS,1962,2026-04-01,synthetic revision
225,CHN,ECCS,1962,2026-04-01,synthetic revision
226,COL,ECCS,1962,2026-04-01,synthetic revision
227,COM,ECCS,1962,2026-04-01,synthetic revision
228,COD,ECCS,1962,2026-04-01,synthetic revision
229,COG,ECCS,1962,2026-04-01,synthetic revision
230,COK,ECCS,1962,2026-04-01,synthetic revision
231,CRI,ECCS,1962,2026-04-01,synthetic revision
232,CUB,ECCS,1962,2026-04-01,synthetic revision
233,CYP,ECCS,1962,2026-04-01,synthetic revision
234,DNK,ECCS,1962,2026-04-01,synthetic revision
235,DJI,ECCS,1962,2026-04-01,synthetic revision
236,DMA,ECCS,1962,2026-04-01,synthetic revision
237,DOM,ECCS,1962,2026-04-01,synthetic revision
238,ECU,ECCS,1962,2026-04-01,synthetic revision
239,EGY,ECCS,1962,2026-04-01,synthetic revision
240,SLV,ECCS,1962,2026-04-01,synthetic revision
241,GNQ,ECCS,1962,2026-04-01,synthetic revision
242,SWZ,ECCS,1962,2026-04-01,synthetic revision
243,FLK,ECCS,1962,2026-04-01,synthetic revision
244,FRO,ECCS,1962,2026-04-01,synthetic revision
245,FJI,ECCS,1962,2026-04-01,synthetic revision
246,FIN,ECCS,1962,2026-04-01,synthetic revision
247,FRA,ECCS,1962,2026-04-01,synthetic revision
248,PYF,ECCS,1962,2026-04-01,synthetic revision
249,GAB,ECCS,1962,2026-04-01,synthetic revision
250,GMB,ECCS,1962,2026-04-01,synthetic revision
251,DEU,ECCS,1962,2026-04-01,synthetic revision
252,GHA,ECCS,1962,2026-04-01,synthetic revision
253,GIB,ECCS,1962,2026-04-01,synthetic revision
254,GRC,ECCS,1962,2026-04-01,synthetic revision
255,GRL,ECCS,1962,2026-04-01,synthetic revision
256,GRD,ECCS,1962,2026-04-01,synthetic revision
257,GLP,ECCS,1962,2026-04-01,synthetic revision
258,GTM,ECCS,1962,2026-04-01,synthetic revision
259,GUF,ECCS,1962,2026-04-01,synthetic revision
260,GIN,ECCS,1962,2026-04-01,synthetic revision
261,GNB,ECCS,1962,2026-04-01,synthetic revision
262,GUY,ECCS,1962,2026-04-01,synthetic revision
263,HTI,ECCS,1962,2026-04-01,synthetic revision
264,VAT,ECCS,1962,2026-04-01,synthetic revision
265,HND,ECCS,1962,2026-04-01,synthetic revision
266,HUN,ECCS,1962,2026-04-01,synthetic revision
267,ISL,ECCS,1962,2026-04-01,synthetic revision
268,IND,ECCS,1962,2026-04-01,synthetic revision
269,IDN,ECCS,1962,2026-04-01,synthetic revision
270,IRN,ECCS,1962,2026-04-01,synthetic revision
271,IRQ,ECCS,1962,2026-04-01,synthetic revision
272,IRL,ECCS,1962,2026-04-01,synthetic revision
273,IMN,ECCS,1962,2026-04-01,synthetic revision
274,ISR,ECCS,1962,2026-04-01,synthetic revision
275,ITA,ECCS,1962,2026-04-01,synthetic revision
276,JAM,ECCS,1962,2026-04-01,synthetic revision
277,JPN,ECCS,1962,2026-04-01,synthetic revision
278,JOR,ECCS,1962,2026-04-01,synthetic revision
279,KEN,ECCS,1962,2026-04-01,synthetic revision
280,KIR,ECCS,1962,2026-04-01,synthetic revision
281,PRK,ECCS,1962,2026-04-01,synthetic revision
282,KOR,ECCS,1962,2026-04-01,synthetic revision
283,KWT,ECCS,1962,2026-04-01,synthetic revision
284,LAO,ECCS,1962,2026-04-01,synthetic revision
285,LBN,ECCS,1962,2026-04-01,synthetic revision
286,LSO,ECCS,1962,2026-04-01,synthetic revision
287,LBR,ECCS,1962,2026-04-01,synthetic revision
288,LBY,ECCS,1962,2026-04-01,synthetic revision
289,LIE,ECCS,1962,2026-04-01,synthetic revision
290,MDG,ECCS,1962,2026-04-01,synthetic revision
291,MWI,ECCS,1962,2026-04-01,synthetic revision
292,MYS,ECCS,1962,2026-04-01,synthetic revision
293,MDV,ECCS,1962,2026-04-01,synthetic revision
294,MLI,ECCS,1962,2026-04-01,synthetic revision
295,MLT,ECCS,1962,2026-04-01,synthetic revision
296,MTQ,ECCS,1962,2026-04-01,synthetic revision
297,MRT,ECCS,1962,2026-04-01,synthetic revision
298,MUS,ECCS,1962,2026-04-01,synthetic revision
299,MYT,ECCS,1962,2026-04-01,synthetic revision
300,MEX,ECCS,1962,2026-04-01,synthetic revision
301,MCO,ECCS,1962,2026-04-01,synthetic revision
302,MNG,ECCS,1962,2026-04-01,synthetic revision
303,MSR,ECCS,1962,2026-04-01,synthetic revision
304,MAR,ECCS,1962,2026-04-01,synthetic revision
305,MOZ,ECCS,1962,2026-04-01,synthetic revision
306,MMR,ECCS,1962,2026-04-01,synthetic revision
307,NPL,ECCS,1962,2026-04-01,synthetic revision
308,NLD,ECCS,1962,2026-04-01,synthetic revision
309,NCL,ECCS,1962,2026-04-01,synthetic revision
310,NZL,ECCS,1962,2026-04-01,synthetic revision
311,NIC,ECCS,1962,2026-04-01,synthetic revision
312,NER,ECCS,1962,2026-04-01,synthetic revision
313,NGA,ECCS,1962,2026-04-01,synthetic revision
314,NIU,ECCS,1962,2026-04-01,synthetic revision
315,NFK,ECCS,1962,2026-04-01,synthetic revision
316,NOR,ECCS,1962,2026-04-01,synthetic revision
317,OMN,ECCS,1962,2026-04-01,synthetic revision
318,PAK,ECCS,1962,2026-04-01,synthetic revision
319,PNG,ECCS,1962,2026-04-01,synthetic revision
320,PRY,ECCS,1962,2026-04-01,synthetic revision
321,PER,ECCS,1962,2026-04-01,synthetic revision
322,PHL,ECCS,1962,2026-04-01,synthetic revision
323,PCN,ECCS,1962,2026-04-01,synthetic revision
324,POL,ECCS,1962,2026-04-01,synthetic revision
325,PRT,ECCS,1962,2026-04-01,synthetic revision
326,PRI,ECCS,1962,2026-04-01,synthetic revision
327,QAT,ECCS,1962,2026-04-01,synthetic revision
328,ROU,ECCS,1962,2026-04-01,synthetic revision
329,RWA,ECCS,1962,2026-04-01,synthetic revision
330,SPM,ECCS,1962,2026-04-01,synthetic revision
331,WSM,ECCS,1962,2026-04-01,synthetic revision
332,SMR,ECCS,1962,2026-04-01,synthetic revision
333,STP,ECCS,1962,2026-04-01,synthetic revision
334,SAU,ECCS,1962,2026-04-01,synthetic revision
335,SEN,ECCS,1962,2026-04-01,synthetic revision
336,SYC,ECCS,1962,2026-04-01,synthetic revision
337,SLE,ECCS,1962,2026-04-01,synthetic revision
338,SLB,ECCS,1962,2026-04-01,synthetic revision
339,SOM,ECCS,1962,2026-04-01,synthetic revision
340,ZAF,ECCS,1962,2026-04-01,synthetic revision
341,ESP,ECCS,1962,2026-04-01,synthetic revision
342,LKA,ECCS,1962,2026-04-01,synthetic revision
343,KNA,ECCS,1962,2026-04-01,synthetic revision
344,LCA,ECCS,1962,2026-04-01,synthetic revision
345,VCT,ECCS,1962,2026-04-01,synthetic revision
346,SUR,ECCS,1962,2026-04-01,synthetic revision
347,SJM,ECCS,1962,2026-04-01,synthetic revision
348,SWE,ECCS,1962,2026-04-01,synthetic revision
349,CHE,ECCS,1962,2026-04-01,synthetic revision
350,SYR,ECCS,1962,2026-04-01,synthetic revision
351,TWN,ECCS,1962,2026-04-01,synthetic revision
352,TZA,ECCS,1962,2026-04-01,synthetic revision
353,THA,ECCS,1962,2026-04-01,synthetic revision
354,TLS,ECCS,1962,2026-04-01,synthetic revision
355,TGO,ECCS,1962,2026-04-01,synthetic revision
356,TKL,ECCS,1962,2026-04-01,synthetic revision
357,TON,ECCS,1962,2026-04-01,synthetic revision
358,TTO,ECCS,1962,2026-04-01,synthetic revision
359,TUN,ECCS,1962,2026-04-01,synthetic revision
360,TCA,ECCS,1962,2026-04-01,synthetic revision
361,TUV,ECCS,1962,2026-04-01,synthetic revision
362,UGA,ECCS,1962,2026-04-01,synthetic revision
363,ARE,ECCS,1962,2026-04-01,synthetic revision
364,GBR,ECCS,1962,2026-04-01,synthetic revision
365,USA,ECCS,1962,2026-04-01,synthetic revision
366,VIR,ECCS,1962,2026-04-01,synthetic revision
367,URY,ECCS,1962,2026-04-01,synthetic revision
368,VUT,ECCS,1962,2026-04-01,synthetic revision
369,VEN,ECCS,1962,2026-04-01,synthetic revision
370,VNM,ECCS,1962,2026-04-01,synthetic revision
371,WLF,ECCS,1962,2026-04-01,synthetic revision
372,PSE,ECCS,1962,2026-04-01,synthetic revision
373,ESH,ECCS,1962,2026-04-01,synthetic revision
374,YEM,ECCS,1962,2026-04-01,synthetic revision
375,ZMB,ECCS,1962,2026-04-01,synthetic revision
376,ZWE,ECCS,1962,2026-04-01,synthetic revision
377,AFG,ECCS,1963,2026-04-01,synthetic revision
378,ALB,ECCS,1963,2026-04-01,synthetic revision
379,DZA,ECCS,1963,2026-04-01,synthetic revision
380,ASM,ECCS,1963,2026-04-01,synthetic revision
381,AND,ECCS,1963,2026-04-01,synthetic revision
382,AGO,ECCS,1963,2026-04-01,synthetic revision
383,AIA,ECCS,1963,2026-04-01,synthetic revision
384,ATG,ECCS,1963,2026-04-01,synthetic revision
385,ARG,ECCS,1963,2026-04-01,synthetic revision
386,ABW,ECCS,1963,2026-04-01,synthetic revision
387,AUS,ECCS,1963,2026-04-01,synthetic revision
388,AUT,ECCS,1963,2026-04-01,synthetic revision
389,BHS,ECCS,1963,2026-04-01,synthetic revision
390,BHR,ECCS,1963,2026-04-01,synthetic revision
391,BGD,ECCS,1963,2026-04-01,synthetic revision
392,BRB,ECCS,1963,2026-04-01,synthetic revision
393,BLZ,ECCS,1963,2026-04-01,synthetic revision
394,BEN,ECCS,1963,2026-04-01,synthetic revision
395,BTN,ECCS,1963,2026-04-01,synthetic revision
396,BOL,ECCS,1963,2026-04-01,synthetic revision
397,BWA,ECCS,1963,2026-04-01,synthetic revision
398,BRA,ECCS,1963,2026-04-01,synthetic revision
399,VGB,ECCS,1963,2026-04-01,synthetic revision
400,BRN,ECCS,1963,2026-04-01,synthetic revision
401,BGR,ECCS,1963,2026-04-01,synthetic revision
402,BFA,ECCS,1963,2026-04-01,synthetic revision
403,BDI,ECCS,1963,2026-04-01,synthetic revision
404,CPV,ECCS,1963,2026-04-01,synthetic revision
405,KHM,ECCS,1963,2026-04-01,synthetic revision
406,CMR,ECCS,1963,2026-04-01,synthetic revision
407,CAN,ECCS,1963,2026-04-01,synthetic revision
408,CYM,ECCS,1963,2026-04-01,synthetic revision
409,CAF,ECCS,1963,2026-04-01,synthetic revision
410,TCD,ECCS,1963,2026-04-01,synthetic revision
411,CHL,ECCS,1963,2026-04-01,synthetic revision
412,HKG,ECCS,1963,2026-04-01,synthetic revision
413,MAC,ECCS,1963,2026-04-01,synthetic revision
414,CHN,ECCS,1963,2026-04-01,synthetic revision
415,COL,ECCS,1963,2026-04-01,synthetic revision
416,COM,ECCS,1963,2026-04-01,synthetic revision
417,COD,ECCS,1963,2026-04-01,synthetic revision
418,COG,ECCS,1963,2026-04-01,synthetic revision
419,COK,ECCS,1963,2026-04-01,synthetic revision
420,CRI,ECCS,1963,2026-04-01,synthetic revision
421,CUB,ECCS,1963,2026-04-01,synthetic revision
422,CYP,ECCS,1963,2026-04-01,synthetic revision
423,DNK,ECCS,1963,2026-04-01,synthetic revision
424,DJI,ECCS,1963,2026-04-01,synthetic revision
425,DMA,ECCS,1963,2026-04-01,synthetic revision
426,DOM,ECCS,1963,2026-04-01,synthetic revision
427,ECU,ECCS,1963,2026-04-01,synthetic revision
428,EGY,ECCS,1963,2026-04-01,synthetic revision
429,SLV,ECCS,1963,2026-04-01,synthetic revision
430,GNQ,ECCS,1963,2026-04-01,synthetic revision
431,SWZ,ECCS,1963,2026-04-01,synthetic revision
432,FLK,ECCS,1963,2026-04-01,synthetic revision
433,FRO,ECCS,1963,2026-04-01,synthetic revision
434,FJI,ECCS,1963,2026-04-01,synthetic revision
435,FIN,ECCS,1963,2026-04-01,synthetic revision
436,FRA,ECCS,1963,2026-04-01,synthetic revision
437,PYF,ECCS,1963,2026-04-01,synthetic revision
438,GAB,ECCS,1963,2026-04-01,synthetic revision
439,GMB,ECCS,1963,2026-04-01,synthetic revision
440,DEU,ECCS,1963,2026-04-01,synthetic revision
441,GHA,ECCS,1963,2026-04-01,synthetic revision
442,GIB,ECCS,1963,2026-04-01,synthetic revision
443,GRC,ECCS,1963,2026-04-01,synthetic revision
444,GRL,ECCS,1963,2026-04-01,synthetic revision
445,GRD,ECCS,1963,2026-04-01,synthetic revision
446,GLP,ECCS,1963,2026-04-01,synthetic revision
447,GTM,ECCS,1963,2026-04-01,synthetic revision
448,GUF,ECCS,1963,2026-04-01,synthetic revision
449,GIN,ECCS,1963,2026-04-01,synthetic revision
450,GNB,ECCS,1963,2026-04-01,synthetic revision
451,GUY,ECCS,1963,2026-04-01,synthetic revision
452,HTI,ECCS,1963,2026-04-01,synthetic revision
453,VAT,ECCS,1963,2026-04-01,synthetic revision
454,HND,ECCS,1963,2026-04-01,synthetic revision
455,HUN,ECCS,1963,2026-04-01,synthetic revision
456,ISL,ECCS,1963,2026-04-01,synthetic revision
457,IND,ECCS,1963,2026-04-01,synthetic revision
458,IDN,ECCS,1963,2026-04-01,synthetic revision
459,IRN,ECCS,1963,2026-04-01,synthetic revision
460,IRQ,ECCS,1963,2026-04-01,synthetic revision
461,IRL,ECCS,1963,2026-04-01,synthetic revision
462,IMN,ECCS,1963,2026-04-01,synthetic revision
463,ISR,ECCS,1963,2026-04-01,synthetic revision
464,ITA,ECCS,1963,2026-04-01,synthetic revision
465,JAM,ECCS,1963,2026-04-01,synthetic revision
466,JPN,ECCS,1963,2026-04-01,synthetic revision
467,JOR,ECCS,1963,2026-04-01,synthetic revision
468,KEN,ECCS,1963,2026-04-01,synthetic revision
469,KIR,ECCS,1963,2026-04-01,synthetic revision
470,PRK,ECCS,1963,2026-04-01,synthetic revision
471,KOR,ECCS,1963,2026-04-01,synthetic revision
472,KWT,ECCS,1963,2026-04-01,synthetic revision
473,LAO,ECCS,1963,2026-04-01,synthetic revision
474,LBN,ECCS,1963,2026-04-01,synthetic revision
475,LSO,ECCS,1963,2026-04-01,synthetic revision
476,LBR,ECCS,1963,2026-04-01,synthetic revision
477,LBY,ECCS,1963,2026-04-01,synthetic revision
478,LIE,ECCS,1963,2026-04-01,synthetic revision
479,MDG,ECCS,1963,2026-04-01,synthetic revision
480,MWI,ECCS,1963,2026-04-01,synthetic revision
481,MYS,ECCS,1963,2026-04-01,synthetic revision
482,MLI,ECCS,1963,2026-04-01,synthetic revision
483,MLT,ECCS,1963,2026-04-01,synthetic revision
484,MTQ,ECCS,1963,2026-04-01,synthetic revision
485,MRT,ECCS,1963,2026-04-01,synthetic revision
486,MUS,ECCS,1963,2026-04-01,synthetic revision
487,MYT,ECCS,1963,2026-04-01,synthetic revision
488,MEX,ECCS,1963,2026-04-01,synthetic revision
489,MCO,ECCS,1963,2026-04-01,synthetic revision
490,MNG,ECCS,1963,2026-04-01,synthetic revision
491,MSR,ECCS,1963,2026-04-01,synthetic revision
492,MAR,ECCS,1963,2026-04-01,synthetic revision
493,MOZ,ECCS,1963,2026-04-01,synthetic revision
494,MMR,ECCS,1963,2026-04-01,synthetic revision
495,NPL,ECCS,1963,2026-04-01,synthetic revision
496,NLD,ECCS,1963,2026-04-01,synthetic revision
497,NCL,ECCS,1963,2026-04-01,synthetic revision
498,NZL,ECCS,1963,2026-04-01,synthetic revision
499,NIC,ECCS,1963,2026-04-01,synthetic revision
500,NER,ECCS,1963,2026-04-01,synthetic revision
501,NGA,ECCS,1963,2026-04-01,synthetic revision
502,NIU,ECCS,1963,2026-04-01,synthetic revision
503,NFK,ECCS,1963,2026-04-01,synthetic revision
504,NOR,ECCS,1963,2026-04-01,synthetic revision
505,OMN,ECCS,1963,2026-04-01,synthetic revision
506,PAK,ECCS,1963,2026-04-01,synthetic revision
507,PNG,ECCS,1963,2026-04-01,synthetic revision
508,PRY,ECCS,1963,2026-04-01,synthetic revision
509,PER,ECCS,1963,2026-04-01,synthetic revision
510,PHL,ECCS,1963,2026-04-01,synthetic revision
511,PCN,ECCS,1963,2026-04-01,synthetic revision
512,POL,ECCS,1963,2026-04-01,synthetic revision
513,PRT,ECCS,1963,2026-04-01,synthetic revision
514,PRI,ECCS,1963,2026-04-01,synthetic revision
515,QAT,ECCS,1963,2026-04-01,synthetic revision
516,ROU,ECCS,1963,2026-04-01,synthetic revision
517,RWA,ECCS,1963,2026-04-01,synthetic revision
518,SPM,ECCS,1963,2026-04-01,synthetic revision
519,WSM,ECCS,1963,2026-04-01,synthetic revision
520,SMR,ECCS,1963,2026-04-01,synthetic revision
521,STP,ECCS,1963,2026-04-01,synthetic revision
522,SAU,ECCS,1963,2026-04-01,synthetic revision
523,SEN,ECCS,1963,2026-04-01,synthetic revision
524,SYC,ECCS,1963,2026-04-01,synthetic revision
525,SLE,ECCS,1963,2026-04-01,synthetic revision
526,SLB,ECCS,1963,2026-04-01,synthetic revision
527,SOM,ECCS,1963,2026-04-01,synthetic revision
528,ZAF,ECCS,1963,2026-04-01,synthetic revision
529,ESP,ECCS,1963,2026-04-01,synthetic revision
530,LKA,ECCS,1963,2026-04-01,synthetic revision
531,KNA,ECCS,1963,2026-04-01,synthetic revision
532,LCA,ECCS,1963,2026-04-01,synthetic revision
533,VCT,ECCS,1963,2026-04-01,synthetic revision
534,SUR,ECCS,1963,2026-04-01,synthetic revision
535,SJM,ECCS,1963,2026-04-01,synthetic revision
536,SWE,ECCS,1963,2026-04-01,synthetic revision
537,CHE,ECCS,1963,2026-04-01,synthetic revision
538,SYR,ECCS,1963,2026-04-01,synthetic revision
539,TWN,ECCS,1963,2026-04-01,synthetic revision
540,TZA,ECCS,1963,2026-04-01,synthetic revision
541,THA,ECCS,1963,2026-04-01,synthetic revision
542,TLS,ECCS,1963,2026-04-01,synthetic revision
543,TGO,ECCS,1963,2026-04-01,synthetic revision
544,TKL,ECCS,1963,2026-04-01,synthetic revision
545,TON,ECCS,1963,2026-04-01,synthetic revision
546,TTO,ECCS,1963,2026-04-01,synthetic revision
547,TUN,ECCS,1963,2026-04-01,synthetic revision
548,TCA,ECCS,1963,2026-04-01,synthetic revision
549,TUV,ECCS,1963,2026-04-01,synthetic revision
550,UGA,ECCS,1963,2026-04-01,synthetic revision
551,ARE,ECCS,1963,2026-04-01,synthetic revision
552,GBR,ECCS,1963,2026-04-01,synthetic revision
553,USA,ECCS,1963,2026-04-01,synthetic revision
554,VIR,ECCS,1963,2026-04-01,synthetic revision
555,URY,ECCS,1963,2026-04-01,synthetic revision
556,VUT,ECCS,1963,2026-04-01,synthetic revision
557,VEN,ECCS,1963,2026-04-01,synthetic revision
558,VNM,ECCS,1963,2026-04-01,synthetic revision
559,WLF,ECCS,1963,2026-04-01,synthetic revision
560,PSE,ECCS,1963,2026-04-01,synthetic revision
561,ESH,ECCS,1963,2026-04-01,synthetic revision
562,YEM,ECCS,1963,2026-04-01,synthetic revision
563,ZMB,ECCS,1963,2026-04-01,synthetic revision
564,ZWE,ECCS,1963,2026-04-01,synthetic revision
565,AFG,ECCS,1964,2026-04-01,synthetic revision
566,ALB,ECCS,1964,2026-04-01,synthetic revision
567,DZA,ECCS,1964,2026-04-01,synthetic revision
568,ASM,ECCS,1964,2026-04-01,synthetic revision
569,AND,ECCS,1964,2026-04-01,synthetic revision
570,AGO,ECCS,1964,2026-04-01,synthetic revision
571,AIA,ECCS,1964,2026-04-01,synthetic revision
572,ATG,ECCS,1964,2026-04-01,synthetic revision
573,ARG,ECCS,1964,2026-04-01,synthetic revision
574,ABW,ECCS,1964,2026-04-01,synthetic revision
575,AUS,ECCS,1964,2026-04-01,synthetic revision
576,AUT,ECCS,1964,2026-04-01,synthetic revision
577,BHS,ECCS,1964,2026-04-01,synthetic revision
578,BHR,ECCS,1964,2026-04-01,synthetic revision
579,BGD,ECCS,1964,2026-04-01,synthetic revision
580,BRB,ECCS,1964,2026-04-01,synthetic revision
581,BLZ,ECCS,1964,2026-04-01,synthetic revision
582,BEN,ECCS,1964,2026-04-01,synthetic revision
583,BTN,ECCS,1964,2026-04-01,synthetic revision
584,BOL,ECCS,1964,2026-04-01,synthetic revision
585,BWA,ECCS,1964,2026-04-01,synthetic revision
586,BRA,ECCS,1964,2026-04-01,synthetic revision
587,VGB,ECCS,1964,2026-04-01,synthetic revision
588,BRN,ECCS,1964,2026-04-01,synthetic revision
589,BGR,ECCS,1964,2026-04-01,synthetic revision
590,BFA,ECCS,1964,2026-04-01,synthetic revision
591,BDI,ECCS,1964,2026-04-01,synthetic revision
592,CPV,ECCS,1964,2026-04-01,synthetic revision
593,KHM,ECCS,1964,2026-04-01,synthetic revision
594,CMR,ECCS,1964,2026-04-01,synthetic revision
595,CAN,ECCS,1964,2026-04-01,synthetic revision
596,CAF,ECCS,1964,2026-04-01,synthetic revision
597,TCD,ECCS,1964,2026-04-01,synthetic revision
598,CHL,ECCS,1964,2026-04-01,synthetic revision
599,HKG,ECCS,1964,2026-04-01,synthetic revision
600,MAC,ECCS,1964,2026-04-01,synthetic revision
601,CHN,ECCS,1964,2026-04-01,synthetic revision
602,COL,ECCS,1964,2026-04-01,synthetic revision
603,COM,ECCS,1964,2026-04-01,synthetic revision
604,COD,ECCS,1964,2026-04-01,synthetic revision
605,COG,ECCS,1964,2026-04-01,synthetic revision
606,COK,ECCS,1964,2026-04-01,synthetic revision
607,CRI,ECCS,1964,2026-04-01,synthetic revision
608,CUB,ECCS,1964,2026-04-01,synthetic revision
609,CYP,ECCS,1964,2026-04-01,synthetic revision
610,DNK,ECCS,1964,2026-04-01,synthetic revision
611,DJI,ECCS,1964,2026-04-01,synthetic revision
612,DMA,ECCS,1964,2026-04-01,synthetic revision
613,DOM,ECCS,1964,2026-04-01,synthetic revision
614,ECU,ECCS,1964,2026-04-01,synthetic revision
615,EGY,ECCS,1964,2026-04-01,synthetic revision
616,SLV,ECCS,1964,2026-04-01,synthetic revision
617,GNQ,ECCS,1964,2026-04-01,synthetic revision
618,SWZ,ECCS,1964,2026-04-01,synthetic revision
619,FLK,ECCS,1964,2026-04-01,synthetic revision
620,FRO,ECCS,1964,2026-04-01,synthetic revision
621,FJI,ECCS,1964,2026-04-01,synthetic revision
622,FIN,ECCS,1964,2026-04-01,synthetic revision
623,FRA,ECCS,1964,2026-04-01,synthetic revision
624,PYF,ECCS,1964,2026-04-01,synthetic revision
625,GAB,ECCS,1964,2026-04-01,synthetic revision
626,GMB,ECCS,1964,2026-04-01,synthetic revision
627,DEU,ECCS,1964,2026-04-01,synthetic revision
628,GHA,ECCS,1964,2026-04-01,synthetic revision
629,GIB,ECCS,1964,2026-04-01,synthetic revision
630,GRC,ECCS,1964,2026-04-01,synthetic revision
631,GRL,ECCS,1964,2026-04-01,synthetic revision
632,GRD,ECCS,1964,2026-04-01,synthetic revision
633,GLP,ECCS,1964,2026-04-01,synthetic revision
634,GTM,ECCS,1964,2026-04-01,synthetic revision
635,GUF,ECCS,1964,2026-04-01,synthetic revision
636,GIN,ECCS,1964,2026-04-01,synthetic revision
637,GNB,ECCS,1964,2026-04-01,synthetic revision
638,GUY,ECCS,1964,2026-04-01,synthetic revision
639,HTI,ECCS,1964,2026-04-01,synthetic revision
640,VAT,ECCS,1964,2026-04-01,synthetic revision
641,HND,ECCS,1964,2026-04-01,synthetic revision
642,HUN,ECCS,1964,2026-04-01,synthetic revision
643,ISL,ECCS,1964,2026-04-01,synthetic revision
644,IND,ECCS,1964,2026-04-01,synthetic revision
645,IDN,ECCS,1964,2026-04-01,synthetic revision
646,IRN,ECCS,1964,2026-04-01,synthetic revision
647,IRQ,ECCS,1964,2026-04-01,synthetic revision
648,IRL,ECCS,1964,2026-04-01,synthetic revision
649,IMN,ECCS,1964,2026-04-01,synthetic revision
650,ISR,ECCS,1964,2026-04-01,synthetic revision
651,ITA,ECCS,1964,2026-04-01,synthetic revision
652,JAM,ECCS,1964,2026-04-01,synthetic revision
653,JPN,ECCS,1964,2026-04-01,synthetic revision
654,JOR,ECCS,1964,2026-04-01,synthetic revision
655,KEN,ECCS,1964,2026-04-01,synthetic revision
656,KIR,ECCS,1964,2026-04-01,synthetic revision
657,PRK,ECCS,1964,2026-04-01,synthetic revision
658,KOR,ECCS,1964,2026-04-01,synthetic revision
659,KWT,ECCS,1964,2026-04-01,synthetic revision
660,LAO,ECCS,1964,2026-04-01,synthetic revision
661,LBN,ECCS,1964,2026-04-01,synthetic revision
662,LSO,ECCS,1964,2026-04-01,synthetic revision
663,LBR,ECCS,1964,2026-04-01,synthetic revision
664,LBY,ECCS,1964,2026-04-01,synthetic revision
665,LIE,ECCS,1964,2026-04-01,synthetic revision
666,MDG,ECCS,1964,2026-04-01,synthetic revision
667,MWI,ECCS,1964,2026-04-01,synthetic revision
668,MYS,ECCS,1964,2026-04-01,synthetic revision
669,MLI,ECCS,1964,2026-04-01,synthetic revision
670,MLT,ECCS,1964,2026-04-01,synthetic revision
671,MTQ,ECCS,1964,2026-04-01,synthetic revision
672,MRT,ECCS,1964,2026-04-01,synthetic revision
673,MUS,ECCS,1964,2026-04-01,synthetic revision
674,MYT,ECCS,1964,2026-04-01,synthetic revision
675,MEX,ECCS,1964,2026-04-01,synthetic revision
676,MCO,ECCS,1964,2026-04-01,synthetic revision
677,MNG,ECCS,1964,2026-04-01,synthetic revision
678,MSR,ECCS,1964,2026-04-01,synthetic revision
679,MAR,ECCS,1964,2026-04-01,synthetic revision
680,MOZ,ECCS,1964,2026-04-01,synthetic revision
681,MMR,ECCS,1964,2026-04-01,synthetic revision
682,NPL,ECCS,1964,2026-04-01,synthetic revision
683,NLD,ECCS,1964,2026-04-01,synthetic revision
684,NCL,ECCS,1964,2026-04-01,synthetic revision
685,NZL,ECCS,1964,2026-04-01,synthetic revision
686,NIC,ECCS,1964,2026-04-01,synthetic revision
687,NER,ECCS,1964,2026-04-01,synthetic revision
688,NGA,ECCS,1964,2026-04-01,synthetic revision
689,NIU,ECCS,1964,2026-04-01,synthetic revision
690,NFK,ECCS,1964,2026-04-01,synthetic revision
691,NOR,ECCS,1964,2026-04-01,synthetic revision
692,OMN,ECCS,1964,2026-04-01,synthetic revision
693,PAK,ECCS,1964,2026-04-01,synthetic revision
694,PNG,ECCS,1964,2026-04-01,synthetic revision
695,PRY,ECCS,1964,2026-04-01,synthetic revision
696,PER,ECCS,1964,2026-04-01,synthetic revision
697,PHL,ECCS,1964,2026-04-01,synthetic revision
698,PCN,ECCS,1964,2026-04-01,synthetic revision
699,POL,ECCS,1964,2026-04-01,synthetic revision
700,PRT,ECCS,1964,2026-04-01,synthetic revision
701,PRI,ECCS,1964,2026-04-01,synthetic revision
702,QAT,ECCS,1964,2026-04-01,synthetic revision
703,ROU,ECCS,1964,2026-04-01,synthetic revision
704,RWA,ECCS,1964,2026-04-01,synthetic revision
705,SPM,ECCS,1964,2026-04-01,synthetic revision
706,WSM,ECCS,1964,2026-04-01,synthetic revision
707,SMR,ECCS,1964,2026-04-01,synthetic revision
708,STP,ECCS,1964,2026-04-01,synthetic revision
709,SAU,ECCS,1964,2026-04-01,synthetic revision
710,SEN,ECCS,1964,2026-04-01,synthetic revision
711,SYC,ECCS,1964,2026-04-01,synthetic revision
712,SLE,ECCS,1964,2026-04-01,synthetic revision
713,SLB,ECCS,1964,2026-04-01,synthetic revision
714,SOM,ECCS,1964,2026-04-01,synthetic revision
715,ZAF,ECCS,1964,2026-04-01,synthetic revision
716,ESP,ECCS,1964,2026-04-01,synthetic revision
717,LKA,ECCS,1964,2026-04-01,synthetic revision
718,KNA,ECCS,1964,2026-04-01,synthetic revision
719,LCA,ECCS,1964,2026-04-01,synthetic revision
720,VCT,ECCS,1964,2026-04-01,synthetic revision
721,SUR,ECCS,1964,2026-04-01,synthetic revision
722,SJM,ECCS,1964,2026-04-01,synthetic revision
723,SWE,ECCS,1964,2026-04-01,synthetic revision
724,CHE,ECCS,1964,2026-04-01,synthetic revision
725,SYR,ECCS,1964,2026-04-01,synthetic revision
726,TWN,ECCS,1964,2026-04-01,synthetic revision
727,TZA,ECCS,1964,2026-04-01,synthetic revision
728,THA,ECCS,1964,2026-04-01,synthetic revision
729,TLS,ECCS,1964,2026-04-01,synthetic revision
730,TGO,ECCS,1964,2026-04-01,synthetic revision
731,TKL,ECCS,1964,2026-04-01,synthetic revision
732,TON,ECCS,1964,2026-04-01,synthetic revision
733,TTO,ECCS,1964,2026-04-01,synthetic revision
734,TUN,ECCS,1964,2026-04-01,synthetic revision
735,TCA,ECCS,1964,2026-04-01,synthetic revision
736,TUV,ECCS,1964,2026-04-01,synthetic revision
737,UGA,ECCS,1964,2026-04-01,synthetic revision
738,ARE,ECCS,1964,2026-04-01,synthetic revision
739,GBR,ECCS,1964,2026-04-01,synthetic revision
740,USA,ECCS,1964,2026-04-01,synthetic revision
741,VIR,ECCS,1964,2026-04-01,synthetic revision
742,URY,ECCS,1964,2026-04-01,synthetic revision
743,VUT,ECCS,1964,2026-04-01,synthetic revision
744,VEN,ECCS,1964,2026-04-01,synthetic revision
745,VNM,ECCS,1964,2026-04-01,synthetic revision
746,WLF,ECCS,1964,2026-04-01,synthetic revision
747,PSE,ECCS,1964,2026-04-01,synthetic revision
748,ESH,ECCS,1964,2026-04-01,synthetic revision
749,YEM,ECCS,1964,2026-04-01,synthetic revision
750,ZMB,ECCS,1964,2026-04-01,synthetic revision
751,ZWE,ECCS,1964,2026-04-01,synthetic revision
752,AFG,ECCS,1965,2026-04-01,synthetic revision
753,ALB,ECCS,1965,2026-04-01,synthetic revision
754,DZA,ECCS,1965,2026-04-01,synthetic revision
755,ASM,ECCS,1965,2026-04-01,synthetic revision
756,AND,ECCS,1965,2026-04-01,synthetic revision
757,AGO,ECCS,1965,2026-04-01,synthetic revision
758,AIA,ECCS,1965,2026-04-01,synthetic revision
759,ATG,ECCS,1965,2026-04-01,synthetic revision
760,ARG,ECCS,1965,2026-04-01,synthetic revision
761,ABW,ECCS,1965,2026-04-01,synthetic revision
762,AUS,ECCS,1965,2026-04-01,synthetic revision
763,AUT,ECCS,1965,2026-04-01,synthetic revision
764,BHS,ECCS,1965,2026-04-01,synthetic revision
765,BHR,ECCS,1965,2026-04-01,synthetic revision
766,BGD,ECCS,1965,2026-04-01,synthetic revision
767,BRB,ECCS,1965,2026-04-01,synthetic revision
768,BLZ,ECCS,1965,2026-04-01,synthetic revision
769,BEN,ECCS,1965,2026-04-01,synthetic revision
770,BTN,ECCS,1965,2026-04-01,synthetic revision
771,BOL,ECCS,1965,2026-04-01,synthetic revision
772,BWA,ECCS,1965,2026-04-01,synthetic revision
773,BRA,ECCS,1965,2026-04-01,synthetic revision
774,VGB,ECCS,1965,2026-04-01,synthetic revision
775,BRN,ECCS,1965,2026-04-01,synthetic revision
776,BGR,ECCS,1965,2026-04-01,synthetic revision
777,BFA,ECCS,1965,2026-04-01,synthetic revision
778,BDI,ECCS,1965,2026-04-01,synthetic revision
779,CPV,ECCS,1965,2026-04-01,synthetic revision
780,KHM,ECCS,1965,2026-04-01,synthetic revision
781,CMR,ECCS,1965,2026-04-01,synthetic revision
782,CAN,ECCS,1965,2026-04-01,synthetic revision
783,CAF,ECCS,1965,2026-04-01,synthetic revision
784,TCD,ECCS,1965,2026-04-01,synthetic revision
785,CHL,ECCS,1965,2026-04-01,synthetic revision
786,HKG,ECCS,1965,2026-04-01,synthetic revision
787,MAC,ECCS,1965,2026-04-01,synthetic revision
788,CHN,ECCS,1965,2026-04-01,synthetic revision
789,COL,ECCS,1965,2026-04-01,synthetic revision
790,COM,ECCS,1965,2026-04-01,synthetic revision
791,COD,ECCS,1965,2026-04-01,synthetic revision
792,COG,ECCS,1965,2026-04-01,synthetic revision
793,COK,ECCS,1965,2026-04-01,synthetic revision
794,CRI,ECCS,1965,2026-04-01,synthetic revision
795,CUB,ECCS,1965,2026-04-01,synthetic revision
796,CYP,ECCS,1965,2026-04-01,synthetic revision
797,DNK,ECCS,1965,2026-04-01,synthetic revision
798,DJI,ECCS,1965,2026-04-01,synthetic revision
799,DMA,ECCS,1965,2026-04-01,synthetic revision
800,DOM,ECCS,1965,2026-04-01,synthetic revision
801,ECU,ECCS,1965,2026-04-01,synthetic revision
802,EGY,ECCS,1965,2026-04-01,synthetic revision
803,SLV,ECCS,1965,2026-04-01,synthetic revision
804,GNQ,ECCS,1965,2026-04-01,synthetic revision
805,SWZ,ECCS,1965,2026-04-01,synthetic revision
806,FLK,ECCS,1965,2026-04-01,synthetic revision
807,FRO,ECCS,1965,2026-04-01,synthetic revision
808,FJI,ECCS,1965,2026-04-01,synthetic revision
809,FIN,ECCS,1965,2026-04-01,synthetic revision
810,FRA,ECCS,1965,2026-04-01,synthetic revision
811,PYF,ECCS,1965,2026-04-01,synthetic revision
812,GAB,ECCS,1965,2026-04-01,synthetic revision
813,GMB,ECCS,1965,2026-04-01,synthetic revision
814,DEU,ECCS,1965,2026-04-01,synthetic revision
815,GHA,ECCS,1965,2026-04-01,synthetic revision
816,GIB,ECCS,1965,2026-04-01,synthetic revision
817,GRC,ECCS,1965,2026-04-01,synthetic revision
818,GRL,ECCS,1965,2026-04-01,synthetic revision
819,GRD,ECCS,1965,2026-04-01,synthetic revision
820,GLP,ECCS,1965,2026-04-01,synthetic revision
821,GTM,ECCS,1965,2026-04-01,synthetic revision
822,GUF,ECCS,1965,2026-04-01,synthetic revision
823,GIN,ECCS,1965,2026-04-01,synthetic revision
824,GNB,ECCS,1965,2026-04-01,synthetic revision
825,GUY,ECCS,1965,2026-04-01,synthetic revision
826,HTI,ECCS,1965,2026-04-01,synthetic revision
827,VAT,ECCS,1965,2026-04-01,synthetic revision
828,HND,ECCS,1965,2026-04-01,synthetic revision
829,HUN,ECCS,1965,2026-04-01,synthetic revision
830,ISL,ECCS,1965,2026-04-01,synthetic revision
831,IND,ECCS,1965,2026-04-01,synthetic revision
832,IDN,ECCS,1965,2026-04-01,synthetic revision
833,IRN,ECCS,1965,2026-04-01,synthetic revision
834,IRQ,ECCS,1965,2026-04-01,synthetic revision
835,IRL,ECCS,1965,2026-04-01,synthetic revision
836,IMN,ECCS,1965,2026-04-01,synthetic revision
837,ISR,ECCS,1965,2026-04-01,synthetic revision
838,ITA,ECCS,1965,2026-04-01,synthetic revision
839,JAM,ECCS,1965,2026-04-01,synthetic revision
840,JPN,ECCS,1965,2026-04-01,synthetic revision
841,JOR,ECCS,1965,2026-04-01,synthetic revision
842,KEN,ECCS,1965,2026-04-01,synthetic revision
843,KIR,ECCS,1965,2026-04-01,synthetic revision
844,PRK,ECCS,1965,2026-04-01,synthetic revision
845,KOR,ECCS,1965,2026-04-01,synthetic revision
846,KWT,ECCS,1965,2026-04-01,synthetic revision
847,LAO,ECCS,1965,2026-04-01,synthetic revision
848,LBN,ECCS,1965,2026-04-01,synthetic revision
849,LSO,ECCS,1965,2026-04-01,synthetic revision
850,LBR,ECCS,1965,2026-04-01,synthetic revision
851,LBY,ECCS,1965,2026-04-01,synthetic revision
852,LIE,ECCS,1965,2026-04-01,synthetic revision
853,MDG,ECCS,1965,2026-04-01,synthetic revision
854,MWI,ECCS,1965,2026-04-01,synthetic revision
855,MYS,ECCS,1965,2026-04-01,synthetic revision
856,MLI,ECCS,1965,2026-04-01,synthetic revision
857,MLT,ECCS,1965,2026-04-01,synthetic revision
858,MTQ,ECCS,1965,2026-04-01,synthetic revision
859,MRT,ECCS,1965,2026-04-01,synthetic revision
860,MUS,ECCS,1965,2026-04-01,synthetic revision
861,MYT,ECCS,1965,2026-04-01,synthetic revision
862,MEX,ECCS,1965,2026-04-01,synthetic revision
863,MCO,ECCS,1965,2026-04-01,synthetic revision
864,MNG,ECCS,1965,2026-04-01,synthetic revision
865,MSR,ECCS,1965,2026-04-01,synthetic revision
866,MAR,ECCS,1965,2026-04-01,synthetic revision
867,MOZ,ECCS,1965,2026-04-01,synthetic revision
868,MMR,ECCS,1965,2026-04-01,synthetic revision
869,NPL,ECCS,1965,2026-04-01,synthetic revision
870,NLD,ECCS,1965,2026-04-01,synthetic revision
871,NCL,ECCS,1965,2026-04-01,synthetic revision
872,NZL,ECCS,1965,2026-04-01,synthetic revision
873,NIC,ECCS,1965,2026-04-01,synthetic revision
874,NER,ECCS,1965,2026-04-01,synthetic revision
875,NGA,ECCS,1965,2026-04-01,synthetic revision
876,NIU,ECCS,1965,2026-04-01,synthetic revision
877,NFK,ECCS,1965,2026-04-01,synthetic revision
878,NOR,ECCS,1965,2026-04-01,synthetic revision
879,OMN,ECCS,1965,2026-04-01,synthetic revision
880,PAK,ECCS,1965,2026-04-01,synthetic revision
881,PAN,ECCS,1965,2026-04-01,synthetic revision
882,PNG,ECCS,1965,2026-04-01,synthetic revision
883,PRY,ECCS,1965,2026-04-01,synthetic revision
884,PER,ECCS,1965,2026-04-01,synthetic revision
885,PHL,ECCS,1965,2026-04-01,synthetic revision
886,PCN,ECCS,1965,2026-04-01,synthetic revision
887,POL,ECCS,1965,2026-04-01,synthetic revision
888,PRT,ECCS,1965,2026-04-01,synthetic revision
889,PRI,ECCS,1965,2026-04-01,synthetic revision
890,QAT,ECCS,1965,2026-04-01,synthetic revision
891,ROU,ECCS,1965,2026-04-01,synthetic revision
892,RWA,ECCS,1965,2026-04-01,synthetic revision
893,SPM,ECCS,1965,2026-04-01,synthetic revision
894,WSM,ECCS,1965,2026-04-01,synthetic revision
895,SMR,ECCS,1965,2026-04-01,synthetic revision
896,STP,ECCS,1965,2026-04-01,synthetic revision
897,SAU,ECCS,1965,2026-04-01,synthetic revision
898,SEN,ECCS,1965,2026-04-01,synthetic revision
899,SYC,ECCS,1965,2026-04-01,synthetic revision
900,SLE,ECCS,1965,2026-04-01,synthetic revision
901,SLB,ECCS,1965,2026-04-01,synthetic revision
902,SOM,ECCS,1965,2026-04-01,synthetic revision
903,ZAF,ECCS,1965,2026-04-01,synthetic revision
904,ESP,ECCS,1965,2026-04-01,synthetic revision
905,LKA,ECCS,1965,2026-04-01,synthetic revision
906,KNA,ECCS,1965,2026-04-01,synthetic revision
907,LCA,ECCS,1965,2026-04-01,synthetic revision
908,VCT,ECCS,1965,2026-04-01,synthetic revision
909,SUR,ECCS,1965,2026-04-01,synthetic revision
910,SJM,ECCS,1965,2026-04-01,synthetic revision
911,SWE,ECCS,1965,2026-04-01,synthetic revision
912,CHE,ECCS,1965,2026-04-01,synthetic revision
913,SYR,ECCS,1965,2026-04-01,synthetic revision
914,TWN,ECCS,1965,2026-04-01,synthetic revision
915,TZA,ECCS,1965,2026-04-01,synthetic revision
916,THA,ECCS,1965,2026-04-01,synthetic revision
917,TGO,ECCS,1965,2026-04-01,synthetic revision
918,TKL,ECCS,1965,2026-04-01,synthetic revision
919,TON,ECCS,1965,2026-04-01,synthetic revision
920,TTO,ECCS,1965,2026-04-01,synthetic revision
921,TUN,ECCS,1965,2026-04-01,synthetic revision
922,TCA,ECCS,1965,2026-04-01,synthetic revision
923,TUV,ECCS,1965,2026-04-01,synthetic revision
924,UGA,ECCS,1965,2026-04-01,synthetic revision
925,ARE,ECCS,1965,2026-04-01,synthetic revision
926,GBR,ECCS,1965,2026-04-01,synthetic revision
927,USA,ECCS,1965,2026-04-01,synthetic revision
928,VIR,ECCS,1965,2026-04-01,synthetic revision
929,URY,ECCS,1965,2026-04-01,synthetic revision
930,VUT,ECCS,1965,2026-04-01,synthetic revision
931,VEN,ECCS,1965,2026-04-01,synthetic revision
932,VNM,ECCS,1965,2026-04-01,synthetic revision
933,WLF,ECCS,1965,2026-04-01,synthetic revision
934,PSE,ECCS,1965,2026-04-01,synthetic revision
935,ESH,ECCS,1965,2026-04-01,synthetic revision
936,YEM,ECCS,1965,2026-04-01,synthetic revision
937,ZMB,ECCS,1965,2026-04-01,synthetic revision
938,ZWE,ECCS,1965,2026-04-01,synthetic revision
939,AFG,ECCS,1966,2026-04-01,synthetic revision
940,ALB,ECCS,1966,2026-04-01,synthetic revision
941,DZA,ECCS,1966,2026-04-01,synthetic revision
942,ASM,ECCS,1966,2026-04-01,synthetic revision
943,AND,ECCS,1966,2026-04-01,synthetic revision
944,AGO,ECCS,1966,2026-04-01,synthetic revision
945,AIA,ECCS,1966,2026-04-01,synthetic revision
946,ATG,ECCS,1966,2026-04-01,synthetic revision
947,ARG,ECCS,1966,2026-04-01,synthetic revision
948,ABW,ECCS,1966,2026-04-01,synthetic revision
949,AUS,ECCS,1966,2026-04-01,synthetic revision
950,AUT,ECCS,1966,2026-04-01,synthetic revision
951,BHS,ECCS,1966,2026-04-01,synthetic revision
952,BHR,ECCS,1966,2026-04-01,synthetic revision
953,BGD,ECCS,1966,2026-04-01,synthetic revision
954,BRB,ECCS,1966,2026-04-01,synthetic revision
955,BLZ,ECCS,1966,2026-04-01,synthetic revision
956,BEN,ECCS,1966,2026-04-01,synthetic revision
957,BTN,ECCS,1966,2026-04-01,synthetic revision
958,BOL,ECCS,1966,2026-04-01,synthetic revision
959,BWA,ECCS,1966,2026-04-01,synthetic revision
960,BRA,ECCS,1966,2026-04-01,synthetic revision
961,VGB,ECCS,1966,2026-04-01,synthetic revision
962,BRN,ECCS,1966,2026-04-01,synthetic revision
963,BGR,ECCS,1966,2026-04-01,synthetic revision
964,BFA,ECCS,1966,2026-04-01,synthetic revision
965,BDI,ECCS,1966,2026-04-01,synthetic revision
966,CPV,ECCS,1966,2026-04-01,synthetic revision
967,KHM,ECCS,1966,2026-04-01,synthetic revision
968,CMR,ECCS,1966,2026-04-01,synthetic revision
969,CAN,ECCS,1966,2026-04-01,synthetic revision
970,CYM,ECCS,1966,2026-04-01,synthetic revision
971,CAF,ECCS,1966,2026-04-01,synthetic revision
972,TCD,ECCS,1966,2026-04-01,synthetic revision
973,CHL,ECCS,1966,2026-04-01,synthetic revision
974,HKG,ECCS,1966,2026-04-01,synthetic revision
975,MAC,ECCS,1966,2026-04-01,synthetic revision
976,CHN,ECCS,1966,2026-04-01,synthetic revision
977,COL,ECCS,1966,2026-04-01,synthetic revision
978,COM,ECCS,1966,2026-04-01,synthetic revision
979,COD,ECCS,1966,2026-04-01,synthetic revision
980,COG,ECCS,1966,2026-04-01,synthetic revision
981,COK,ECCS,1966,2026-04-01,synthetic revision
982,CRI,ECCS,1966,2026-04-01,synthetic revision
983,CUB,ECCS,1966,2026-04-01,synthetic revision
984,CYP,ECCS,1966,2026-04-01,synthetic revision
985,DNK,ECCS,1966,2026-04-01,synthetic revision
986,DJI,ECCS,1966,2026-04-01,synthetic revision
987,DMA,ECCS,1966,2026-04-01,synthetic revision
988,DOM,ECCS,1966,2026-04-01,synthetic revision
989,ECU,ECCS,1966,2026-04-01,synthetic revision
990,EGY,ECCS,1966,2026-04-01,synthetic revision
991,SLV,ECCS,1966,2026-04-01,synthetic revision
992,GNQ,ECCS,1966,2026-04-01,synthetic revision
993,SWZ,ECCS,1966,2026-04-01,synthetic revision
994,FLK,ECCS,1966,2026-04-01,synthetic revision
995,FRO,ECCS,1966,2026-04-01,synthetic revision
996,FJI,ECCS,1966,2026-04-01,synthetic revision
997,FIN,ECCS,1966,2026-04-01,synthetic revision
998,FRA,ECCS,1966,2026-04-01,synthetic revision
999,PYF,ECCS,1966,2026-04-01,synthetic revision
1000,GAB,ECCS,1966,2026-04-01,synthetic revision
1001,GMB,ECCS,1966,2026-04-01,synthetic revision
1002,DEU,ECCS,1966,2026-04-01,synthetic revision
1003,GHA,ECCS,1966,2026-04-01,synthetic revision
1004,GIB,ECCS,1966,2026-04-01,synthetic revision
1005,GRC,ECCS,1966,2026-04-01,synthetic revision
1006,GRL,ECCS,1966,2026-04-01,synthetic revision
1007,GRD,ECCS,1966,2026-04-01,synthetic revision
1008,GLP,ECCS,1966,2026-04-01,synthetic revision
1009,GTM,ECCS,1966,2026-04-01,synthetic revision
1010,GUF,ECCS,1966,2026-04-01,synthetic revision
1011,GIN,ECCS,1966,2026-04-01,synthetic revision
1012,GNB,ECCS,1966,2026-04-01,synthetic revision
1013,GUY,ECCS,1966,2026-04-01,synthetic revision
1014,HTI,ECCS,1966,2026-04-01,synthetic revision
1015,VAT,ECCS,1966,2026-04-01,synthetic revision
1016,HND,ECCS,1966,2026-04-01,synthetic revision
1017,HUN,ECCS,1966,2026-04-01,synthetic revision
1018,ISL,ECCS,1966,2026-04-01,synthetic revision
1019,IND,ECCS,1966,2026-04-01,synthetic revision
1020,IDN,ECCS,1966,2026-04-01,synthetic revision
1021,IRN,ECCS,1966,2026-04-01,synthetic revision
1022,IRQ,ECCS,1966,2026-04-01,synthetic revision
1023,IRL,ECCS,1966,2026-04-01,synthetic revision
1024,IMN,ECCS,1966,2026-04-01,synthetic revision
1025,ISR,ECCS,1966,2026-04-01,synthetic revision
1026,ITA,ECCS,1966,2026-04-01,synthetic revision
1027,JAM,ECCS,1966,2026-04-01,synthetic revision
1028,JPN,ECCS,1966,2026-04-01,synthetic revision
1029,JOR,ECCS,1966,2026-04-01,synthetic revision
1030,KEN,ECCS,1966,2026-04-01,synthetic revision
1031,KIR,ECCS,1966,2026-04-01,synthetic revision
1032,PRK,ECCS,1966,2026-04-01,synthetic revision
1033,KOR,ECCS,1966,2026-04-01,synthetic revision
1034,KWT,ECCS,1966,2026-04-01,synthetic revision
1035,LAO,ECCS,1966,2026-04-01,synthetic revision
1036,LBN,ECCS,1966,2026-04-01,synthetic revision
1037,LSO,ECCS,1966,2026-04-01,synthetic revision
1038,LBR,ECCS,1966,2026-04-01,synthetic revision
1039,LBY,ECCS,1966,2026-04-01,synthetic revision
1040,LIE,ECCS,1966,2026-04-01,synthetic revision
1041,MDG,ECCS,1966,2026-04-01,synthetic revision
1042,MWI,ECCS,1966,2026-04-01,synthetic revision
1043,MYS,ECCS,1966,2026-04-01,synthetic revision
1044,MDV,ECCS,1966,2026-04-01,synthetic revision
1045,MLI,ECCS,1966,2026-04-01,synthetic revision
1046,MLT,ECCS,1966,2026-04-01,synthetic revision
1047,MTQ,ECCS,1966,2026-04-01,synthetic revision
1048,MRT,ECCS,1966,2026-04-01,synthetic revision
1049,MUS,ECCS,1966,2026-04-01,synthetic revision
1050,MYT,ECCS,1966,2026-04-01,synthetic revision
1051,MEX,ECCS,1966,2026-04-01,synthetic revision
1052,MCO,ECCS,1966,2026-04-01,synthetic revision
1053,MNG,ECCS,1966,2026-04-01,synthetic revision
1054,MSR,ECCS,1966,2026-04-01,synthetic revision
1055,MAR,ECCS,1966,2026-04-01,synthetic revision
1056,MOZ,ECCS,1966,2026-04-01,synthetic revision
1057,MMR,ECCS,1966,2026-04-01,synthetic revision
1058,NRU,ECCS,1966,2026-04-01,synthetic revision
1059,NPL,ECCS,1966,2026-04-01,synthetic revision
1060,NLD,ECCS,1966,2026-04-01,synthetic revision
1061,NCL,ECCS,1966,2026-04-01,synthetic revision
1062,NZL,ECCS,1966,2026-04-01,synthetic revision
1063,NIC,ECCS,1966,2026-04-01,synthetic revision
1064,NER,ECCS,1966,2026-04-01,synthetic revision
1065,NGA,ECCS,1966,2026-04-01,synthetic revision
1066,NIU,ECCS,1966,2026-04-01,synthetic revision
1067,NFK,ECCS,1966,2026-04-01,synthetic revision
1068,NOR,ECCS,1966,2026-04-01,synthetic revision
1069,OMN,ECCS,1966,2026-04-01,synthetic revision
1070,PAK,ECCS,1966,2026-04-01,synthetic revision
1071,PAN,ECCS,1966,2026-04-01,synthetic revision
1072,PNG,ECCS,1966,2026-04-01,synthetic revision
1073,PRY,ECCS,1966,2026-04-01,synthetic revision
1074,PER,ECCS,1966,2026-04-01,synthetic revision
1075,PHL,ECCS,1966,2026-04-01,synthetic revision
1076,PCN,ECCS,1966,2026-04-01,synthetic revision
1077,POL,ECCS,1966,2026-04-01,synthetic revision
1078,PRT,ECCS,1966,2026-04-01,synthetic revision
1079,PRI,ECCS,1966,2026-04-01,synthetic revision
1080,QAT,ECCS,1966,2026-04-01,synthetic revision
1081,ROU,ECCS,1966,2026-04-01,synthetic revision
1082,RWA,ECCS,1966,2026-04-01,synthetic revision
1083,SPM,ECCS,1966,2026-04-01,synthetic revision
1084,WSM,ECCS,1966,2026-04-01,synthetic revision
1085,SMR,ECCS,1966,2026-04-01,synthetic revision
1086,STP,ECCS,1966,2026-04-01,synthetic revision
1087,SAU,ECCS,1966,2026-04-01,synthetic revision
1088,SEN,ECCS,1966,2026-04-01,synthetic revision
1089,SYC,ECCS,1966,2026-04-01,synthetic revision
1090,SLE,ECCS,1966,2026-04-01,synthetic revision
1091,SLB,ECCS,1966,2026-04-01,synthetic revision
1092,SOM,ECCS,1966,2026-04-01,synthetic revision
1093,ZAF,ECCS,1966,2026-04-01,synthetic revision
1094,ESP,ECCS,1966,2026-04-01,synthetic revision
1095,LKA,ECCS,1966,2026-04-01,synthetic revision
1096,KNA,ECCS,1966,2026-04-01,synthetic revision
1097,LCA,ECCS,1966,2026-04-01,synthetic revision
1098,VCT,ECCS,1966,2026-04-01,synthetic revision
1099,SUR,ECCS,1966,2026-04-01,synthetic revision
1100,SJM,ECCS,1966,2026-04-01,synthetic revision
1101,SWE,ECCS,1966,2026-04-01,synthetic revision
1102,CHE,ECCS,1966,2026-04-01,synthetic revision
1103,SYR,ECCS,1966,2026-04-01,synthetic revision
1104,TWN,ECCS,1966,2026-04-01,synthetic revision
1105,TZA,ECCS,1966,2026-04-01,synthetic revision
1106,THA,ECCS,1966,2026-04-01,synthetic revision
1107,TLS,ECCS,1966,2026-04-01,synthetic revision
1108,TGO,ECCS,1966,2026-04-01,synthetic revision
1109,TKL,ECCS,1966,2026-04-01,synthetic revision
1110,TON,ECCS,1966,2026-04-01,synthetic revision
1111,TTO,ECCS,1966,2026-04-01,synthetic revision
1112,TUN,ECCS,1966,2026-04-01,synthetic revision
1113,TCA,ECCS,1966,2026-04-01,synthetic revision
1114,TUV,ECCS,1966,2026-04-01,synthetic revision
1115,UGA,ECCS,1966,2026-04-01,synthetic revision
1116,ARE,ECCS,1966,2026-04-01,synthetic revision
1117,GBR,ECCS,1966,2026-04-01,synthetic revision
1118,USA,ECCS,1966,2026-04-01,synthetic revision
1119,VIR,ECCS,1966,2026-04-01,synthetic revision
1120,URY,ECCS,1966,2026-04-01,synthetic revision
1121,VUT,ECCS,1966,2026-04-01,synthetic revision
1122,VEN,ECCS,1966,2026-04-01,synthetic revision
1123,VNM,ECCS,1966,2026-04-01,synthetic revision
1124,WLF,ECCS,1966,2026-04-01,synthetic revision
1125,PSE,ECCS,1966,2026-04-01,synthetic revision
1126,ESH,ECCS,1966,2026-04-01,synthetic revision
1127,YEM,ECCS,1966,2026-04-01,synthetic revision
1128,ZMB,ECCS,1966,2026-04-01,synthetic revision
1129,ZWE,ECCS,1966,2026-04-01,synthetic revision
1130,AFG,ECCS,1967,2026-04-01,synthetic revision
1131,ALB,ECCS,1967,2026-04-01,synthetic revision
1132,DZA,ECCS,1967,2026-04-01,synthetic revision
1133,ASM,ECCS,1967,2026-04-01,synthetic revision
1134,AND,ECCS,1967,2026-04-01,synthetic revision
1135,AGO,ECCS,1967,2026-04-01,synthetic revision
1136,AIA,ECCS,1967,2026-04-01,synthetic revision
1137,ATG,ECCS,1967,2026-04-01,synthetic revision
1138,ARG,ECCS,1967,2026-04-01,synthetic revision
1139,ABW,ECCS,1967,2026-04-01,synthetic revision
1140,AUS,ECCS,1967,2026-04-01,synthetic revision
1141,AUT,ECCS,1967,2026-04-01,synthetic revision
1142,BHS,ECCS,1967,2026-04-01,synthetic revision
1143,BHR,ECCS,1967,2026-04-01,synthetic revision
1144,BGD,ECCS,1967,2026-04-01,synthetic revision
1145,BRB,ECCS,1967,2026-04-01,synthetic revision
1146,BLZ,ECCS,1967,2026-04-01,synthetic revision
1147,BEN,ECCS,1967,2026-04-01,synthetic revision
1148,BTN,ECCS,1967,2026-04-01,synthetic revision
1149,BOL,ECCS,1967,2026-04-01,synthetic revision
1150,BWA,ECCS,1967,2026-04-01,synthetic revision
1151,BRA,ECCS,1967,2026-04-01,synthetic revision
1152,VGB,ECCS,1967,2026-04-01,synthetic revision
1153,BRN,ECCS,1967,2026-04-01,synthetic revision
1154,BGR,ECCS,1967,2026-04-01,synthetic revision
1155,BFA,ECCS,1967,2026-04-01,synthetic revision
1156,BDI,ECCS,1967,2026-04-01,synthetic revision
1157,CPV,ECCS,1967,2026-04-01,synthetic revision
1158,KHM,ECCS,1967,2026-04-01,synthetic revision
1159,CMR,ECCS,1967,2026-04-01,synthetic revision
1160,CAN,ECCS,1967,2026-04-01,synthetic revision
1161,CYM,ECCS,1967,2026-04-01,synthetic revision
1162,CAF,ECCS,1967,2026-04-01,synthetic revision
1163,TCD,ECCS,1967,2026-04-01,synthetic revision
1164,CHL,ECCS,1967,2026-04-01,synthetic revision
1165,HKG,ECCS,1967,2026-04-01,synthetic revision
1166,MAC,ECCS,1967,2026-04-01,synthetic revision
1167,CHN,ECCS,1967,2026-04-01,synthetic revision
1168,COL,ECCS,1967,2026-04-01,synthetic revision
1169,COM,ECCS,1967,2026-04-01,synthetic revision
1170,COD,ECCS,1967,2026-04-01,synthetic revision
1171,COG,ECCS,1967,2026-04-01,synthetic revision
1172,COK,ECCS,1967,2026-04-01,synthetic revision
1173,CUB,ECCS,1967,2026-04-01,synthetic revision
1174,CYP,ECCS,1967,2026-04-01,synthetic revision
1175,DNK,ECCS,1967,2026-04-01,synthetic revision
1176,DJI,ECCS,1967,2026-04-01,synthetic revision
1177,DMA,ECCS,1967,2026-04-01,synthetic revision
1178,DOM,ECCS,1967,2026-04-01,synthetic revision
1179,ECU,ECCS,1967,2026-04-01,synthetic revision
1180,EGY,ECCS,1967,2026-04-01,synthetic revision
1181,SLV,ECCS,1967,2026-04-01,synthetic revision
1182,GNQ,ECCS,1967,2026-04-01,synthetic revision
1183,SWZ,ECCS,1967,2026-04-01,synthetic revision
1184,FLK,ECCS,1967,2026-04-01,synthetic revision
1185,FRO,ECCS,1967,2026-04-01,synthetic revision
1186,FJI,ECCS,1967,2026-04-01,synthetic revision
1187,FIN,ECCS,1967,2026-04-01,synthetic revision
1188,FRA,ECCS,1967,2026-04-01,synthetic revision
1189,PYF,ECCS,1967,2026-04-01,synthetic revision
1190,GAB,ECCS,1967,2026-04-01,synthetic revision
1191,GMB,ECCS,1967,2026-04-01,synthetic revision
1192,DEU,ECCS,1967,2026-04-01,synthetic revision
1193,GHA,ECCS,1967,2026-04-01,synthetic revision
1194,GIB,ECCS,1967,2026-04-01,synthetic revision
1195,GRC,ECCS,1967,2026-04-01,synthetic revision
1196,GRL,ECCS,1967,2026-04-01,synthetic revision
1197,GRD,ECCS,1967,2026-04-01,synthetic revision
1198,GLP,ECCS,1967,2026-04-01,synthetic revision
1199,GTM,ECCS,1967,2026-04-01,synthetic revision
1200,GUF,ECCS,1967,2026-04-01,synthetic revision
1201,GIN,ECCS,1967,2026-04-01,synthetic revision
1202,GNB,ECCS,1967,2026-04-01,synthetic revision
1203,GUY,ECCS,1967,2026-04-01,synthetic revision
1204,HTI,ECCS,1967,2026-04-01,synthetic revision
1205,VAT,ECCS,1967,2026-04-01,synthetic revision
1206,HND,ECCS,1967,2026-04-01,synthetic revision
1207,HUN,ECCS,1967,2026-04-01,synthetic revision
1208,ISL,ECCS,1967,2026-04-01,synthetic revision
1209,IND,ECCS,1967,2026-04-01,synthetic revision
1210,IDN,ECCS,1967,2026-04-01,synthetic revision
1211,IRN,ECCS,1967,2026-04-01,synthetic revision
1212,IRQ,ECCS,1967,2026-04-01,synthetic revision
1213,IRL,ECCS,1967,2026-04-01,synthetic revision
1214,IMN,ECCS,1967,2026-04-01,synthetic revision
1215,ISR,ECCS,1967,2026-04-01,synthetic revision
1216,ITA,ECCS,1967,2026-04-01,synthetic revision
1217,JAM,ECCS,1967,2026-04-01,synthetic revision
1218,JPN,ECCS,1967,2026-04-01,synthetic revision
1219,JOR,ECCS,1967,2026-04-01,synthetic revision
1220,KEN,ECCS,1967,2026-04-01,synthetic revision
1221,KIR,ECCS,1967,2026-04-01,synthetic revision
1222,PRK,ECCS,1967,2026-04-01,synthetic revision
1223,KOR,ECCS,1967,2026-04-01,synthetic revision
1224,KWT,ECCS,1967,2026-04-01,synthetic revision
1225,LAO,ECCS,1967,2026-04-01,synthetic revision
1226,LBN,ECCS,1967,2026-04-01,synthetic revision
1227,LSO,ECCS,1967,2026-04-01,synthetic revision
1228,LBR,ECCS,1967,2026-04-01,synthetic revision
1229,LBY,ECCS,1967,2026-04-01,synthetic revision
1230,LIE,ECCS,1967,2026-04-01,synthetic revision
1231,MDG,ECCS,1967,2026-04-01,synthetic revision
1232,MWI,ECCS,1967,2026-04-01,synthetic revision
1233,MYS,ECCS,1967,2026-04-01,synthetic revision
1234,MDV,ECCS,1967,2026-04-01,synthetic revision
1235,MLI,ECCS,1967,2026-04-01,synthetic revision
1236,MLT,ECCS,1967,2026-04-01,synthetic revision
1237,MTQ,ECCS,1967,2026-04-01,synthetic revision
1238,MRT,ECCS,1967,2026-04-01,synthetic revision
1239,MUS,ECCS,1967,2026-04-01,synthetic revision
1240,MYT,ECCS,1967,2026-04-01,synthetic revision
1241,MEX,ECCS,1967,2026-04-01,synthetic revision
1242,MCO,ECCS,1967,2026-04-01,synthetic revision
1243,MNG,ECCS,1967,2026-04-01,synthetic revision
1244,MSR,ECCS,1967,2026-04-01,synthetic revision
1245,MAR,ECCS,1967,2026-04-01,synthetic revision
1246,MOZ,ECCS,1967,2026-04-01,synthetic revision
1247,MMR,ECCS,1967,2026-04-01,synthetic revision
1248,NPL,ECCS,1967,2026-04-01,synthetic revision
1249,NLD,ECCS,1967,2026-04-01,synthetic revision
1250,NCL,ECCS,1967,2026-04-01,synthetic revision
1251,NZL,ECCS,1967,2026-04-01,synthetic revision
1252,NIC,ECCS,1967,2026-04-01,synthetic revision
1253,NER,ECCS,1967,2026-04-01,synthetic revision
1254,NGA,ECCS,1967,2026-04-01,synthetic revision
1255,NIU,ECCS,1967,2026-04-01,synthetic revision
1256,NFK,ECCS,1967,2026-04-01,synthetic revision
1257,NOR,ECCS,1967,2026-04-01,synthetic revision
1258,OMN,ECCS,1967,2026-04-01,synthetic revision
1259,PAK,ECCS,1967,2026-04-01,synthetic revision
1260,PAN,ECCS,1967,2026-04-01,synthetic revision
1261,PNG,ECCS,1967,2026-04-01,synthetic revision
1262,PRY,ECCS,1967,2026-04-01,synthetic revision
1263,PER,ECCS,1967,2026-04-01,synthetic revision
1264,PHL,ECCS,1967,2026-04-01,synthetic revision
1265,PCN,ECCS,1967,2026-04-01,synthetic revision
1266,POL,ECCS,1967,2026-04-01,synthetic revision
1267,PRT,ECCS,1967,2026-04-01,synthetic revision
1268,PRI,ECCS,1967,2026-04-01,synthetic revision
1269,QAT,ECCS,1967,2026-04-01,synthetic revision
1270,ROU,ECCS,1967,2026-04-01,synthetic revision
1271,RWA,ECCS,1967,2026-04-01,synthetic revision
1272,SPM,ECCS,1967,2026-04-01,synthetic revision
1273,WSM,ECCS,1967,2026-04-01,synthetic revision
1274,SMR,ECCS,1967,2026-04-01,synthetic revision
1275,STP,ECCS,1967,2026-04-01,synthetic revision
1276,SAU,ECCS,1967,2026-04-01,synthetic revision
1277,SEN,ECCS,1967,2026-04-01,synthetic revision
1278,SYC,ECCS,1967,2026-04-01,synthetic revision
1279,SLE,ECCS,1967,2026-04-01,synthetic revision
1280,SLB,ECCS,1967,2026-04-01,synthetic revision
1281,SOM,ECCS,1967,2026-04-01,synthetic revision
1282,ZAF,ECCS,1967,2026-04-01,synthetic revision
1283,ESP,ECCS,1967,2026-04-01,synthetic revision
1284,LKA,ECCS,1967,2026-04-01,synthetic revision
1285,KNA,ECCS,1967,2026-04-01,synthetic revision
1286,LCA,ECCS,1967,2026-04-01,synthetic revision
1287,VCT,ECCS,1967,2026-04-01,synthetic revision
1288,SUR,ECCS,1967,2026-04-01,synthetic revision
1289,SJM,ECCS,1967,2026-04-01,synthetic revision
1290,SWE,ECCS,1967,2026-04-01,synthetic revision
1291,CHE,ECCS,1967,2026-04-01,synthetic revision
1292,SYR,ECCS,1967,2026-04-01,synthetic revision
1293,TWN,ECCS,1967,2026-04-01,synthetic revision
1294,TZA,ECCS,1967,2026-04-01,synthetic revision
1295,THA,ECCS,1967,2026-04-01,synthetic revision
1296,TLS,ECCS,1967,2026-04-01,synthetic revision
1297,TGO,ECCS,1967,2026-04-01,synthetic revision
1298,TKL,ECCS,1967,2026-04-01,synthetic revision
1299,TON,ECCS,1967,2026-04-01,synthetic revision
1300,TTO,ECCS,1967,2026-04-01,synthetic revision
1301,TUN,ECCS,1967,2026-04-01,synthetic revision
1302,TUV,ECCS,1967,2026-04-01,synthetic revision
1303,UGA,ECCS,1967,2026-04-01,synthetic revision
1304,ARE,ECCS,1967,2026-04-01,synthetic revision
1305,GBR,ECCS,1967,2026-04-01,synthetic revision
1306,USA,ECCS,1967,2026-04-01,synthetic revision
1307,VIR,ECCS,1967,2026-04-01,synthetic revision
1308,URY,ECCS,1967,2026-04-01,synthetic revision
1309,VUT,ECCS,1967,2026-04-01,synthetic revision
1310,VEN,ECCS,1967,2026-04-01,synthetic revision
1311,VNM,ECCS,1967,2026-04-01,synthetic revision
1312,WLF,ECCS,1967,2026-04-01,synthetic revision
1313,PSE,ECCS,1967,2026-04-01,synthetic revision
1314,ESH,ECCS,1967,2026-04-01,synthetic revision
1315,YEM,ECCS,1967,2026-04-01,synthetic revision
1316,ZMB,ECCS,1967,2026-04-01,synthetic revision
1317,ZWE,ECCS,1967,2026-04-01,synthetic revision
1318,AFG,ECCS,1968,2026-04-01,synthetic revision
1319,ALB,ECCS,1968,2026-04-01,synthetic revision
1320,DZA,ECCS,1968,2026-04-01,synthetic revision
1321,ASM,ECCS,1968,2026-04-01,synthetic revision
1322,AND,ECCS,1968,2026-04-01,synthetic revision
1323,AGO,ECCS,1968,2026-04-01,synthetic revision
1324,AIA,ECCS,1968,2026-04-01,synthetic revision
1325,ATG,ECCS,1968,2026-04-01,synthetic revision
1326,ARG,ECCS,1968,2026-04-01,synthetic revision
1327,ABW,ECCS,1968,2026-04-01,synthetic revision
1328,AUS,ECCS,1968,2026-04-01,synthetic revision
1329,AUT,ECCS,1968,2026-04-01,synthetic revision
1330,BHS,ECCS,1968,2026-04-01,synthetic revision
1331,BHR,ECCS,1968,2026-04-01,synthetic revision
1332,BGD,ECCS,1968,2026-04-01,synthetic revision
1333,BRB,ECCS,1968,2026-04-01,synthetic revision
1334,BLZ,ECCS,1968,2026-04-01,synthetic revision
1335,BEN,ECCS,1968,2026-04-01,synthetic revision
1336,BTN,ECCS,1968,2026-04-01,synthetic revision
1337,BOL,ECCS,1968,2026-04-01,synthetic revision
1338,BWA,ECCS,1968,2026-04-01,synthetic revision
1339,BRA,ECCS,1968,2026-04-01,synthetic revision
1340,VGB,ECCS,1968,2026-04-01,synthetic revision
1341,BRN,ECCS,1968,2026-04-01,synthetic revision
1342,BGR,ECCS,1968,2026-04-01,synthetic revision
1343,BFA,ECCS,1968,2026-04-01,synthetic revision
1344,BDI,ECCS,1968,2026-04-01,synthetic revision
1345,CPV,ECCS,1968,2026-04-01,synthetic revision
1346,KHM,ECCS,1968,2026-04-01,synthetic revision
1347,CMR,ECCS,1968,2026-04-01,synthetic revision
1348,CAN,ECCS,1968,2026-04-01,synthetic revision
1349,CYM,ECCS,1968,2026-04-01,synthetic revision
1350,CAF,ECCS,1968,2026-04-01,synthetic revision
1351,TCD,ECCS,1968,2026-04-01,synthetic revision
1352,CHL,ECCS,1968,2026-04-01,synthetic revision
1353,HKG,ECCS,1968,2026-04-01,synthetic revision
1354,MAC,ECCS,1968,2026-04-01,synthetic revision
1355,CHN,ECCS,1968,2026-04-01,synthetic revision
1356,COL,ECCS,1968,2026-04-01,synthetic revision
1357,COM,ECCS,1968,2026-04-01,synthetic revision
1358,COD,ECCS,1968,2026-04-01,synthetic revision
1359,COG,ECCS,1968,2026-04-01,synthetic revision
1360,COK,ECCS,1968,2026-04-01,synthetic revision
1361,CUB,ECCS,1968,2026-04-01,synthetic revision
1362,CYP,ECCS,1968,2026-04-01,synthetic revision
1363,DNK,ECCS,1968,2026-04-01,synthetic revision
1364,DJI,ECCS,1968,2026-04-01,synthetic revision
1365,DMA,ECCS,1968,2026-04-01,synthetic revision
1366,DOM,ECCS,1968,2026-04-01,synthetic revision
1367,ECU,ECCS,1968,2026-04-01,synthetic revision
1368,EGY,ECCS,1968,2026-04-01,synthetic revision
1369,SLV,ECCS,1968,2026-04-01,synthetic revision
1370,GNQ,ECCS,1968,2026-04-01,synthetic revision
1371,SWZ,ECCS,1968,2026-04-01,synthetic revision
1372,FLK,ECCS,1968,2026-04-01,synthetic revision
1373,FRO,ECCS,1968,2026-04-01,synthetic revision
1374,FJI,ECCS,1968,2026-04-01,synthetic revision
1375,FIN,ECCS,1968,2026-04-01,synthetic revision
1376,FRA,ECCS,1968,2026-04-01,synthetic revision
1377,PYF,ECCS,1968,2026-04-01,synthetic revision
1378,GAB,ECCS,1968,2026-04-01,synthetic revision
1379,GMB,ECCS,1968,2026-04-01,synthetic revision
1380,DEU,ECCS,1968,2026-04-01,synthetic revision
1381,GHA,ECCS,1968,2026-04-01,synthetic revision
1382,GIB,ECCS,1968,2026-04-01,synthetic revision
1383,GRC,ECCS,1968,2026-04-01,synthetic revision
1384,GRL,ECCS,1968,2026-04-01,synthetic revision
1385,GRD,ECCS,1968,2026-04-01,synthetic revision
1386,GLP,ECCS,1968,2026-04-01,synthetic revision
1387,GTM,ECCS,1968,2026-04-01,synthetic revision
1388,GUF,ECCS,1968,2026-04-01,synthetic revision
1389,GIN,ECCS,1968,2026-04-01,synthetic revision
1390,GNB,ECCS,1968,2026-04-01,synthetic revision
1391,GUY,ECCS,1968,2026-04-01,synthetic revision
1392,HTI,ECCS,1968,2026-04-01,synthetic revision
1393,VAT,ECCS,1968,2026-04-01,synthetic revision
1394,HND,ECCS,1968,2026-04-01,synthetic revision
1395,HUN,ECCS,1968,2026-04-01,synthetic revision
1396,ISL,ECCS,1968,2026-04-01,synthetic revision
1397,IND,ECCS,1968,2026-04-01,synthetic revision
1398,IDN,ECCS,1968,2026-04-01,synthetic revision
1399,IRN,ECCS,1968,2026-04-01,synthetic revision
1400,IRQ,ECCS,1968,2026-04-01,synthetic revision
1401,IRL,ECCS,1968,2026-04-01,synthetic revision
1402,IMN,ECCS,1968,2026-04-01,synthetic revision
1403,ISR,ECCS,1968,2026-04-01,synthetic revision
1404,ITA,ECCS,1968,2026-04-01,synthetic revision
1405,JAM,ECCS,1968,2026-04-01,synthetic revision
1406,JPN,ECCS,1968,2026-04-01,synthetic revision
1407,JOR,ECCS,1968,2026-04-01,synthetic revision
1408,KEN,ECCS,1968,2026-04-01,synthetic revision
1409,KIR,ECCS,1968,2026-04-01,synthetic revision
1410,PRK,ECCS,1968,2026-04-01,synthetic revision
1411,KOR,ECCS,1968,2026-04-01,synthetic revision
1412,KWT,ECCS,1968,2026-04-01,synthetic revision
1413,LAO,ECCS,1968,2026-04-01,synthetic revision
1414,LBN,ECCS,1968,2026-04-01,synthetic revision
1415,LSO,ECCS,1968,2026-04-01,synthetic revision
1416,LBR,ECCS,1968,2026-04-01,synthetic revision
1417,LBY,ECCS,1968,2026-04-01,synthetic revision
1418,LIE,ECCS,1968,2026-04-01,synthetic revision
1419,MDG,ECCS,1968,2026-04-01,synthetic revision
1420,MWI,ECCS,1968,2026-04-01,synthetic revision
1421,MYS,ECCS,1968,2026-04-01,synthetic revision
1422,MDV,ECCS,1968,2026-04-01,synthetic revision
1423,MLI,ECCS,1968,2026-04-01,synthetic revision
1424,MLT,ECCS,1968,2026-04-01,synthetic revision
1425,MTQ,ECCS,1968,2026-04-01,synthetic revision
1426,MRT,ECCS,1968,2026-04-01,synthetic revision
1427,MUS,ECCS,1968,2026-04-01,synthetic revision
1428,MYT,ECCS,1968,2026-04-01,synthetic revision
1429,MEX,ECCS,1968,2026-04-01,synthetic revision
1430,MCO,ECCS,1968,2026-04-01,synthetic revision
1431,MNG,ECCS,1968,2026-04-01,synthetic revision
1432,MSR,ECCS,1968,2026-04-01,synthetic revision
1433,MAR,ECCS,1968,2026-04-01,synthetic revision
1434,MOZ,ECCS,1968,2026-04-01,synthetic revision
1435,MMR,ECCS,1968,2026-04-01,synthetic revision
1436,NPL,ECCS,1968,2026-04-01,synthetic revision
1437,NLD,ECCS,1968,2026-04-01,synthetic revision
1438,NCL,ECCS,1968,2026-04-01,synthetic revision
1439,NZL,ECCS,1968,2026-04-01,synthetic revision
1440,NIC,ECCS,1968,2026-04-01,synthetic revision
1441,NER,ECCS,1968,2026-04-01,synthetic revision
1442,NGA,ECCS,1968,2026-04-01,synthetic revision
1443,NIU,ECCS,1968,2026-04-01,synthetic revision
1444,NFK,ECCS,1968,2026-04-01,synthetic revision
1445,NOR,ECCS,1968,2026-04-01,synthetic revision
1446,OMN,ECCS,1968,2026-04-01,synthetic revision
1447,PAK,ECCS,1968,2026-04-01,synthetic revision
1448,PAN,ECCS,1968,2026-04-01,synthetic revision
1449,PNG,ECCS,1968,2026-04-01,synthetic revision
1450,PRY,ECCS,1968,2026-04-01,synthetic revision
1451,PER,ECCS,1968,2026-04-01,synthetic revision
1452,PHL,ECCS,1968,2026-04-01,synthetic revision
1453,PCN,ECCS,1968,2026-04-01,synthetic revision
1454,POL,ECCS,1968,2026-04-01,synthetic revision
1455,PRT,ECCS,1968,2026-04-01,synthetic revision
1456,PRI,ECCS,1968,2026-04-01,synthetic revision
1457,QAT,ECCS,1968,2026-04-01,synthetic revision
1458,ROU,ECCS,1968,2026-04-01,synthetic revision
1459,RWA,ECCS,1968,2026-04-01,synthetic revision
1460,SPM,ECCS,1968,2026-04-01,synthetic revision
1461,WSM,ECCS,1968,2026-04-01,synthetic revision
1462,SMR,ECCS,1968,2026-04-01,synthetic revision
1463,STP,ECCS,1968,2026-04-01,synthetic revision
1464,SAU,ECCS,1968,2026-04-01,synthetic revision
1465,SEN,ECCS,1968,2026-04-01,synthetic revision
1466,SYC,ECCS,1968,2026-04-01,synthetic revision
1467,SLE,ECCS,1968,2026-04-01,synthetic revision
1468,SLB,ECCS,1968,2026-04-01,synthetic revision
1469,SOM,ECCS,1968,2026-04-01,synthetic revision
1470,ZAF,ECCS,1968,2026-04-01,synthetic revision
1471,ESP,ECCS,1968,2026-04-01,synthetic revision
1472,LKA,ECCS,1968,2026-04-01,synthetic revision
1473,KNA,ECCS,1968,2026-04-01,synthetic revision
1474,LCA,ECCS,1968,2026-04-01,synthetic revision
1475,VCT,ECCS,1968,2026-04-01,synthetic revision
1476,SUR,ECCS,1968,2026-04-01,synthetic revision
1477,SJM,ECCS,1968,2026-04-01,synthetic revision
1478,SWE,ECCS,1968,2026-04-01,synthetic revision
1479,CHE,ECCS,1968,2026-04-01,synthetic revision
1480,SYR,ECCS,1968,2026-04-01,synthetic revision
1481,TWN,ECCS,1968,2026-04-01,synthetic revision
1482,TZA,ECCS,1968,2026-04-01,synthetic revision
1483,THA,ECCS,1968,2026-04-01,synthetic revision
1484,TLS,ECCS,1968,2026-04-01,synthetic revision
1485,TGO,ECCS,1968,2026-04-01,synthetic revision
1486,TKL,ECCS,1968,2026-04-01,synthetic revision
1487,TON,ECCS,1968,2026-04-01,synthetic revision
1488,TTO,ECCS,1968,2026-04-01,synthetic revision
1489,TUN,ECCS,1968,2026-04-01,synthetic revision
1490,TUV,ECCS,1968,2026-04-01,synthetic revision
1491,UGA,ECCS,1968,2026-04-01,synthetic revision
1492,ARE,ECCS,1968,2026-04-01,synthetic revision
1493,GBR,ECCS,1968,2026-04-01,synthetic revision
1494,USA,ECCS,1968,2026-04-01,synthetic revision
1495,VIR,ECCS,1968,2026-04-01,synthetic revision
1496,URY,ECCS,1968,2026-04-01,synthetic revision
1497,VUT,ECCS,1968,2026-04-01,synthetic revision
1498,VEN,ECCS,1968,2026-04-01,synthetic revision
1499,VNM,ECCS,1968,2026-04-01,synthetic revision
1500,WLF,ECCS,1968,2026-04-01,synthetic revision
1501,PSE,ECCS,1968,2026-04-01,synthetic revision
1502,ESH,ECCS,1968,2026-04-01,synthetic revision
1503,YEM,ECCS,1968,2026-04-01,synthetic revision
1504,ZMB,ECCS,1968,2026-04-01,synthetic revision
1505,ZWE,ECCS,1968,2026-04-01,synthetic revision
1506,AFG,ECCS,1969,2026-04-01,synthetic revision
1507,ALB,ECCS,1969,2026-04-01,synthetic revision
1508,DZA,ECCS,1969,2026-04-01,synthetic revision
1509,ASM,ECCS,1969,2026-04-01,synthetic revision
1510,AND,ECCS,1969,2026-04-01,synthetic revision
1511,AGO,ECCS,1969,2026-04-01,synthetic revision
1512,AIA,ECCS,1969,2026-04-01,synthetic revision
1513,ATG,ECCS,1969,2026-04-01,synthetic revision
1514,ARG,ECCS,1969,2026-04-01,synthetic revision
1515,ABW,ECCS,1969,2026-04-01,synthetic revision
1516,AUS,ECCS,1969,2026-04-01,synthetic revision
1517,AUT,ECCS,1969,2026-04-01,synthetic revision
1518,BHS,ECCS,1969,2026-04-01,synthetic revision
1519,BHR,ECCS,1969,2026-04-01,synthetic revision
1520,BGD,ECCS,1969,2026-04-01,synthetic revision
1521,BRB,ECCS,1969,2026-04-01,synthetic revision
1522,BLZ,ECCS,1969,2026-04-01,synthetic revision
1523,BEN,ECCS,1969,2026-04-01,synthetic revision
1524,BTN,ECCS,1969,2026-04-01,synthetic revision
1525,BOL,ECCS,1969,2026-04-01,synthetic revision
1526,BWA,ECCS,1969,2026-04-01,synthetic revision
1527,BRA,ECCS,1969,2026-04-01,synthetic revision
1528,VGB,ECCS,1969,2026-04-01,synthetic revision
1529,BRN,ECCS,1969,2026-04-01,synthetic revision
1530,BGR,ECCS,1969,2026-04-01,synthetic revision
1531,BFA,ECCS,1969,2026-04-01,synthetic revision
1532,BDI,ECCS,1969,2026-04-01,synthetic revision
1533,CPV,ECCS,1969,2026-04-01,synthetic revision
1534,KHM,ECCS,1969,2026-04-01,synthetic revision
1535,CMR,ECCS,1969,2026-04-01,synthetic revision
1536,CAN,ECCS,1969,2026-04-01,synthetic revision
1537,CYM,ECCS,1969,2026-04-01,synthetic revision
1538,CAF,ECCS,1969,2026-04-01,synthetic revision
1539,TCD,ECCS,1969,2026-04-01,synthetic revision
1540,CHL,ECCS,1969,2026-04-01,synthetic revision
1541,HKG,ECCS,1969,2026-04-01,synthetic revision
1542,MAC,ECCS,1969,2026-04-01,synthetic revision
1543,CHN,ECCS,1969,2026-04-01,synthetic revision
1544,COL,ECCS,1969,2026-04-01,synthetic revision
1545,COM,ECCS,1969,2026-04-01,synthetic revision
1546,COD,ECCS,1969,2026-04-01,synthetic revision
1547,COG,ECCS,1969,2026-04-01,synthetic revision
1548,COK,ECCS,1969,2026-04-01,synthetic revision
1549,CRI,ECCS,1969,2026-04-01,synthetic revision
1550,CUB,ECCS,1969,2026-04-01,synthetic revision
1551,CYP,ECCS,1969,2026-04-01,synthetic revision
1552,DNK,ECCS,1969,2026-04-01,synthetic revision
1553,DJI,ECCS,1969,2026-04-01,synthetic revision
1554,DMA,ECCS,1969,2026-04-01,synthetic revision
1555,DOM,ECCS,1969,2026-04-01,synthetic revision
1556,ECU,ECCS,1969,2026-04-01,synthetic revision
1557,EGY,ECCS,1969,2026-04-01,synthetic revision
1558,SLV,ECCS,1969,2026-04-01,synthetic revision
1559,GNQ,ECCS,1969,2026-04-01,synthetic revision
1560,SWZ,ECCS,1969,2026-04-01,synthetic revision
1561,FLK,ECCS,1969,2026-04-01,synthetic revision
1562,FRO,ECCS,1969,2026-04-01,synthetic revision
1563,FJI,ECCS,1969,2026-04-01,synthetic revision
1564,FIN,ECCS,1969,2026-04-01,synthetic revision
1565,FRA,ECCS,1969,2026-04-01,synthetic revision
1566,PYF,ECCS,1969,2026-04-01,synthetic revision
1567,GAB,ECCS,1969,2026-04-01,synthetic revision
1568,GMB,ECCS,1969,2026-04-01,synthetic revision
1569,DEU,ECCS,1969,2026-04-01,synthetic revision
1570,GHA,ECCS,1969,2026-04-01,synthetic revision
1571,GIB,ECCS,1969,2026-04-01,synthetic revision
1572,GRC,ECCS,1969,2026-04-01,synthetic revision
1573,GRL,ECCS,1969,2026-04-01,synthetic revision
1574,GRD,ECCS,1969,2026-04-01,synthetic revision
1575,GLP,ECCS,1969,2026-04-01,synthetic revision
1576,GTM,ECCS,1969,2026-04-01,synthetic revision
1577,GUF,ECCS,1969,2026-04-01,synthetic revision
1578,GIN,ECCS,1969,2026-04-01,synthetic revision
1579,GNB,ECCS,1969,2026-04-01,synthetic revision
1580,GUY,ECCS,1969,2026-04-01,synthetic revision
1581,HTI,ECCS,1969,2026-04-01,synthetic revision
1582,VAT,ECCS,1969,2026-04-01,synthetic revision
1583,HND,ECCS,1969,2026-04-01,synthetic revision
1584,HUN,ECCS,1969,2026-04-01,synthetic revision
1585,ISL,ECCS,1969,2026-04-01,synthetic revision
1586,IND,ECCS,1969,2026-04-01,synthetic revision
1587,IDN,ECCS,1969,2026-04-01,synthetic revision
1588,IRN,ECCS,1969,2026-04-01,synthetic revision
1589,IRQ,ECCS,1969,2026-04-01,synthetic revision
1590,IRL,ECCS,1969,2026-04-01,synthetic revision
1591,IMN,ECCS,1969,2026-04-01,synthetic revision
1592,ISR,ECCS,1969,2026-04-01,synthetic revision
1593,ITA,ECCS,1969,2026-04-01,synthetic revision
1594,JAM,ECCS,1969,2026-04-01,synthetic revision
1595,JPN,ECCS,1969,2026-04-01,synthetic revision
1596,JOR,ECCS,1969,2026-04-01,synthetic revision
1597,KEN,ECCS,1969,2026-04-01,synthetic revision
1598,KIR,ECCS,1969,2026-04-01,synthetic revision
1599,PRK,ECCS,1969,2026-04-01,synthetic revision
1600,KOR,ECCS,1969,2026-04-01,synthetic revision
1601,KWT,ECCS,1969,2026-04-01,synthetic revision
1602,LAO,ECCS,1969,2026-04-01,synthetic revision
1603,LBN,ECCS,1969,2026-04-01,synthetic revision
1604,LSO,ECCS,1969,2026-04-01,synthetic revision
1605,LBR,ECCS,1969,2026-04-01,synthetic revision
1606,LBY,ECCS,1969,2026-04-01,synthetic revision
1607,LIE,ECCS,1969,2026-04-01,synthetic revision
1608,MDG,ECCS,1969,2026-04-01,synthetic revision
1609,MWI,ECCS,1969,2026-04-01,synthetic revision
1610,MYS,ECCS,1969,2026-04-01,synthetic revision
1611,MDV,ECCS,1969,2026-04-01,synthetic revision
1612,MLI,ECCS,1969,2026-04-01,synthetic revision
1613,MLT,ECCS,1969,2026-04-01,synthetic revision
1614,MTQ,ECCS,1969,2026-04-01,synthetic revision
1615,MRT,ECCS,1969,2026-04-01,synthetic revision
1616,MUS,ECCS,1969,2026-04-01,synthetic revision
1617,MYT,ECCS,1969,2026-04-01,synthetic revision
1618,MEX,ECCS,1969,2026-04-01,synthetic revision
1619,MCO,ECCS,1969,2026-04-01,synthetic revision
1620,MNG,ECCS,1969,2026-04-01,synthetic revision
1621,MSR,ECCS,1969,2026-04-01,synthetic revision
1622,MAR,ECCS,1969,2026-04-01,synthetic revision
1623,MOZ,ECCS,1969,2026-04-01,synthetic revision
1624,MMR,ECCS,1969,2026-04-01,synthetic revision
1625,NPL,ECCS,1969,2026-04-01,synthetic revision
1626,NLD,ECCS,1969,2026-04-01,synthetic revision
1627,NCL,ECCS,1969,2026-04-01,synthetic revision
1628,NZL,ECCS,1969,2026-04-01,synthetic revision
1629,NIC,ECCS,1969,2026-04-01,synthetic revision
1630,NER,ECCS,1969,2026-04-01,synthetic revision
1631,NGA,ECCS,1969,2026-04-01,synthetic revision
1632,NFK,ECCS,1969,2026-04-01,synthetic revision
1633,NOR,ECCS,1969,2026-04-01,synthetic revision
1634,OMN,ECCS,1969,2026-04-01,synthetic revision
1635,PAK,ECCS,1969,2026-04-01,synthetic revision
1636,PAN,ECCS,1969,2026-04-01,synthetic revision
1637,PNG,ECCS,1969,2026-04-01,synthetic revision
1638,PRY,ECCS,1969,2026-04-01,synthetic revision
1639,PER,ECCS,1969,2026-04-01,synthetic revision
1640,PHL,ECCS,1969,2026-04-01,synthetic revision
1641,PCN,ECCS,1969,2026-04-01,synthetic revision
1642,POL,ECCS,1969,2026-04-01,synthetic revision
1643,PRT,ECCS,1969,2026-04-01,synthetic revision
1644,PRI,ECCS,1969,2026-04-01,synthetic revision
1645,QAT,ECCS,1969,2026-04-01,synthetic revision
1646,ROU,ECCS,1969,2026-04-01,synthetic revision
1647,RWA,ECCS,1969,2026-04-01,synthetic revision
1648,SPM,ECCS,1969,2026-04-01,synthetic revision
1649,WSM,ECCS,1969,2026-04-01,synthetic revision
1650,SMR,ECCS,1969,2026-04-01,synthetic revision
1651,STP,ECCS,1969,2026-04-01,synthetic revision
1652,SAU,ECCS,1969,2026-04-01,synthetic revision
1653,SEN,ECCS,1969,2026-04-01,synthetic revision
1654,SYC,ECCS,1969,2026-04-01,synthetic revision
1655,SLE,ECCS,1969,2026-04-01,synthetic revision
1656,SLB,ECCS,1969,2026-04-01,synthetic revision
1657,SOM,ECCS,1969,2026-04-01,synthetic revision
1658,ZAF,ECCS,1969,2026-04-01,synthetic revision
1659,ESP,ECCS,1969,2026-04-01,synthetic revision
1660,LKA,ECCS,1969,2026-04-01,synthetic revision
1661,KNA,ECCS,1969,2026-04-01,synthetic revision
1662,LCA,ECCS,1969,2026-04-01,synthetic revision
1663,VCT,ECCS,1969,2026-04-01,synthetic revision
1664,SUR,ECCS,1969,2026-04-01,synthetic revision
1665,SJM,ECCS,1969,2026-04-01,synthetic revision
1666,SWE,ECCS,1969,2026-04-01,synthetic revision
1667,CHE,ECCS,1969,2026-04-01,synthetic revision
1668,SYR,ECCS,1969,2026-04-01,synthetic revision
1669,TWN,ECCS,1969,2026-04-01,synthetic revision
1670,TZA,ECCS,1969,2026-04-01,synthetic revision
1671,THA,ECCS,1969,2026-04-01,synthetic revision
1672,TLS,ECCS,1969,2026-04-01,synthetic revision
1673,TGO,ECCS,1969,2026-04-01,synthetic revision
1674,TKL,ECCS,1969,2026-04-01,synthetic revision
1675,TON,ECCS,1969,2026-04-01,synthetic revision
1676,TTO,ECCS,1969,2026-04-01,synthetic revision
1677,TUN,ECCS,1969,2026-04-01,synthetic revision
1678,TUV,ECCS,1969,2026-04-01,synthetic revision
1679,UGA,ECCS,1969,2026-04-01,synthetic revision
1680,ARE,ECCS,1969,2026-04-01,synthetic revision
1681,GBR,ECCS,1969,2026-04-01,synthetic revision
1682,USA,ECCS,1969,2026-04-01,synthetic revision
1683,VIR,ECCS,1969,2026-04-01,synthetic revision
1684,URY,ECCS,1969,2026-04-01,synthetic revision
1685,VUT,ECCS,1969,2026-04-01,synthetic revision
1686,VEN,ECCS,1969,2026-04-01,synthetic revision
1687,VNM,ECCS,1969,2026-04-01,synthetic revision
1688,WLF,ECCS,1969,2026-04-01,synthetic revision
1689,PSE,ECCS,1969,2026-04-01,synthetic revision
1690,ESH,ECCS,1969,2026-04-01,synthetic revision
1691,YEM,ECCS,1969,2026-04-01,synthetic revision
1692,ZMB,ECCS,1969,2026-04-01,synthetic revision
1693,ZWE,ECCS,1969,2026-04-01,synthetic revision
1694,AFG,ECCS,1970,2026-04-01,synthetic revision
1695,ALB,ECCS,1970,2026-04-01,synthetic revision
1696,DZA,ECCS,1970,2026-04-01,synthetic revision
1697,ASM,ECCS,1970,2026-04-01,synthetic revision
1698,AND,ECCS,1970,2026-04-01,synthetic revision
1699,AGO,ECCS,1970,2026-04-01,synthetic revision
1700,AIA,ECCS,1970,2026-04-01,synthetic revision
1701,ATG,ECCS,1970,2026-04-01,synthetic revision
1702,ARG,ECCS,1970,2026-04-01,synthetic revision
1703,ABW,ECCS,1970,2026-04-01,synthetic revision
1704,AUS,ECCS,1970,2026-04-01,synthetic revision
1705,AUT,ECCS,1970,2026-04-01,synthetic revision
1706,BHS,ECCS,1970,2026-04-01,synthetic revision
1707,BHR,ECCS,1970,2026-04-01,synthetic revision
1708,BGD,ECCS,1970,2026-04-01,synthetic revision
1709,BRB,ECCS,1970,2026-04-01,synthetic revision
1710,BLZ,ECCS,1970,2026-04-01,synthetic revision
1711,BEN,ECCS,1970,2026-04-01,synthetic revision
1712,BTN,ECCS,1970,2026-04-01,synthetic revision
1713,BOL,ECCS,1970,2026-04-01,synthetic revision
1714,BWA,ECCS,1970,2026-04-01,synthetic revision
1715,BRA,ECCS,1970,2026-04-01,synthetic revision
1716,VGB,ECCS,1970,2026-04-01,synthetic revision
1717,BRN,ECCS,1970,2026-04-01,synthetic revision
1718,BGR,ECCS,1970,2026-04-01,synthetic revision
1719,BFA,ECCS,1970,2026-04-01,synthetic revision
1720,BDI,ECCS,1970,2026-04-01,synthetic revision
1721,CPV,ECCS,1970,2026-04-01,synthetic revision
1722,KHM,ECCS,1970,2026-04-01,synthetic revision
1723,CMR,ECCS,1970,2026-04-01,synthetic revision
1724,CAN,ECCS,1970,2026-04-01,synthetic revision
1725,CYM,ECCS,1970,2026-04-01,synthetic revision
1726,CAF,ECCS,1970,2026-04-01,synthetic revision
1727,TCD,ECCS,1970,2026-04-01,synthetic revision
1728,CHL,ECCS,1970,2026-04-01,synthetic revision
1729,HKG,ECCS,1970,2026-04-01,synthetic revision
1730,MAC,ECCS,1970,2026-04-01,synthetic revision
1731,CHN,ECCS,1970,2026-04-01,synthetic revision
1732,COL,ECCS,1970,2026-04-01,synthetic revision
1733,COM,ECCS,1970,2026-04-01,synthetic revision
1734,COD,ECCS,1970,2026-04-01,synthetic revision
1735,COG,ECCS,1970,2026-04-01,synthetic revision
1736,COK,ECCS,1970,2026-04-01,synthetic revision
1737,CRI,ECCS,1970,2026-04-01,synthetic revision
1738,CUB,ECCS,1970,2026-04-01,synthetic revision
1739,CYP,ECCS,1970,2026-04-01,synthetic revision
1740,DNK,ECCS,1970,2026-04-01,synthetic revision
1741,DJI,ECCS,1970,2026-04-01,synthetic revision
1742,DMA,ECCS,1970,2026-04-01,synthetic revision
1743,DOM,ECCS,1970,2026-04-01,synthetic revision
1744,ECU,ECCS,1970,2026-04-01,synthetic revision
1745,EGY,ECCS,1970,2026-04-01,synthetic revision
1746,SLV,ECCS,1970,2026-04-01,synthetic revision
1747,GNQ,ECCS,1970,2026-04-01,synthetic revision
1748,SWZ,ECCS,1970,2026-04-01,synthetic revision
1749,FLK,ECCS,1970,2026-04-01,synthetic revision
1750,FRO,ECCS,1970,2026-04-01,synthetic revision
1751,FJI,ECCS,1970,2026-04-01,synthetic revision
1752,FIN,ECCS,1970,2026-04-01,synthetic revision
1753,FRA,ECCS,1970,2026-04-01,synthetic revision
1754,PYF,ECCS,1970,2026-04-01,synthetic revision
1755,GAB,ECCS,1970,2026-04-01,synthetic revision
1756,GMB,ECCS,1970,2026-04-01,synthetic revision
1757,DEU,ECCS,1970,2026-04-01,synthetic revision
1758,GHA,ECCS,1970,2026-04-01,synthetic revision
1759,GIB,ECCS,1970,2026-04-01,synthetic revision
1760,GRC,ECCS,1970,2026-04-01,synthetic revision
1761,GRL,ECCS,1970,2026-04-01,synthetic revision
1762,GRD,ECCS,1970,2026-04-01,synthetic revision
1763,GLP,ECCS,1970,2026-04-01,synthetic revision
1764,GTM,ECCS,1970,2026-04-01,synthetic revision
1765,GUF,ECCS,1970,2026-04-01,synthetic revision
1766,GIN,ECCS,1970,2026-04-01,synthetic revision
1767,GNB,ECCS,1970,2026-04-01,synthetic revision
1768,GUY,ECCS,1970,2026-04-01,synthetic revision
1769,HTI,ECCS,1970,2026-04-01,synthetic revision
1770,VAT,ECCS,1970,2026-04-01,synthetic revision
1771,HND,ECCS,1970,2026-04-01,synthetic revision
1772,HUN,ECCS,1970,2026-04-01,synthetic revision
1773,ISL,ECCS,1970,2026-04-01,synthetic revision
1774,IND,ECCS,1970,2026-04-01,synthetic revision
1775,IDN,ECCS,1970,2026-04-01,synthetic revision
1776,IRN,ECCS,1970,2026-04-01,synthetic revision
1777,IRQ,ECCS,1970,2026-04-01,synthetic revision
1778,IRL,ECCS,1970,2026-04-01,synthetic revision
1779,IMN,ECCS,1970,2026-04-01,synthetic revision
1780,ISR,ECCS,1970,2026-04-01,synthetic revision
1781,ITA,ECCS,1970,2026-04-01,synthetic revision
1782,JAM,ECCS,1970,2026-04-01,synthetic revision
1783,JPN,ECCS,1970,2026-04-01,synthetic revision
1784,JOR,ECCS,1970,2026-04-01,synthetic revision
1785,KEN,ECCS,1970,2026-04-01,synthetic revision
1786,KIR,ECCS,1970,2026-04-01,synthetic revision
1787,PRK,ECCS,1970,2026-04-01,synthetic revision
1788,KOR,ECCS,1970,2026-04-01,synthetic revision
1789,KWT,ECCS,1970,2026-04-01,synthetic revision
1790,LAO,ECCS,1970,2026-04-01,synthetic revision
1791,LBN,ECCS,1970,2026-04-01,synthetic revision
1792,LSO,ECCS,1970,2026-04-01,synthetic revision
1793,LBR,ECCS,1970,2026-04-01,synthetic revision
1794,LBY,ECCS,1970,2026-04-01,synthetic revision
1795,LIE,ECCS,1970,2026-04-01,synthetic revision
1796,MDG,ECCS,1970,2026-04-01,synthetic revision
1797,MWI,ECCS,1970,2026-04-01,synthetic revision
1798,MYS,ECCS,1970,2026-04-01,synthetic revision
1799,MLI,ECCS,1970,2026-04-01,synthetic revision
1800,MLT,ECCS,1970,2026-04-01,synthetic revision
1801,MTQ,ECCS,1970,2026-04-01,synthetic revision
1802,MRT,ECCS,1970,2026-04-01,synthetic revision
1803,MUS,ECCS,1970,2026-04-01,synthetic revision
1804,MYT,ECCS,1970,2026-04-01,synthetic revision
1805,MEX,ECCS,1970,2026-04-01,synthetic revision
1806,MCO,ECCS,1970,2026-04-01,synthetic revision
1807,MNG,ECCS,1970,2026-04-01,synthetic revision
1808,MSR,ECCS,1970,2026-04-01,synthetic revision
1809,MAR,ECCS,1970,2026-04-01,synthetic revision
1810,MOZ,ECCS,1970,2026-04-01,synthetic revision
1811,MMR,ECCS,1970,2026-04-01,synthetic revision
1812,NPL,ECCS,1970,2026-04-01,synthetic revision
1813,NLD,ECCS,1970,2026-04-01,synthetic revision
1814,NCL,ECCS,1970,2026-04-01,synthetic revision
1815,NZL,ECCS,1970,2026-04-01,synthetic revision
1816,NIC,ECCS,1970,2026-04-01,synthetic revision
1817,NER,ECCS,1970,2026-04-01,synthetic revision
1818,NGA,ECCS,1970,2026-04-01,synthetic revision
1819,NFK,ECCS,1970,2026-04-01,synthetic revision
1820,NOR,ECCS,1970,2026-04-01,synthetic revision
1821,OMN,ECCS,1970,2026-04-01,synthetic revision
1822,PAK,ECCS,1970,2026-04-01,synthetic revision
1823,PAN,ECCS,1970,2026-04-01,synthetic revision
1824,PNG,ECCS,1970,2026-04-01,synthetic revision
1825,PRY,ECCS,1970,2026-04-01,synthetic revision
1826,PER,ECCS,1970,2026-04-01,synthetic revision
1827,PHL,ECCS,1970,2026-04-01,synthetic revision
1828,PCN,ECCS,1970,2026-04-01,synthetic revision
1829,POL,ECCS,1970,2026-04-01,synthetic revision
1830,PRT,ECCS,1970,2026-04-01,synthetic revision
1831,PRI,ECCS,1970,2026-04-01,synthetic revision
1832,QAT,ECCS,1970,2026-04-01,synthetic revision
1833,ROU,ECCS,1970,2026-04-01,synthetic revision
1834,RWA,ECCS,1970,2026-04-01,synthetic revision
1835,SPM,ECCS,1970,2026-04-01,synthetic revision
1836,WSM,ECCS,1970,2026-04-01,synthetic revision
1837,SMR,ECCS,1970,2026-04-01,synthetic revision
1838,STP,ECCS,1970,2026-04-01,synthetic revision
1839,SAU,ECCS,1970,2026-04-01,synthetic revision
1840,SEN,ECCS,1970,2026-04-01,synthetic revision
1841,SYC,ECCS,1970,2026-04-01,synthetic revision
1842,SLE,ECCS,1970,2026-04-01,synthetic revision
1843,SLB,ECCS,1970,2026-04-01,synthetic revision
1844,SOM,ECCS,1970,2026-04-01,synthetic revision
1845,ZAF,ECCS,1970,2026-04-01,synthetic revision
1846,ESP,ECCS,1970,2026-04-01,synthetic revision
1847,LKA,ECCS,1970,2026-04-01,synthetic revision
1848,KNA,ECCS,1970,2026-04-01,synthetic revision
1849,LCA,ECCS,1970,2026-04-01,synthetic revision
1850,VCT,ECCS,1970,2026-04-01,synthetic revision
1851,SUR,ECCS,1970,2026-04-01,synthetic revision
1852,SJM,ECCS,1970,2026-04-01,synthetic revision
1853,SWE,ECCS,1970,2026-04-01,synthetic revision
1854,CHE,ECCS,1970,2026-04-01,synthetic revision
1855,SYR,ECCS,1970,2026-04-01,synthetic revision
1856,TWN,ECCS,1970,2026-04-01,synthetic revision
1857,TZA,ECCS,1970,2026-04-01,synthetic revision
1858,THA,ECCS,1970,2026-04-01,synthetic revision
1859,TLS,ECCS,1970,2026-04-01,synthetic revision
1860,TGO,ECCS,1970,2026-04-01,synthetic revision
1861,TKL,ECCS,1970,2026-04-01,synthetic revision
1862,TON,ECCS,1970,2026-04-01,synthetic revision
1863,TTO,ECCS,1970,2026-04-01,synthetic revision
1864,TUN,ECCS,1970,2026-04-01,synthetic revision
1865,TUV,ECCS,1970,2026-04-01,synthetic revision
1866,UGA,ECCS,1970,2026-04-01,synthetic revision
1867,ARE,ECCS,1970,2026-04-01,synthetic revision
1868,GBR,ECCS,1970,2026-04-01,synthetic revision
1869,USA,ECCS,1970,2026-04-01,synthetic revision
1870,VIR,ECCS,1970,2026-04-01,synthetic revision
1871,URY,ECCS,1970,2026-04-01,synthetic revision
1872,VUT,ECCS,1970,2026-04-01,synthetic revision
1873,VEN,ECCS,1970,2026-04-01,synthetic revision
1874,VNM,ECCS,1970,2026-04-01,synthetic revision
1875,WLF,ECCS,1970,2026-04-01,synthetic revision
1876,PSE,ECCS,1970,2026-04-01,synthetic revision
1877,ESH,ECCS,1970,2026-04-01,synthetic revision
1878,YEM,ECCS,1970,2026-04-01,synthetic revision
1879,ZMB,ECCS,1970,2026-04-01,synthetic revision
1880,ZWE,ECCS,1970,2026-04-01,synthetic revision
1881,AFG,ECCS,1971,2026-04-01,synthetic revision
1882,ALB,ECCS,1971,2026-04-01,synthetic revision
1883,DZA,ECCS,1971,2026-04-01,synthetic revision
1884,ASM,ECCS,1971,2026-04-01,synthetic revision
1885,AND,ECCS,1971,2026-04-01,synthetic revision
1886,AGO,ECCS,1971,2026-04-01,synthetic revision
1887,AIA,ECCS,1971,2026-04-01,synthetic revision
1888,ATG,ECCS,1971,2026-04-01,synthetic revision
1889,ARG,ECCS,1971,2026-04-01,synthetic revision
1890,ABW,ECCS,1971,2026-04-01,synthetic revision
1891,AUS,ECCS,1971,2026-04-01,synthetic revision
1892,AUT,ECCS,1971,2026-04-01,synthetic revision
1893,BHS,ECCS,1971,2026-04-01,synthetic revision
1894,BHR,ECCS,1971,2026-04-01,synthetic revision
1895,BGD,ECCS,1971,2026-04-01,synthetic revision
1896,BRB,ECCS,1971,2026-04-01,synthetic revision
1897,BLZ,ECCS,1971,2026-04-01,synthetic revision
1898,BEN,ECCS,1971,2026-04-01,synthetic revision
1899,BTN,ECCS,1971,2026-04-01,synthetic revision
1900,BOL,ECCS,1971,2026-04-01,synthetic revision
1901,BWA,ECCS,1971,2026-04-01,synthetic revision
1902,BRA,ECCS,1971,2026-04-01,synthetic revision
1903,VGB,ECCS,1971,2026-04-01,synthetic revision
1904,BRN,ECCS,1971,2026-04-01,synthetic revision
1905,BGR,ECCS,1971,2026-04-01,synthetic revision
1906,BFA,ECCS,1971,2026-04-01,synthetic revision
1907,BDI,ECCS,1971,2026-04-01,synthetic revision
1908,CPV,ECCS,1971,2026-04-01,synthetic revision
1909,KHM,ECCS,1971,2026-04-01,synthetic revision
1910,CMR,ECCS,1971,2026-04-01,synthetic revision
1911,CAN,ECCS,1971,2026-04-01,synthetic revision
1912,CYM,ECCS,1971,2026-04-01,synthetic revision
1913,CAF,ECCS,1971,2026-04-01,synthetic revision
1914,TCD,ECCS,1971,2026-04-01,synthetic revision
1915,CHL,ECCS,1971,2026-04-01,synthetic revision
1916,HKG,ECCS,1971,2026-04-01,synthetic revision
1917,MAC,ECCS,1971,2026-04-01,synthetic revision
1918,CHN,ECCS,1971,2026-04-01,synthetic revision
1919,COL,ECCS,1971,2026-04-01,synthetic revision
1920,COM,ECCS,1971,2026-04-01,synthetic revision
1921,COD,ECCS,1971,2026-04-01,synthetic revision
1922,COG,ECCS,1971,2026-04-01,synthetic revision
1923,COK,ECCS,1971,2026-04-01,synthetic revision
1924,CRI,ECCS,1971,2026-04-01,synthetic revision
1925,CUB,ECCS,1971,2026-04-01,synthetic revision
1926,CYP,ECCS,1971,2026-04-01,synthetic revision
1927,DNK,ECCS,1971,2026-04-01,synthetic revision
1928,DJI,ECCS,1971,2026-04-01,synthetic revision
1929,DMA,ECCS,1971,2026-04-01,synthetic revision
1930,DOM,ECCS,1971,2026-04-01,synthetic revision
1931,ECU,ECCS,1971,2026-04-01,synthetic revision
1932,EGY,ECCS,1971,2026-04-01,synthetic revision
1933,SLV,ECCS,1971,2026-04-01,synthetic revision
1934,GNQ,ECCS,1971,2026-04-01,synthetic revision
1935,SWZ,ECCS,1971,2026-04-01,synthetic revision
1936,FLK,ECCS,1971,2026-04-01,synthetic revision
1937,FRO,ECCS,1971,2026-04-01,synthetic revision
1938,FJI,ECCS,1971,2026-04-01,synthetic revision
1939,FIN,ECCS,1971,2026-04-01,synthetic revision
1940,FRA,ECCS,1971,2026-04-01,synthetic revision
1941,PYF,ECCS,1971,2026-04-01,synthetic revision
1942,GAB,ECCS,1971,2026-04-01,synthetic revision
1943,GMB,ECCS,1971,2026-04-01,synthetic revision
1944,DEU,ECCS,1971,2026-04-01,synthetic revision
1945,GHA,ECCS,1971,2026-04-01,synthetic revision
1946,GIB,ECCS,1971,2026-04-01,synthetic revision
1947,GRC,ECCS,1971,2026-04-01,synthetic revision
1948,GRL,ECCS,1971,2026-04-01,synthetic revision
1949,GRD,ECCS,1971,2026-04-01,synthetic revision
1950,GLP,ECCS,1971,2026-04-01,synthetic revision
1951,GTM,ECCS,1971,2026-04-01,synthetic revision
1952,GUF,ECCS,1971,2026-04-01,synthetic revision
1953,GIN,ECCS,1971,2026-04-01,synthetic revision
1954,GNB,ECCS,1971,2026-04-01,synthetic revision
1955,GUY,ECCS,1971,2026-04-01,synthetic revision
1956,HTI,ECCS,1971,2026-04-01,synthetic revision
1957,VAT,ECCS,1971,2026-04-01,synthetic revision
1958,HND,ECCS,1971,2026-04-01,synthetic revision
1959,HUN,ECCS,1971,2026-04-01,synthetic revision
1960,ISL,ECCS,1971,2026-04-01,synthetic revision
1961,IND,ECCS,1971,2026-04-01,synthetic revision
1962,IDN,ECCS,1971,2026-04-01,synthetic revision
1963,IRN,ECCS,1971,2026-04-01,synthetic revision
1964,IRQ,ECCS,1971,2026-04-01,synthetic revision
1965,IRL,ECCS,1971,2026-04-01,synthetic revision
1966,IMN,ECCS,1971,2026-04-01,synthetic revision
1967,ISR,ECCS,1971,2026-04-01,synthetic revision
1968,ITA,ECCS,1971,2026-04-01,synthetic revision
1969,JAM,ECCS,1971,2026-04-01,synthetic revision
1970,JPN,ECCS,1971,2026-04-01,synthetic revision
1971,JOR,ECCS,1971,2026-04-01,synthetic revision
1972,KEN,ECCS,1971,2026-04-01,synthetic revision
1973,KIR,ECCS,1971,2026-04-01,synthetic revision
1974,PRK,ECCS,1971,2026-04-01,synthetic revision
1975,KOR,ECCS,1971,2026-04-01,synthetic revision
1976,KWT,ECCS,1971,2026-04-01,synthetic revision
1977,LAO,ECCS,1971,2026-04-01,synthetic revision
1978,LBN,ECCS,1971,2026-04-01,synthetic revision
1979,LSO,ECCS,1971,2026-04-01,synthetic revision
1980,LBR,ECCS,1971,2026-04-01,synthetic revision
1981,LBY,ECCS,1971,2026-04-01,synthetic revision
1982,LIE,ECCS,1971,2026-04-01,synthetic revision
1983,MDG,ECCS,1971,2026-04-01,synthetic revision
1984,MWI,ECCS,1971,2026-04-01,synthetic revision
1985,MYS,ECCS,1971,2026-04-01,synthetic revision
1986,MLI,ECCS,1971,2026-04-01,synthetic revision
1987,MLT,ECCS,1971,2026-04-01,synthetic revision
1988,MTQ,ECCS,1971,2026-04-01,synthetic revision
1989,MRT,ECCS,1971,2026-04-01,synthetic revision
1990,MUS,ECCS,1971,2026-04-01,synthetic revision
1991,MYT,ECCS,1971,2026-04-01,synthetic revision
1992,MEX,ECCS,1971,2026-04-01,synthetic revision
1993,MCO,ECCS,1971,2026-04-01,synthetic revision
1994,MNG,ECCS,1971,2026-04-01,synthetic revision
1995,MSR,ECCS,1971,2026-04-01,synthetic revision
1996,MAR,ECCS,1971,2026-04-01,synthetic revision
1997,MOZ,ECCS,1971,2026-04-01,synthetic revision
1998,MMR,ECCS,1971,2026-04-01,synthetic revision
1999,NRU,ECCS,1971,2026-04-01,synthetic revision
2000,NPL,ECCS,1971,2026-04-01,synthetic revision
2001,NLD,ECCS,1971,2026-04-01,synthetic revision
2002,NCL,ECCS,1971,2026-04-01,synthetic revision
2003,NZL,ECCS,1971,2026-04-01,synthetic revision
2004,NIC,ECCS,1971,2026-04-01,synthetic revision
2005,NER,ECCS,1971,2026-04-01,synthetic revision
2006,NGA,ECCS,1971,2026-04-01,synthetic revision
2007,NFK,ECCS,1971,2026-04-01,synthetic revision
2008,NOR,ECCS,1971,2026-04-01,synthetic revision
2009,OMN,ECCS,1971,2026-04-01,synthetic revision
2010,PAK,ECCS,1971,2026-04-01,synthetic revision
2011,PAN,ECCS,1971,2026-04-01,synthetic revision
2012,PNG,ECCS,1971,2026-04-01,synthetic revision
2013,PRY,ECCS,1971,2026-04-01,synthetic revision
2014,PER,ECCS,1971,2026-04-01,synthetic revision
2015,PHL,ECCS,1971,2026-04-01,synthetic revision
2016,PCN,ECCS,1971,2026-04-01,synthetic revision
2017,POL,ECCS,1971,2026-04-01,synthetic revision
2018,PRT,ECCS,1971,2026-04-01,synthetic revision
2019,PRI,ECCS,1971,2026-04-01,synthetic revision
2020,QAT,ECCS,1971,2026-04-01,synthetic revision
2021,ROU,ECCS,1971,2026-04-01,synthetic revision
2022,RWA,ECCS,1971,2026-04-01,synthetic revision
2023,SPM,ECCS,1971,2026-04-01,synthetic revision
2024,WSM,ECCS,1971,2026-04-01,synthetic revision
2025,SMR,ECCS,1971,2026-04-01,synthetic revision
2026,STP,ECCS,1971,2026-04-01,synthetic revision
2027,SAU,ECCS,1971,2026-04-01,synthetic revision
2028,SEN,ECCS,1971,2026-04-01,synthetic revision
2029,SYC,ECCS,1971,2026-04-01,synthetic revision
2030,SLE,ECCS,1971,2026-04-01,synthetic revision
2031,SLB,ECCS,1971,2026-04-01,synthetic revision
2032,SOM,ECCS,1971,2026-04-01,synthetic revision
2033,ZAF,ECCS,1971,2026-04-01,synthetic revision
2034,ESP,ECCS,1971,2026-04-01,synthetic revision
2035,LKA,ECCS,1971,2026-04-01,synthetic revision
2036,KNA,ECCS,1971,2026-04-01,synthetic revision
2037,LCA,ECCS,1971,2026-04-01,synthetic revision
2038,VCT,ECCS,1971,2026-04-01,synthetic revision
2039,SUR,ECCS,1971,2026-04-01,synthetic revision
2040,SJM,ECCS,1971,2026-04-01,synthetic revision
2041,SWE,ECCS,1971,2026-04-01,synthetic revision
2042,CHE,ECCS,1971,2026-04-01,synthetic revision
2043,SYR,ECCS,1971,2026-04-01,synthetic revision
2044,TWN,ECCS,1971,2026-04-01,synthetic revision
2045,TZA,ECCS,1971,2026-04-01,synthetic revision
2046,THA,ECCS,1971,2026-04-01,synthetic revision
2047,TLS,ECCS,1971,2026-04-01,synthetic revision
2048,TGO,ECCS,1971,2026-04-01,synthetic revision
2049,TKL,ECCS,1971,2026-04-01,synthetic revision
2050,TON,ECCS,1971,2026-04-01,synthetic revision
2051,TTO,ECCS,1971,2026-04-01,synthetic revision
2052,TUN,ECCS,1971,2026-04-01,synthetic revision
2053,TCA,ECCS,1971,2026-04-01,synthetic revision
2054,TUV,ECCS,1971,2026-04-01,synthetic revision
2055,UGA,ECCS,1971,2026-04-01,synthetic revision
2056,ARE,ECCS,1971,2026-04-01,synthetic revision
2057,GBR,ECCS,1971,2026-04-01,synthetic revision
2058,USA,ECCS,1971,2026-04-01,synthetic revision
2059,VIR,ECCS,1971,2026-04-01,synthetic revision
2060,URY,ECCS,1971,2026-04-01,synthetic revision
2061,VUT,ECCS,1971,2026-04-01,synthetic revision
2062,VEN,ECCS,1971,2026-04-01,synthetic revision
2063,VNM,ECCS,1971,2026-04-01,synthetic revision
2064,WLF,ECCS,1971,2026-04-01,synthetic revision
2065,PSE,ECCS,1971,2026-04-01,synthetic revision
2066,ESH,ECCS,1971,2026-04-01,synthetic revision
2067,YEM,ECCS,1971,2026-04-01,synthetic revision
2068,ZMB,ECCS,1971,2026-04-01,synthetic revision
2069,ZWE,ECCS,1971,2026-04-01,synthetic revision
2070,AFG,ECCS,1972,2026-04-01,synthetic revision
2071,ALB,ECCS,1972,2026-04-01,synthetic revision
2072,DZA,ECCS,1972,2026-04-01,synthetic revision
2073,ASM,ECCS,1972,2026-04-01,synthetic revision
2074,AND,ECCS,1972,2026-04-01,synthetic revision
2075,AGO,ECCS,1972,2026-04-01,synthetic revision
2076,AIA,ECCS,1972,2026-04-01,synthetic revision
2077,ATG,ECCS,1972,2026-04-01,synthetic revision
2078,ARG,ECCS,1972,2026-04-01,synthetic revision
2079,ABW,ECCS,1972,2026-04-01,synthetic revision
2080,AUS,ECCS,1972,2026-04-01,synthetic revision
2081,AUT,ECCS,1972,2026-04-01,synthetic revision
2082,BHS,ECCS,1972,2026-04-01,synthetic revision
2083,BHR,ECCS,1972,2026-04-01,synthetic revision
2084,BGD,ECCS,1972,2026-04-01,synthetic revision
2085,BRB,ECCS,1972,2026-04-01,synthetic revision
2086,BLZ,ECCS,1972,2026-04-01,synthetic revision
2087,BEN,ECCS,1972,2026-04-01,synthetic revision
2088,BTN,ECCS,1972,2026-04-01,synthetic revision
2089,BOL,ECCS,1972,2026-04-01,synthetic revision
2090,BWA,ECCS,1972,2026-04-01,synthetic revision
2091,BRA,ECCS,1972,2026-04-01,synthetic revision
2092,VGB,ECCS,1972,2026-04-01,synthetic revision
2093,BRN,ECCS,1972,2026-04-01,synthetic revision
2094,BGR,ECCS,1972,2026-04-01,synthetic revision
2095,BFA,ECCS,1972,2026-04-01,synthetic revision
2096,BDI,ECCS,1972,2026-04-01,synthetic revision
2097,CPV,ECCS,1972,2026-04-01,synthetic revision
2098,KHM,ECCS,1972,2026-04-01,synthetic revision
2099,CMR,ECCS,1972,2026-04-01,synthetic revision
2100,CAN,ECCS,1972,2026-04-01,synthetic revision
2101,CYM,ECCS,1972,2026-04-01,synthetic revision
2102,CAF,ECCS,1972,2026-04-01,synthetic revision
2103,TCD,ECCS,1972,2026-04-01,synthetic revision
2104,CHL,ECCS,1972,2026-04-01,synthetic revision
2105,HKG,ECCS,1972,2026-04-01,synthetic revision
2106,MAC,ECCS,1972,2026-04-01,synthetic revision
2107,CHN,ECCS,1972,2026-04-01,synthetic revision
2108,COL,ECCS,1972,2026-04-01,synthetic revision
2109,COM,ECCS,1972,2026-04-01,synthetic revision
2110,COD,ECCS,1972,2026-04-01,synthetic revision
2111,COG,ECCS,1972,2026-04-01,synthetic revision
2112,COK,ECCS,1972,2026-04-01,synthetic revision
2113,CRI,ECCS,1972,2026-04-01,synthetic revision
2114,CUB,ECCS,1972,2026-04-01,synthetic revision
2115,CYP,ECCS,1972,2026-04-01,synthetic revision
2116,DNK,ECCS,1972,2026-04-01,synthetic revision
2117,DJI,ECCS,1972,2026-04-01,synthetic revision
2118,DMA,ECCS,1972,2026-04-01,synthetic revision
2119,DOM,ECCS,1972,2026-04-01,synthetic revision
2120,ECU,ECCS,1972,2026-04-01,synthetic revision
2121,EGY,ECCS,1972,2026-04-01,synthetic revision
2122,SLV,ECCS,1972,2026-04-01,synthetic revision
2123,GNQ,ECCS,1972,2026-04-01,synthetic revision
2124,SWZ,ECCS,1972,2026-04-01,synthetic revision
2125,FLK,ECCS,1972,2026-04-01,synthetic revision
2126,FRO,ECCS,1972,2026-04-01,synthetic revision
2127,FJI,ECCS,1972,2026-04-01,synthetic revision
2128,FIN,ECCS,1972,2026-04-01,synthetic revision
2129,FRA,ECCS,1972,2026-04-01,synthetic revision
2130,PYF,ECCS,1972,2026-04-01,synthetic revision
2131,GAB,ECCS,1972,2026-04-01,synthetic revision
2132,GMB,ECCS,1972,2026-04-01,synthetic revision
2133,DEU,ECCS,1972,2026-04-01,synthetic revision
2134,GHA,ECCS,1972,2026-04-01,synthetic revision
2135,GIB,ECCS,1972,2026-04-01,synthetic revision
2136,GRC,ECCS,1972,2026-04-01,synthetic revision
2137,GRL,ECCS,1972,2026-04-01,synthetic revision
2138,GRD,ECCS,1972,2026-04-01,synthetic revision
2139,GLP,ECCS,1972,2026-04-01,synthetic revision
2140,GTM,ECCS,1972,2026-04-01,synthetic revision
2141,GUF,ECCS,1972,2026-04-01,synthetic revision
2142,GIN,ECCS,1972,2026-04-01,synthetic revision
2143,GNB,ECCS,1972,2026-04-01,synthetic revision
2144,GUY,ECCS,1972,2026-04-01,synthetic revision
2145,HTI,ECCS,1972,2026-04-01,synthetic revision
2146,VAT,ECCS,1972,2026-04-01,synthetic revision
2147,HND,ECCS,1972,2026-04-01,synthetic revision
2148,HUN,ECCS,1972,2026-04-01,synthetic revision
2149,ISL,ECCS,1972,2026-04-01,synthetic revision
2150,IND,ECCS,1972,2026-04-01,synthetic revision
2151,IDN,ECCS,1972,2026-04-01,synthetic revision
2152,IRN,ECCS,1972,2026-04-01,synthetic revision
2153,IRQ,ECCS,1972,2026-04-01,synthetic revision
2154,IRL,ECCS,1972,2026-04-01,synthetic revision
2155,IMN,ECCS,1972,2026-04-01,synthetic revision
2156,ISR,ECCS,1972,2026-04-01,synthetic revision
2157,ITA,ECCS,1972,2026-04-01,synthetic revision
2158,JAM,ECCS,1972,2026-04-01,synthetic revision
2159,JPN,ECCS,1972,2026-04-01,synthetic revision
2160,JOR,ECCS,1972,2026-04-01,synthetic revision
2161,KEN,ECCS,1972,2026-04-01,synthetic revision
2162,KIR,ECCS,1972,2026-04-01,synthetic revision
2163,PRK,ECCS,1972,2026-04-01,synthetic revision
2164,KOR,ECCS,1972,2026-04-01,synthetic revision
2165,KWT,ECCS,1972,2026-04-01,synthetic revision
2166,LAO,ECCS,1972,2026-04-01,synthetic revision
2167,LBN,ECCS,1972,2026-04-01,synthetic revision
2168,LSO,ECCS,1972,2026-04-01,synthetic revision
2169,LBR,ECCS,1972,2026-04-01,synthetic revision
2170,LBY,ECCS,1972,2026-04-01,synthetic revision
2171,LIE,ECCS,1972,2026-04-01,synthetic revision
2172,MDG,ECCS,1972,2026-04-01,synthetic revision
2173,MWI,ECCS,1972,2026-04-01,synthetic revision
2174,MYS,ECCS,1972,2026-04-01,synthetic revision
2175,MDV,ECCS,1972,2026-04-01,synthetic revision
2176,MLI,ECCS,1972,2026-04-01,synthetic revision
2177,MLT,ECCS,1972,2026-04-01,synthetic revision
2178,MTQ,ECCS,1972,2026-04-01,synthetic revision
2179,MRT,ECCS,1972,2026-04-01,synthetic revision
2180,MUS,ECCS,1972,2026-04-01,synthetic revision
2181,MYT,ECCS,1972,2026-04-01,synthetic revision
2182,MEX,ECCS,1972,2026-04-01,synthetic revision
2183,MCO,ECCS,1972,2026-04-01,synthetic revision
2184,MNG,ECCS,1972,2026-04-01,synthetic revision
2185,MSR,ECCS,1972,2026-04-01,synthetic revision
2186,MAR,ECCS,1972,2026-04-01,synthetic revision
2187,MOZ,ECCS,1972,2026-04-01,synthetic revision
2188,MMR,ECCS,1972,2026-04-01,synthetic revision
2189,NRU,ECCS,1972,2026-04-01,synthetic revision
2190,NPL,ECCS,1972,2026-04-01,synthetic revision
2191,NLD,ECCS,1972,2026-04-01,synthetic revision
2192,NCL,ECCS,1972,2026-04-01,synthetic revision
2193,NZL,ECCS,1972,2026-04-01,synthetic revision
2194,NIC,ECCS,1972,2026-04-01,synthetic revision
2195,NER,ECCS,1972,2026-04-01,synthetic revision
2196,NGA,ECCS,1972,2026-04-01,synthetic revision
2197,NIU,ECCS,1972,2026-04-01,synthetic revision
2198,NFK,ECCS,1972,2026-04-01,synthetic revision
2199,NOR,ECCS,1972,2026-04-01,synthetic revision
2200,OMN,ECCS,1972,2026-04-01,synthetic revision
2201,PAK,ECCS,1972,2026-04-01,synthetic revision
2202,PAN,ECCS,1972,2026-04-01,synthetic revision
2203,PNG,ECCS,1972,2026-04-01,synthetic revision
2204,PRY,ECCS,1972,2026-04-01,synthetic revision
2205,PER,ECCS,1972,2026-04-01,synthetic revision
2206,PHL,ECCS,1972,2026-04-01,synthetic revision
2207,PCN,ECCS,1972,2026-04-01,synthetic revision
2208,POL,ECCS,1972,2026-04-01,synthetic revision
2209,PRT,ECCS,1972,2026-04-01,synthetic revision
2210,PRI,ECCS,1972,2026-04-01,synthetic revision
2211,QAT,ECCS,1972,2026-04-01,synthetic revision
2212,ROU,ECCS,1972,2026-04-01,synthetic revision
2213,RWA,ECCS,1972,2026-04-01,synthetic revision
2214,SPM,ECCS,1972,2026-04-01,synthetic revision
2215,WSM,ECCS,1972,2026-04-01,synthetic revision
2216,SMR,ECCS,1972,2026-04-01,synthetic revision
2217,STP,ECCS,1972,2026-04-01,synthetic revision
2218,SAU,ECCS,1972,2026-04-01,synthetic revision
2219,SEN,ECCS,1972,2026-04-01,synthetic revision
2220,SYC,ECCS,1972,2026-04-01,synthetic revision
2221,SLE,ECCS,1972,2026-04-01,synthetic revision
2222,SLB,ECCS,1972,2026-04-01,synthetic revision
2223,SOM,ECCS,1972,2026-04-01,synthetic revision
2224,ZAF,ECCS,1972,2026-04-01,synthetic revision
2225,ESP,ECCS,1972,2026-04-01,synthetic revision
2226,LKA,ECCS,1972,2026-04-01,synthetic revision
2227,KNA,ECCS,1972,2026-04-01,synthetic revision
2228,LCA,ECCS,1972,2026-04-01,synthetic revision
2229,VCT,ECCS,1972,2026-04-01,synthetic revision
2230,SUR,ECCS,1972,2026-04-01,synthetic revision
2231,SJM,ECCS,1972,2026-04-01,synthetic revision
2232,SWE,ECCS,1972,2026-04-01,synthetic revision
2233,CHE,ECCS,1972,2026-04-01,synthetic revision
2234,SYR,ECCS,1972,2026-04-01,synthetic revision
2235,TWN,ECCS,1972,2026-04-01,synthetic revision
2236,TZA,ECCS,1972,2026-04-01,synthetic revision
2237,THA,ECCS,1972,2026-04-01,synthetic revision
2238,TLS,ECCS,1972,2026-04-01,synthetic revision
2239,TGO,ECCS,1972,2026-04-01,synthetic revision
2240,TKL,ECCS,1972,2026-04-01,synthetic revision
2241,TON,ECCS,1972,2026-04-01,synthetic revision
2242,TTO,ECCS,1972,2026-04-01,synthetic revision
2243,TUN,ECCS,1972,2026-04-01,synthetic revision
2244,TCA,ECCS,1972,2026-04-01,synthetic revision
2245,TUV,ECCS,1972,2026-04-01,synthetic revision
2246,UGA,ECCS,1972,2026-04-01,synthetic revision
2247,ARE,ECCS,1972,2026-04-01,synthetic revision
2248,GBR,ECCS,1972,2026-04-01,synthetic revision
2249,USA,ECCS,1972,2026-04-01,synthetic revision
2250,VIR,ECCS,1972,2026-04-01,synthetic revision
2251,URY,ECCS,1972,2026-04-01,synthetic revision
2252,VUT,ECCS,1972,2026-04-01,synthetic revision
2253,VEN,ECCS,1972,2026-04-01,synthetic revision
2254,VNM,ECCS,1972,2026-04-01,synthetic revision
2255,WLF,ECCS,1972,2026-04-01,synthetic revision
2256,PSE,ECCS,1972,2026-04-01,synthetic revision
2257,ESH,ECCS,1972,2026-04-01,synthetic revision
2258,YEM,ECCS,1972,2026-04-01,synthetic revision
2259,ZMB,ECCS,1972,2026-04-01,synthetic revision
2260,ZWE,ECCS,1972,2026-04-01,synthetic revision
2261,AFG,ECCS,1973,2026-04-01,synthetic revision
2262,ALB,ECCS,1973,2026-04-01,synthetic revision
2263,DZA,ECCS,1973,2026-04-01,synthetic revision
2264,ASM,ECCS,1973,2026-04-01,synthetic revision
2265,AND,ECCS,1973,2026-04-01,synthetic revision
2266,AGO,ECCS,1973,2026-04-01,synthetic revision
2267,AIA,ECCS,1973,2026-04-01,synthetic revision
2268,ATG,ECCS,1973,2026-04-01,synthetic revision
2269,ARG,ECCS,1973,2026-04-01,synthetic revision
2270,ABW,ECCS,1973,2026-04-01,synthetic revision
2271,AUS,ECCS,1973,2026-04-01,synthetic revision
2272,AUT,ECCS,1973,2026-04-01,synthetic revision
2273,BHS,ECCS,1973,2026-04-01,synthetic revision
2274,BHR,ECCS,1973,2026-04-01,synthetic revision
2275,BGD,ECCS,1973,2026-04-01,synthetic revision
2276,BRB,ECCS,1973,2026-04-01,synthetic revision
2277,BLZ,ECCS,1973,2026-04-01,synthetic revision
2278,BEN,ECCS,1973,2026-04-01,synthetic revision
2279,BTN,ECCS,1973,2026-04-01,synthetic revision
2280,BOL,ECCS,1973,2026-04-01,synthetic revision
2281,BWA,ECCS,1973,2026-04-01,synthetic revision
2282,BRA,ECCS,1973,2026-04-01,synthetic revision
2283,VGB,ECCS,1973,2026-04-01,synthetic revision
2284,BRN,ECCS,1973,2026-04-01,synthetic revision
2285,BGR,ECCS,1973,2026-04-01,synthetic revision
2286,BFA,ECCS,1973,2026-04-01,synthetic revision
2287,BDI,ECCS,1973,2026-04-01,synthetic revision
2288,CPV,ECCS,1973,2026-04-01,synthetic revision
2289,KHM,ECCS,1973,2026-04-01,synthetic revision
2290,CMR,ECCS,1973,2026-04-01,synthetic revision
2291,CAN,ECCS,1973,2026-04-01,synthetic revision
2292,CYM,ECCS,1973,2026-04-01,synthetic revision
2293,CAF,ECCS,1973,2026-04-01,synthetic revision
2294,TCD,ECCS,1973,2026-04-01,synthetic revision
2295,CHL,ECCS,1973,2026-04-01,synthetic revision
2296,HKG,ECCS,1973,2026-04-01,synthetic revision
2297,MAC,ECCS,1973,2026-04-01,synthetic revision
2298,CHN,ECCS,1973,2026-04-01,synthetic revision
2299,COL,ECCS,1973,2026-04-01,synthetic revision
2300,COM,ECCS,1973,2026-04-01,synthetic revision
2301,COD,ECCS,1973,2026-04-01,synthetic revision
2302,COG,ECCS,1973,2026-04-01,synthetic revision
2303,COK,ECCS,1973,2026-04-01,synthetic revision
2304,CRI,ECCS,1973,2026-04-01,synthetic revision
2305,CUB,ECCS,1973,2026-04-01,synthetic revision
2306,CYP,ECCS,1973,2026-04-01,synthetic revision
2307,DNK,ECCS,1973,2026-04-01,synthetic revision
2308,DJI,ECCS,1973,2026-04-01,synthetic revision
2309,DMA,ECCS,1973,2026-04-01,synthetic revision
2310,DOM,ECCS,1973,2026-04-01,synthetic revision
2311,ECU,ECCS,1973,2026-04-01,synthetic revision
2312,EGY,ECCS,1973,2026-04-01,synthetic revision
2313,SLV,ECCS,1973,2026-04-01,synthetic revision
2314,GNQ,ECCS,1973,2026-04-01,synthetic revision
2315,SWZ,ECCS,1973,2026-04-01,synthetic revision
2316,FLK,ECCS,1973,2026-04-01,synthetic revision
2317,FRO,ECCS,1973,2026-04-01,synthetic revision
2318,FJI,ECCS,1973,2026-04-01,synthetic revision
2319,FIN,ECCS,1973,2026-04-01,synthetic revision
2320,FRA,ECCS,1973,2026-04-01,synthetic revision
2321,PYF,ECCS,1973,2026-04-01,synthetic revision
2322,GAB,ECCS,1973,2026-04-01,synthetic revision
2323,GMB,ECCS,1973,2026-04-01,synthetic revision
2324,DEU,ECCS,1973,2026-04-01,synthetic revision
2325,GHA,ECCS,1973,2026-04-01,synthetic revision
2326,GIB,ECCS,1973,2026-04-01,synthetic revision
2327,GRC,ECCS,1973,2026-04-01,synthetic revision
2328,GRL,ECCS,1973,2026-04-01,synthetic revision
2329,GRD,ECCS,1973,2026-04-01,synthetic revision
2330,GLP,ECCS,1973,2026-04-01,synthetic revision
2331,GTM,ECCS,1973,2026-04-01,synthetic revision
2332,GUF,ECCS,1973,2026-04-01,synthetic revision
2333,GIN,ECCS,1973,2026-04-01,synthetic revision
2334,GNB,ECCS,1973,2026-04-01,synthetic revision
2335,GUY,ECCS,1973,2026-04-01,synthetic revision
2336,HTI,ECCS,1973,2026-04-01,synthetic revision
2337,VAT,ECCS,1973,2026-04-01,synthetic revision
2338,HND,ECCS,1973,2026-04-01,synthetic revision
2339,HUN,ECCS,1973,2026-04-01,synthetic revision
2340,ISL,ECCS,1973,2026-04-01,synthetic revision
2341,IND,ECCS,1973,2026-04-01,synthetic revision
2342,IDN,ECCS,1973,2026-04-01,synthetic revision
2343,IRN,ECCS,1973,2026-04-01,synthetic revision
2344,IRQ,ECCS,1973,2026-04-01,synthetic revision
2345,IRL,ECCS,1973,2026-04-01,synthetic revision
2346,IMN,ECCS,1973,2026-04-01,synthetic revision
2347,ISR,ECCS,1973,2026-04-01,synthetic revision
2348,ITA,ECCS,1973,2026-04-01,synthetic revision
2349,JAM,ECCS,1973,2026-04-01,synthetic revision
2350,JPN,ECCS,1973,2026-04-01,synthetic revision
2351,JOR,ECCS,1973,2026-04-01,synthetic revision
2352,KEN,ECCS,1973,2026-04-01,synthetic revision
2353,KIR,ECCS,1973,2026-04-01,synthetic revision
2354,PRK,ECCS,1973,2026-04-01,synthetic revision
2355,KOR,ECCS,1973,2026-04-01,synthetic revision
2356,KWT,ECCS,1973,2026-04-01,synthetic revision
2357,LAO,ECCS,1973,2026-04-01,synthetic revision
2358,LBN,ECCS,1973,2026-04-01,synthetic revision
2359,LSO,ECCS,1973,2026-04-01,synthetic revision
2360,LBR,ECCS,1973,2026-04-01,synthetic revision
2361,LBY,ECCS,1973,2026-04-01,synthetic revision
2362,LIE,ECCS,1973,2026-04-01,synthetic revision
2363,MDG,ECCS,1973,2026-04-01,synthetic revision
2364,MWI,ECCS,1973,2026-04-01,synthetic revision
2365,MYS,ECCS,1973,2026-04-01,synthetic revision
2366,MDV,ECCS,1973,2026-04-01,synthetic revision
2367,MLI,ECCS,1973,2026-04-01,synthetic revision
2368,MLT,ECCS,1973,2026-04-01,synthetic revision
2369,MTQ,ECCS,1973,2026-04-01,synthetic revision
2370,MRT,ECCS,1973,2026-04-01,synthetic revision
2371,MUS,ECCS,1973,2026-04-01,synthetic revision
2372,MYT,ECCS,1973,2026-04-01,synthetic revision
2373,MEX,ECCS,1973,2026-04-01,synthetic revision
2374,MCO,ECCS,1973,2026-04-01,synthetic revision
2375,MNG,ECCS,1973,2026-04-01,synthetic revision
2376,MSR,ECCS,1973,2026-04-01,synthetic revision
2377,MAR,ECCS,1973,2026-04-01,synthetic revision
2378,MOZ,ECCS,1973,2026-04-01,synthetic revision
2379,MMR,ECCS,1973,2026-04-01,synthetic revision
2380,NRU,ECCS,1973,2026-04-01,synthetic revision
2381,NPL,ECCS,1973,2026-04-01,synthetic revision
2382,NLD,ECCS,1973,2026-04-01,synthetic revision
2383,NCL,ECCS,1973,2026-04-01,synthetic revision
2384,NZL,ECCS,1973,2026-04-01,synthetic revision
2385,NIC,ECCS,1973,2026-04-01,synthetic revision
2386,NER,ECCS,1973,2026-04-01,synthetic revision
2387,NGA,ECCS,1973,2026-04-01,synthetic revision
2388,NIU,ECCS,1973,2026-04-01,synthetic revision
2389,NFK,ECCS,1973,2026-04-01,synthetic revision
2390,NOR,ECCS,1973,2026-04-01,synthetic revision
2391,OMN,ECCS,1973,2026-04-01,synthetic revision
2392,PAK,ECCS,1973,2026-04-01,synthetic revision
2393,PAN,ECCS,1973,2026-04-01,synthetic revision
2394,PNG,ECCS,1973,2026-04-01,synthetic revision
2395,PRY,ECCS,1973,2026-04-01,synthetic revision
2396,PER,ECCS,1973,2026-04-01,synthetic revision
2397,PHL,ECCS,1973,2026-04-01,synthetic revision
2398,PCN,ECCS,1973,2026-04-01,synthetic revision
2399,POL,ECCS,1973,2026-04-01,synthetic revision
2400,PRT,ECCS,1973,2026-04-01,synthetic revision
2401,PRI,ECCS,1973,2026-04-01,synthetic revision
2402,QAT,ECCS,1973,2026-04-01,synthetic revision
2403,ROU,ECCS,1973,2026-04-01,synthetic revision
2404,RWA,ECCS,1973,2026-04-01,synthetic revision
2405,SPM,ECCS,1973,2026-04-01,synthetic revision
2406,WSM,ECCS,1973,2026-04-01,synthetic revision
2407,SMR,ECCS,1973,2026-04-01,synthetic revision
2408,STP,ECCS,1973,2026-04-01,synthetic revision
2409,SAU,ECCS,1973,2026-04-01,synthetic revision
2410,SEN,ECCS,1973,2026-04-01,synthetic revision
2411,SYC,ECCS,1973,2026-04-01,synthetic revision
2412,SLE,ECCS,1973,2026-04-01,synthetic revision
2413,SLB,ECCS,1973,2026-04-01,synthetic revision
2414,SOM,ECCS,1973,2026-04-01,synthetic revision
2415,ZAF,ECCS,1973,2026-04-01,synthetic revision
2416,ESP,ECCS,1973,2026-04-01,synthetic revision
2417,LKA,ECCS,1973,2026-04-01,synthetic revision
2418,KNA,ECCS,1973,2026-04-01,synthetic revision
2419,LCA,ECCS,1973,2026-04-01,synthetic revision
2420,VCT,ECCS,1973,2026-04-01,synthetic revision
2421,SUR,ECCS,1973,2026-04-01,synthetic revision
2422,SJM,ECCS,1973,2026-04-01,synthetic revision
2423,SWE,ECCS,1973,2026-04-01,synthetic revision
2424,CHE,ECCS,1973,2026-04-01,synthetic revision
2425,SYR,ECCS,1973,2026-04-01,synthetic revision
2426,TWN,ECCS,1973,2026-04-01,synthetic revision
2427,TZA,ECCS,1973,2026-04-01,synthetic revision
2428,THA,ECCS,1973,2026-04-01,synthetic revision
2429,TLS,ECCS,1973,2026-04-01,synthetic revision
2430,TGO,ECCS,1973,2026-04-01,synthetic revision
2431,TKL,ECCS,1973,2026-04-01,synthetic revision
2432,TON,ECCS,1973,2026-04-01,synthetic revision
2433,TTO,ECCS,1973,2026-04-01,synthetic revision
2434,TUN,ECCS,1973,2026-04-01,synthetic revision
2435,TCA,ECCS,1973,2026-04-01,synthetic revision
2436,TUV,ECCS,1973,2026-04-01,synthetic revision
2437,UGA,ECCS,1973,2026-04-01,synthetic revision
2438,ARE,ECCS,1973,2026-04-01,synthetic revision
2439,GBR,ECCS,1973,2026-04-01,synthetic revision
2440,USA,ECCS,1973,2026-04-01,synthetic revision
2441,VIR,ECCS,1973,2026-04-01,synthetic revision
2442,URY,ECCS,1973,2026-04-01,synthetic revision
2443,VUT,ECCS,1973,2026-04-01,synthetic revision
2444,VEN,ECCS,1973,2026-04-01,synthetic revision
2445,VNM,ECCS,1973,2026-04-01,synthetic revision
2446,WLF,ECCS,1973,2026-04-01,synthetic revision
2447,PSE,ECCS,1973,2026-04-01,synthetic revision
2448,ESH,ECCS,1973,2026-04-01,synthetic revision
2449,YEM,ECCS,1973,2026-04-01,synthetic revision
2450,ZMB,ECCS,1973,2026-04-01,synthetic revision
2451,ZWE,ECCS,1973,2026-04-01,synthetic revision
2452,AFG,ECCS,1974,2026-04-01,synthetic revision
2453,ALB,ECCS,1974,2026-04-01,synthetic revision
2454,DZA,ECCS,1974,2026-04-01,synthetic revision
2455,ASM,ECCS,1974,2026-04-01,synthetic revision
2456,AND,ECCS,1974,2026-04-01,synthetic revision
2457,AGO,ECCS,1974,2026-04-01,synthetic revision
2458,AIA,ECCS,1974,2026-04-01,synthetic revision
2459,ATG,ECCS,1974,2026-04-01,synthetic revision
2460,ARG,ECCS,1974,2026-04-01,synthetic revision
2461,ABW,ECCS,1974,2026-04-01,synthetic revision
2462,AUS,ECCS,1974,2026-04-01,synthetic revision
2463,AUT,ECCS,1974,2026-04-01,synthetic revision
2464,BHS,ECCS,1974,2026-04-01,synthetic revision
2465,BHR,ECCS,1974,2026-04-01,synthetic revision
2466,BGD,ECCS,1974,2026-04-01,synthetic revision
2467,BRB,ECCS,1974,2026-04-01,synthetic revision
2468,BLZ,ECCS,1974,2026-04-01,synthetic revision
2469,BEN,ECCS,1974,2026-04-01,synthetic revision
2470,BTN,ECCS,1974,2026-04-01,synthetic revision
2471,BOL,ECCS,1974,2026-04-01,synthetic revision
2472,BWA,ECCS,1974,2026-04-01,synthetic revision
2473,BRA,ECCS,1974,2026-04-01,synthetic revision
2474,VGB,ECCS,1974,2026-04-01,synthetic revision
2475,BRN,ECCS,1974,2026-04-01,synthetic revision
2476,BGR,ECCS,1974,2026-04-01,synthetic revision
2477,BFA,ECCS,1974,2026-04-01,synthetic revision
2478,BDI,ECCS,1974,2026-04-01,synthetic revision
2479,CPV,ECCS,1974,2026-04-01,synthetic revision
2480,KHM,ECCS,1974,2026-04-01,synthetic revision
2481,CMR,ECCS,1974,2026-04-01,synthetic revision
2482,CAN,ECCS,1974,2026-04-01,synthetic revision
2483,CYM,ECCS,1974,2026-04-01,synthetic revision
2484,CAF,ECCS,1974,2026-04-01,synthetic revision
2485,TCD,ECCS,1974,2026-04-01,synthetic revision
2486,CHL,ECCS,1974,2026-04-01,synthetic revision
2487,HKG,ECCS,1974,2026-04-01,synthetic revision
2488,MAC,ECCS,1974,2026-04-01,synthetic revision
2489,CHN,ECCS,1974,2026-04-01,synthetic revision
2490,COL,ECCS,1974,2026-04-01,synthetic revision
2491,COM,ECCS,1974,2026-04-01,synthetic revision
2492,COD,ECCS,1974,2026-04-01,synthetic revision
2493,COG,ECCS,1974,2026-04-01,synthetic revision
2494,COK,ECCS,1974,2026-04-01,synthetic revision
2495,CRI,ECCS,1974,2026-04-01,synthetic revision
2496,CUB,ECCS,1974,2026-04-01,synthetic revision
2497,CYP,ECCS,1974,2026-04-01,synthetic revision
2498,DNK,ECCS,1974,2026-04-01,synthetic revision
2499,DJI,ECCS,1974,2026-04-01,synthetic revision
2500,DMA,ECCS,1974,2026-04-01,synthetic revision
2501,DOM,ECCS,1974,2026-04-01,synthetic revision
2502,ECU,ECCS,1974,2026-04-01,synthetic revision
2503,EGY,ECCS,1974,2026-04-01,synthetic revision
2504,SLV,ECCS,1974,2026-04-01,synthetic revision
2505,GNQ,ECCS,1974,2026-04-01,synthetic revision
2506,SWZ,ECCS,1974,2026-04-01,synthetic revision
2507,FLK,ECCS,1974,2026-04-01,synthetic revision
2508,FRO,ECCS,1974,2026-04-01,synthetic revision
2509,FJI,ECCS,1974,2026-04-01,synthetic revision
2510,FIN,ECCS,1974,2026-04-01,synthetic revision
2511,FRA,ECCS,1974,2026-04-01,synthetic revision
2512,PYF,ECCS,1974,2026-04-01,synthetic revision
2513,GAB,ECCS,1974,2026-04-01,synthetic revision
2514,GMB,ECCS,1974,2026-04-01,synthetic revision
2515,DEU,ECCS,1974,2026-04-01,synthetic revision
2516,GHA,ECCS,1974,2026-04-01,synthetic revision
2517,GIB,ECCS,1974,2026-04-01,synthetic revision
2518,GRC,ECCS,1974,2026-04-01,synthetic revision
2519,GRL,ECCS,1974,2026-04-01,synthetic revision
2520,GRD,ECCS,1974,2026-04-01,synthetic revision
2521,GLP,ECCS,1974,2026-04-01,synthetic revision
2522,GTM,ECCS,1974,2026-04-01,synthetic revision
2523,GUF,ECCS,1974,2026-04-01,synthetic revision
2524,GIN,ECCS,1974,2026-04-01,synthetic revision
2525,GNB,ECCS,1974,2026-04-01,synthetic revision
2526,GUY,ECCS,1974,2026-04-01,synthetic revision
2527,HTI,ECCS,1974,2026-04-01,synthetic revision
2528,VAT,ECCS,1974,2026-04-01,synthetic revision
2529,HND,ECCS,1974,2026-04-01,synthetic revision
2530,HUN,ECCS,1974,2026-04-01,synthetic revision
2531,ISL,ECCS,1974,2026-04-01,synthetic revision
2532,IND,ECCS,1974,2026-04-01,synthetic revision
2533,IDN,ECCS,1974,2026-04-01,synthetic revision
2534,IRN,ECCS,1974,2026-04-01,synthetic revision
2535,IRQ,ECCS,1974,2026-04-01,synthetic revision
2536,IRL,ECCS,1974,2026-04-01,synthetic revision
2537,IMN,ECCS,1974,2026-04-01,synthetic revision
2538,ISR,ECCS,1974,2026-04-01,synthetic revision
2539,ITA,ECCS,1974,2026-04-01,synthetic revision
2540,JAM,ECCS,1974,2026-04-01,synthetic revision
2541,JPN,ECCS,1974,2026-04-01,synthetic revision
2542,JOR,ECCS,1974,2026-04-01,synthetic revision
2543,KEN,ECCS,1974,2026-04-01,synthetic revision
2544,KIR,ECCS,1974,2026-04-01,synthetic revision
2545,PRK,ECCS,1974,2026-04-01,synthetic revision
2546,KOR,ECCS,1974,2026-04-01,synthetic revision
2547,KWT,ECCS,1974,2026-04-01,synthetic revision
2548,LAO,ECCS,1974,2026-04-01,synthetic revision
2549,LBN,ECCS,1974,2026-04-01,synthetic revision
2550,LSO,ECCS,1974,2026-04-01,synthetic revision
2551,LBR,ECCS,1974,2026-04-01,synthetic revision
2552,LBY,ECCS,1974,2026-04-01,synthetic revision
2553,LIE,ECCS,1974,2026-04-01,synthetic revision
2554,MDG,ECCS,1974,2026-04-01,synthetic revision
2555,MWI,ECCS,1974,2026-04-01,synthetic revision
2556,MYS,ECCS,1974,2026-04-01,synthetic revision
2557,MDV,ECCS,1974,2026-04-01,synthetic revision
2558,MLI,ECCS,1974,2026-04-01,synthetic revision
2559,MLT,ECCS,1974,2026-04-01,synthetic revision
2560,MTQ,ECCS,1974,2026-04-01,synthetic revision
2561,MRT,ECCS,1974,2026-04-01,synthetic revision
2562,MUS,ECCS,1974,2026-04-01,synthetic revision
2563,MYT,ECCS,1974,2026-04-01,synthetic revision
2564,MEX,ECCS,1974,2026-04-01,synthetic revision
2565,MCO,ECCS,1974,2026-04-01,synthetic revision
2566,MNG,ECCS,1974,2026-04-01,synthetic revision
2567,MSR,ECCS,1974,2026-04-01,synthetic revision
2568,MAR,ECCS,1974,2026-04-01,synthetic revision
2569,MOZ,ECCS,1974,2026-04-01,synthetic revision
2570,MMR,ECCS,1974,2026-04-01,synthetic revision
2571,NRU,ECCS,1974,2026-04-01,synthetic revision
2572,NPL,ECCS,1974,2026-04-01,synthetic revision
2573,NLD,ECCS,1974,2026-04-01,synthetic revision
2574,NCL,ECCS,1974,2026-04-01,synthetic revision
2575,NZL,ECCS,1974,2026-04-01,synthetic revision
2576,NIC,ECCS,1974,2026-04-01,synthetic revision
2577,NER,ECCS,1974,2026-04-01,synthetic revision
2578,NGA,ECCS,1974,2026-04-01,synthetic revision
2579,NIU,ECCS,1974,2026-04-01,synthetic revision
2580,NOR,ECCS,1974,2026-04-01,synthetic revision
2581,OMN,ECCS,1974,2026-04-01,synthetic revision
2582,PAK,ECCS,1974,2026-04-01,synthetic revision
2583,PAN,ECCS,1974,2026-04-01,synthetic revision
2584,PNG,ECCS,1974,2026-04-01,synthetic revision
2585,PRY,ECCS,1974,2026-04-01,synthetic revision
2586,PER,ECCS,1974,2026-04-01,synthetic revision
2587,PHL,ECCS,1974,2026-04-01,synthetic revision
2588,PCN,ECCS,1974,2026-04-01,synthetic revision
2589,POL,ECCS,1974,2026-04-01,synthetic revision
2590,PRT,ECCS,1974,2026-04-01,synthetic revision
2591,PRI,ECCS,1974,2026-04-01,synthetic revision
2592,QAT,ECCS,1974,2026-04-01,synthetic revision
2593,ROU,ECCS,1974,2026-04-01,synthetic revision
2594,RWA,ECCS,1974,2026-04-01,synthetic revision
2595,SPM,ECCS,1974,2026-04-01,synthetic revision
2596,WSM,ECCS,1974,2026-04-01,synthetic revision
2597,SMR,ECCS,1974,2026-04-01,synthetic revision
2598,STP,ECCS,1974,2026-04-01,synthetic revision
2599,SAU,ECCS,1974,2026-04-01,synthetic revision
2600,SEN,ECCS,1974,2026-04-01,synthetic revision
2601,SYC,ECCS,1974,2026-04-01,synthetic revision
2602,SLE,ECCS,1974,2026-04-01,synthetic revision
2603,SLB,ECCS,1974,2026-04-01,synthetic revision
2604,SOM,ECCS,1974,2026-04-01,synthetic revision
2605,ZAF,ECCS,1974,2026-04-01,synthetic revision
2606,ESP,ECCS,1974,2026-04-01,synthetic revision
2607,LKA,ECCS,1974,2026-04-01,synthetic revision
2608,KNA,ECCS,1974,2026-04-01,synthetic revision
2609,LCA,ECCS,1974,2026-04-01,synthetic revision
2610,VCT,ECCS,1974,2026-04-01,synthetic revision
2611,SUR,ECCS,1974,2026-04-01,synthetic revision
2612,SJM,ECCS,1974,2026-04-01,synthetic revision
2613,SWE,ECCS,1974,2026-04-01,synthetic revision
2614,CHE,ECCS,1974,2026-04-01,synthetic revision
2615,SYR,ECCS,1974,2026-04-01,synthetic revision
2616,TWN,ECCS,1974,2026-04-01,synthetic revision
2617,TZA,ECCS,1974,2026-04-01,synthetic revision
2618,THA,ECCS,1974,2026-04-01,synthetic revision
2619,TLS,ECCS,1974,2026-04-01,synthetic revision
2620,TGO,ECCS,1974,2026-04-01,synthetic revision
2621,TKL,ECCS,1974,2026-04-01,synthetic revision
2622,TON,ECCS,1974,2026-04-01,synthetic revision
2623,TTO,ECCS,1974,2026-04-01,synthetic revision
2624,TUN,ECCS,1974,2026-04-01,synthetic revision
2625,TCA,ECCS,1974,2026-04-01,synthetic revision
2626,TUV,ECCS,1974,2026-04-01,synthetic revision
2627,UGA,ECCS,1974,2026-04-01,synthetic revision
2628,ARE,ECCS,1974,2026-04-01,synthetic revision
2629,GBR,ECCS,1974,2026-04-01,synthetic revision
2630,USA,ECCS,1974,2026-04-01,synthetic revision
2631,VIR,ECCS,1974,2026-04-01,synthetic revision
2632,URY,ECCS,1974,2026-04-01,synthetic revision
2633,VUT,ECCS,1974,2026-04-01,synthetic revision
2634,VEN,ECCS,1974,2026-04-01,synthetic revision
2635,VNM,ECCS,1974,2026-04-01,synthetic revision
2636,WLF,ECCS,1974,2026-04-01,synthetic revision
2637,PSE,ECCS,1974,2026-04-01,synthetic revision
2638,ESH,ECCS,1974,2026-04-01,synthetic revision
2639,YEM,ECCS,1974,2026-04-01,synthetic revision
2640,ZMB,ECCS,1974,2026-04-01,synthetic revision
2641,ZWE,ECCS,1974,2026-04-01,synthetic revision
2642,AFG,ECCS,1975,2026-04-01,synthetic revision
2643,ALB,ECCS,1975,2026-04-01,synthetic revision
2644,DZA,ECCS,1975,2026-04-01,synthetic revision
2645,ASM,ECCS,1975,2026-04-01,synthetic revision
2646,AND,ECCS,1975,2026-04-01,synthetic revision
2647,AGO,ECCS,1975,2026-04-01,synthetic revision
2648,AIA,ECCS,1975,2026-04-01,synthetic revision
2649,ATG,ECCS,1975,2026-04-01,synthetic revision
2650,ARG,ECCS,1975,2026-04-01,synthetic revision
2651,ABW,ECCS,1975,2026-04-01,synthetic revision
2652,AUS,ECCS,1975,2026-04-01,synthetic revision
2653,AUT,ECCS,1975,2026-04-01,synthetic revision
2654,BHS,ECCS,1975,2026-04-01,synthetic revision
2655,BHR,ECCS,1975,2026-04-01,synthetic revision
2656,BGD,ECCS,1975,2026-04-01,synthetic revision
2657,BRB,ECCS,1975,2026-04-01,synthetic revision
2658,BLZ,ECCS,1975,2026-04-01,synthetic revision
2659,BEN,ECCS,1975,2026-04-01,synthetic revision
2660,BTN,ECCS,1975,2026-04-01,synthetic revision
2661,BOL,ECCS,1975,2026-04-01,synthetic revision
2662,BWA,ECCS,1975,2026-04-01,synthetic revision
2663,BRA,ECCS,1975,2026-04-01,synthetic revision
2664,VGB,ECCS,1975,2026-04-01,synthetic revision
2665,BRN,ECCS,1975,2026-04-01,synthetic revision
2666,BGR,ECCS,1975,2026-04-01,synthetic revision
2667,BFA,ECCS,1975,2026-04-01,synthetic revision
2668,KHM,ECCS,1975,2026-04-01,synthetic revision
2669,CMR,ECCS,1975,2026-04-01,synthetic revision
2670,CAN,ECCS,1975,2026-04-01,synthetic revision
2671,CYM,ECCS,1975,2026-04-01,synthetic revision
2672,CAF,ECCS,1975,2026-04-01,synthetic revision
2673,TCD,ECCS,1975,2026-04-01,synthetic revision
2674,CHL,ECCS,1975,2026-04-01,synthetic revision
2675,HKG,ECCS,1975,2026-04-01,synthetic revision
2676,MAC,ECCS,1975,2026-04-01,synthetic revision
2677,CHN,ECCS,1975,2026-04-01,synthetic revision
2678,COL,ECCS,1975,2026-04-01,synthetic revision
2679,COM,ECCS,1975,2026-04-01,synthetic revision
2680,COD,ECCS,1975,2026-04-01,synthetic revision
2681,COG,ECCS,1975,2026-04-01,synthetic revision
2682,COK,ECCS,1975,2026-04-01,synthetic revision
2683,CRI,ECCS,1975,2026-04-01,synthetic revision
2684,CUB,ECCS,1975,2026-04-01,synthetic revision
2685,CYP,ECCS,1975,2026-04-01,synthetic revision
2686,DNK,ECCS,1975,2026-04-01,synthetic revision
2687,DJI,ECCS,1975,2026-04-01,synthetic revision
2688,DMA,ECCS,1975,2026-04-01,synthetic revision
2689,DOM,ECCS,1975,2026-04-01,synthetic revision
2690,ECU,ECCS,1975,2026-04-01,synthetic revision
2691,EGY,ECCS,1975,2026-04-01,synthetic revision
2692,SLV,ECCS,1975,2026-04-01,synthetic revision
2693,GNQ,ECCS,1975,2026-04-01,synthetic revision
2694,SWZ,ECCS,1975,2026-04-01,synthetic revision
2695,FLK,ECCS,1975,2026-04-01,synthetic revision
2696,FRO,ECCS,1975,2026-04-01,synthetic revision
2697,FJI,ECCS,1975,2026-04-01,synthetic revision
2698,FIN,ECCS,1975,2026-04-01,synthetic revision
2699,FRA,ECCS,1975,2026-04-01,synthetic revision
2700,PYF,ECCS,1975,2026-04-01,synthetic revision
2701,GAB,ECCS,1975,2026-04-01,synthetic revision
2702,GMB,ECCS,1975,2026-04-01,synthetic revision
2703,DEU,ECCS,1975,2026-04-01,synthetic revision
2704,GHA,ECCS,1975,2026-04-01,synthetic revision
2705,GIB,ECCS,1975,2026-04-01,synthetic revision
2706,GRC,ECCS,1975,2026-04-01,synthetic revision
2707,GRL,ECCS,1975,2026-04-01,synthetic revision
2708,GRD,ECCS,1975,2026-04-01,synthetic revision
2709,GLP,ECCS,1975,2026-04-01,synthetic revision
2710,GTM,ECCS,1975,2026-04-01,synthetic revision
2711,GUF,ECCS,1975,2026-04-01,synthetic revision
2712,GIN,ECCS,1975,2026-04-01,synthetic revision
2713,GNB,ECCS,1975,2026-04-01,synthetic revision
2714,GUY,ECCS,1975,2026-04-01,synthetic revision
2715,HTI,ECCS,1975,2026-04-01,synthetic revision
2716,VAT,ECCS,1975,2026-04-01,synthetic revision
2717,HND,ECCS,1975,2026-04-01,synthetic revision
2718,HUN,ECCS,1975,2026-04-01,synthetic revision
2719,ISL,ECCS,1975,2026-04-01,synthetic revision
2720,IND,ECCS,1975,2026-04-01,synthetic revision
2721,IDN,ECCS,1975,2026-04-01,synthetic revision
2722,IRN,ECCS,1975,2026-04-01,synthetic revision
2723,IRQ,ECCS,1975,2026-04-01,synthetic revision
2724,IRL,ECCS,1975,2026-04-01,synthetic revision
2725,IMN,ECCS,1975,2026-04-01,synthetic revision
2726,ISR,ECCS,1975,2026-04-01,synthetic revision
2727,ITA,ECCS,1975,2026-04-01,synthetic revision
2728,JAM,ECCS,1975,2026-04-01,synthetic revision
2729,JPN,ECCS,1975,2026-04-01,synthetic revision
2730,JOR,ECCS,1975,2026-04-01,synthetic revision
2731,KEN,ECCS,1975,2026-04-01,synthetic revision
2732,KIR,ECCS,1975,2026-04-01,synthetic revision
2733,PRK,ECCS,1975,2026-04-01,synthetic revision
2734,KOR,ECCS,1975,2026-04-01,synthetic revision
2735,KWT,ECCS,1975,2026-04-01,synthetic revision
2736,LAO,ECCS,1975,2026-04-01,synthetic revision
2737,LBN,ECCS,1975,2026-04-01,synthetic revision
2738,LSO,ECCS,1975,2026-04-01,synthetic revision
2739,LBR,ECCS,1975,2026-04-01,synthetic revision
2740,LBY,ECCS,1975,2026-04-01,synthetic revision
2741,LIE,ECCS,1975,2026-04-01,synthetic revision
2742,MDG,ECCS,1975,2026-04-01,synthetic revision
2743,MWI,ECCS,1975,2026-04-01,synthetic revision
2744,MYS,ECCS,1975,2026-04-01,synthetic revision
2745,MDV,ECCS,1975,2026-04-01,synthetic revision
2746,MLI,ECCS,1975,2026-04-01,synthetic revision
2747,MLT,ECCS,1975,2026-04-01,synthetic revision
2748,MTQ,ECCS,1975,2026-04-01,synthetic revision
2749,MRT,ECCS,1975,2026-04-01,synthetic revision
2750,MUS,ECCS,1975,2026-04-01,synthetic revision
2751,MYT,ECCS,1975,2026-04-01,synthetic revision
2752,MEX,ECCS,1975,2026-04-01,synthetic revision
2753,MCO,ECCS,1975,2026-04-01,synthetic revision
2754,MNG,ECCS,1975,2026-04-01,synthetic revision
2755,MSR,ECCS,1975,2026-04-01,synthetic revision
2756,MAR,ECCS,1975,2026-04-01,synthetic revision
2757,MOZ,ECCS,1975,2026-04-01,synthetic revision
2758,MMR,ECCS,1975,2026-04-01,synthetic revision
2759,NRU,ECCS,1975,2026-04-01,synthetic revision
2760,NPL,ECCS,1975,2026-04-01,synthetic revision
2761,NLD,ECCS,1975,2026-04-01,synthetic revision
2762,NCL,ECCS,1975,2026-04-01,synthetic revision
2763,NZL,ECCS,1975,2026-04-01,synthetic revision
2764,NIC,ECCS,1975,2026-04-01,synthetic revision
2765,NER,ECCS,1975,2026-04-01,synthetic revision
2766,NGA,ECCS,1975,2026-04-01,synthetic revision
2767,NIU,ECCS,1975,2026-04-01,synthetic revision
2768,NOR,ECCS,1975,2026-04-01,synthetic revision
2769,OMN,ECCS,1975,2026-04-01,synthetic revision
2770,PAK,ECCS,1975,2026-04-01,synthetic revision
2771,PAN,ECCS,1975,2026-04-01,synthetic revision
2772,PNG,ECCS,1975,2026-04-01,synthetic revision
2773,PRY,ECCS,1975,2026-04-01,synthetic revision
2774,PER,ECCS,1975,2026-04-01,synthetic revision
2775,PHL,ECCS,1975,2026-04-01,synthetic revision
2776,PCN,ECCS,1975,2026-04-01,synthetic revision
2777,POL,ECCS,1975,2026-04-01,synthetic revision
2778,PRT,ECCS,1975,2026-04-01,synthetic revision
2779,PRI,ECCS,1975,2026-04-01,synthetic revision
2780,QAT,ECCS,1975,2026-04-01,synthetic revision
2781,ROU,ECCS,1975,2026-04-01,synthetic revision
2782,SPM,ECCS,1975,2026-04-01,synthetic revision
2783,WSM,ECCS,1975,2026-04-01,synthetic revision
2784,SMR,ECCS,1975,2026-04-01,synthetic revision
2785,STP,ECCS,1975,2026-04-01,synthetic revision
2786,SAU,ECCS,1975,2026-04-01,synthetic revision
2787,SEN,ECCS,1975,2026-04-01,synthetic revision
2788,SYC,ECCS,1975,2026-04-01,synthetic revision
2789,SLE,ECCS,1975,2026-04-01,synthetic revision
2790,SLB,ECCS,1975,2026-04-01,synthetic revision
2791,SOM,ECCS,1975,2026-04-01,synthetic revision
2792,ZAF,ECCS,1975,2026-04-01,synthetic revision
2793,ESP,ECCS,1975,2026-04-01,synthetic revision
2794,LKA,ECCS,1975,2026-04-01,synthetic revision
2795,KNA,ECCS,1975,2026-04-01,synthetic revision
2796,LCA,ECCS,1975,2026-04-01,synthetic revision
2797,VCT,ECCS,1975,2026-04-01,synthetic revision
2798,SUR,ECCS,1975,2026-04-01,synthetic revision
2799,SJM,ECCS,1975,2026-04-01,synthetic revision
2800,SWE,ECCS,1975,2026-04-01,synthetic revision
2801,CHE,ECCS,1975,2026-04-01,synthetic revision
2802,SYR,ECCS,1975,2026-04-01,synthetic revision
2803,TWN,ECCS,1975,2026-04-01,synthetic revision
2804,TZA,ECCS,1975,2026-04-01,synthetic revision
2805,THA,ECCS,1975,2026-04-01,synthetic revision
2806,TLS,ECCS,1975,2026-04-01,synthetic revision
2807,TGO,ECCS,1975,2026-04-01,synthetic revision
2808,TKL,ECCS,1975,2026-04-01,synthetic revision
2809,TON,ECCS,1975,2026-04-01,synthetic revision
2810,TTO,ECCS,1975,2026-04-01,synthetic revision
2811,TUN,ECCS,1975,2026-04-01,synthetic revision
2812,TCA,ECCS,1975,2026-04-01,synthetic revision
2813,UGA,ECCS,1975,2026-04-01,synthetic revision
2814,ARE,ECCS,1975,2026-04-01,synthetic revision
2815,GBR,ECCS,1975,2026-04-01,synthetic revision
2816,USA,ECCS,1975,2026-04-01,synthetic revision
2817,VIR,ECCS,1975,2026-04-01,synthetic revision
2818,URY,ECCS,1975,2026-04-01,synthetic revision
2819,VUT,ECCS,1975,2026-04-01,synthetic revision
2820,VEN,ECCS,1975,2026-04-01,synthetic revision
2821,VNM,ECCS,1975,2026-04-01,synthetic revision
2822,WLF,ECCS,1975,2026-04-01,synthetic revision
2823,PSE,ECCS,1975,2026-04-01,synthetic revision
2824,ESH,ECCS,1975,2026-04-01,synthetic revision
2825,YEM,ECCS,1975,2026-04-01,synthetic revision
2826,ZMB,ECCS,1975,2026-04-01,synthetic revision
2827,ZWE,ECCS,1975,2026-04-01,synthetic revision
2828,AFG,ECCS,1976,2026-04-01,synthetic revision
2829,ALB,ECCS,1976,2026-04-01,synthetic revision
2830,DZA,ECCS,1976,2026-04-01,synthetic revision
2831,ASM,ECCS,1976,2026-04-01,synthetic revision
2832,AND,ECCS,1976,2026-04-01,synthetic revision
2833,AGO,ECCS,1976,2026-04-01,synthetic revision
2834,AIA,ECCS,1976,2026-04-01,synthetic revision
2835,ATG,ECCS,1976,2026-04-01,synthetic revision
2836,ARG,ECCS,1976,2026-04-01,synthetic revision
2837,AUS,ECCS,1976,2026-04-01,synthetic revision
2838,AUT,ECCS,1976,2026-04-01,synthetic revision
2839,BHS,ECCS,1976,2026-04-01,synthetic revision
2840,BHR,ECCS,1976,2026-04-01,synthetic revision
2841,BGD,ECCS,1976,2026-04-01,synthetic revision
2842,BRB,ECCS,1976,2026-04-01,synthetic revision
2843,BLZ,ECCS,1976,2026-04-01,synthetic revision
2844,BEN,ECCS,1976,2026-04-01,synthetic revision
2845,BTN,ECCS,1976,2026-04-01,synthetic revision
2846,BOL,ECCS,1976,2026-04-01,synthetic revision
2847,BWA,ECCS,1976,2026-04-01,synthetic revision
2848,BRA,ECCS,1976,2026-04-01,synthetic revision
2849,VGB,ECCS,1976,2026-04-01,synthetic revision
2850,BRN,ECCS,1976,2026-04-01,synthetic revision
2851,BGR,ECCS,1976,2026-04-01,synthetic revision
2852,BFA,ECCS,1976,2026-04-01,synthetic revision
2853,CPV,ECCS,1976,2026-04-01,synthetic revision
2854,KHM,ECCS,1976,2026-04-01,synthetic revision
2855,CMR,ECCS,1976,2026-04-01,synthetic revision
2856,CAN,ECCS,1976,2026-04-01,synthetic revision
2857,CYM,ECCS,1976,2026-04-01,synthetic revision
2858,CAF,ECCS,1976,2026-04-01,synthetic revision
2859,TCD,ECCS,1976,2026-04-01,synthetic revision
2860,CHL,ECCS,1976,2026-04-01,synthetic revision
2861,HKG,ECCS,1976,2026-04-01,synthetic revision
2862,MAC,ECCS,1976,2026-04-01,synthetic revision
2863,CHN,ECCS,1976,2026-04-01,synthetic revision
2864,COL,ECCS,1976,2026-04-01,synthetic revision
2865,COM,ECCS,1976,2026-04-01,synthetic revision
2866,COD,ECCS,1976,2026-04-01,synthetic revision
2867,COG,ECCS,1976,2026-04-01,synthetic revision
2868,COK,ECCS,1976,2026-04-01,synthetic revision
2869,CRI,ECCS,1976,2026-04-01,synthetic revision
2870,CUB,ECCS,1976,2026-04-01,synthetic revision
2871,CYP,ECCS,1976,2026-04-01,synthetic revision
2872,DNK,ECCS,1976,2026-04-01,synthetic revision
2873,DJI,ECCS,1976,2026-04-01,synthetic revision
2874,DMA,ECCS,1976,2026-04-01,synthetic revision
2875,DOM,ECCS,1976,2026-04-01,synthetic revision
2876,ECU,ECCS,1976,2026-04-01,synthetic revision
2877,EGY,ECCS,1976,2026-04-01,synthetic revision
2878,SLV,ECCS,1976,2026-04-01,synthetic revision
2879,GNQ,ECCS,1976,2026-04-01,synthetic revision
2880,SWZ,ECCS,1976,2026-04-01,synthetic revision
2881,FLK,ECCS,1976,2026-04-01,synthetic revision
2882,FRO,ECCS,1976,2026-04-01,synthetic revision
2883,FJI,ECCS,1976,2026-04-01,synthetic revision
2884,FIN,ECCS,1976,2026-04-01,synthetic revision
2885,FRA,ECCS,1976,2026-04-01,synthetic revision
2886,PYF,ECCS,1976,2026-04-01,synthetic revision
2887,GAB,ECCS,1976,2026-04-01,synthetic revision
2888,GMB,ECCS,1976,2026-04-01,synthetic revision
2889,DEU,ECCS,1976,2026-04-01,synthetic revision
2890,GHA,ECCS,1976,2026-04-01,synthetic revision
2891,GIB,ECCS,1976,2026-04-01,synthetic revision
2892,GRC,ECCS,1976,2026-04-01,synthetic revision
2893,GRL,ECCS,1976,2026-04-01,synthetic revision
2894,GRD,ECCS,1976,2026-04-01,synthetic revision
2895,GLP,ECCS,1976,2026-04-01,synthetic revision
2896,GTM,ECCS,1976,2026-04-01,synthetic revision
2897,GUF,ECCS,1976,2026-04-01,synthetic revision
2898,GIN,ECCS,1976,2026-04-01,synthetic revision
2899,GNB,ECCS,1976,2026-04-01,synthetic revision
2900,GUY,ECCS,1976,2026-04-01,synthetic revision
2901,HTI,ECCS,1976,2026-04-01,synthetic revision
2902,VAT,ECCS,1976,2026-04-01,synthetic revision
2903,HND,ECCS,1976,2026-04-01,synthetic revision
2904,HUN,ECCS,1976,2026-04-01,synthetic revision
2905,ISL,ECCS,1976,2026-04-01,synthetic revision
2906,IND,ECCS,1976,2026-04-01,synthetic revision
2907,IDN,ECCS,1976,2026-04-01,synthetic revision
2908,IRN,ECCS,1976,2026-04-01,synthetic revision
2909,IRQ,ECCS,1976,2026-04-01,synthetic revision
2910,IRL,ECCS,1976,2026-04-01,synthetic revision
2911,IMN,ECCS,1976,2026-04-01,synthetic revision
2912,ISR,ECCS,1976,2026-04-01,synthetic revision
2913,ITA,ECCS,1976,2026-04-01,synthetic revision
2914,JAM,ECCS,1976,2026-04-01,synthetic revision
2915,JPN,ECCS,1976,2026-04-01,synthetic revision
2916,JOR,ECCS,1976,2026-04-01,synthetic revision
2917,KEN,ECCS,1976,2026-04-01,synthetic revision
2918,KIR,ECCS,1976,2026-04-01,synthetic revision
2919,PRK,ECCS,1976,2026-04-01,synthetic revision
2920,KOR,ECCS,1976,2026-04-01,synthetic revision
2921,KWT,ECCS,1976,2026-04-01,synthetic revision
2922,LAO,ECCS,1976,2026-04-01,synthetic revision
2923,LBN,ECCS,1976,2026-04-01,synthetic revision
2924,LSO,ECCS,1976,2026-04-01,synthetic revision
2925,LBR,ECCS,1976,2026-04-01,synthetic revision
2926,LBY,ECCS,1976,2026-04-01,synthetic revision
2927,LIE,ECCS,1976,2026-04-01,synthetic revision
2928,MDG,ECCS,1976,2026-04-01,synthetic revision
2929,MWI,ECCS,1976,2026-04-01,synthetic revision
2930,MYS,ECCS,1976,2026-04-01,synthetic revision
2931,MDV,ECCS,1976,2026-04-01,synthetic revision
2932,MLI,ECCS,1976,2026-04-01,synthetic revision
2933,MLT,ECCS,1976,2026-04-01,synthetic revision
2934,MTQ,ECCS,1976,2026-04-01,synthetic revision
2935,MRT,ECCS,1976,2026-04-01,synthetic revision
2936,MUS,ECCS,1976,2026-04-01,synthetic revision
2937,MEX,ECCS,1976,2026-04-01,synthetic revision
2938,MCO,ECCS,1976,2026-04-01,synthetic revision
2939,MNG,ECCS,1976,2026-04-01,synthetic revision
2940,MSR,ECCS,1976,2026-04-01,synthetic revision
2941,MAR,ECCS,1976,2026-04-01,synthetic revision
2942,MOZ,ECCS,1976,2026-04-01,synthetic revision
2943,MMR,ECCS,1976,2026-04-01,synthetic revision
2944,NRU,ECCS,1976,2026-04-01,synthetic revision
2945,NPL,ECCS,1976,2026-04-01,synthetic revision
2946,NLD,ECCS,1976,2026-04-01,synthetic revision
2947,NCL,ECCS,1976,2026-04-01,synthetic revision
2948,NZL,ECCS,1976,2026-04-01,synthetic revision
2949,NIC,ECCS,1976,2026-04-01,synthetic revision
2950,NER,ECCS,1976,2026-04-01,synthetic revision
2951,NGA,ECCS,1976,2026-04-01,synthetic revision
2952,NIU,ECCS,1976,2026-04-01,synthetic revision
2953,NFK,ECCS,1976,2026-04-01,synthetic revision
2954,NOR,ECCS,1976,2026-04-01,synthetic revision
2955,OMN,ECCS,1976,2026-04-01,synthetic revision
2956,PAK,ECCS,1976,2026-04-01,synthetic revision
2957,PAN,ECCS,1976,2026-04-01,synthetic revision
2958,PNG,ECCS,1976,2026-04-01,synthetic revision
2959,PRY,ECCS,1976,2026-04-01,synthetic revision
2960,PER,ECCS,1976,2026-04-01,synthetic revision
2961,PHL,ECCS,1976,2026-04-01,synthetic revision
2962,PCN,ECCS,1976,2026-04-01,synthetic revision
2963,POL,ECCS,1976,2026-04-01,synthetic revision
2964,PRT,ECCS,1976,2026-04-01,synthetic revision
2965,PRI,ECCS,1976,2026-04-01,synthetic revision
2966,QAT,ECCS,1976,2026-04-01,synthetic revision
2967,ROU,ECCS,1976,2026-04-01,synthetic revision
2968,SPM,ECCS,1976,2026-04-01,synthetic revision
2969,WSM,ECCS,1976,2026-04-01,synthetic revision
2970,SMR,ECCS,1976,2026-04-01,synthetic revision
2971,STP,ECCS,1976,2026-04-01,synthetic revision
2972,SAU,ECCS,1976,2026-04-01,synthetic revision
2973,SEN,ECCS,1976,2026-04-01,synthetic revision
2974,SYC,ECCS,1976,2026-04-01,synthetic revision
2975,SLE,ECCS,1976,2026-04-01,synthetic revision
2976,SLB,ECCS,1976,2026-04-01,synthetic revision
2977,SOM,ECCS,1976,2026-04-01,synthetic revision
2978,ZAF,ECCS,1976,2026-04-01,synthetic revision
2979,ESP,ECCS,1976,2026-04-01,synthetic revision
2980,LKA,ECCS,1976,2026-04-01,synthetic revision
2981,KNA,ECCS,1976,2026-04-01,synthetic revision
2982,LCA,ECCS,1976,2026-04-01,synthetic revision
2983,VCT,ECCS,1976,2026-04-01,synthetic revision
2984,SUR,ECCS,1976,2026-04-01,synthetic revision
2985,SJM,ECCS,1976,2026-04-01,synthetic revision
2986,SWE,ECCS,1976,2026-04-01,synthetic revision
2987,CHE,ECCS,1976,2026-04-01,synthetic revision
2988,SYR,ECCS,1976,2026-04-01,synthetic revision
2989,TWN,ECCS,1976,2026-04-01,synthetic revision
2990,TZA,ECCS,1976,2026-04-01,synthetic revision
2991,THA,ECCS,1976,2026-04-01,synthetic revision
2992,TLS,ECCS,1976,2026-04-01,synthetic revision
2993,TGO,ECCS,1976,2026-04-01,synthetic revision
2994,TKL,ECCS,1976,2026-04-01,synthetic revision
2995,TON,ECCS,1976,2026-04-01,synthetic revision
2996,TTO,ECCS,1976,2026-04-01,synthetic revision
2997,TUN,ECCS,1976,2026-04-01,synthetic revision
2998,TCA,ECCS,1976,2026-04-01,synthetic revision
2999,TUV,ECCS,1976,2026-04-01,synthetic revision
3000,UGA,ECCS,1976,2026-04-01,synthetic revision
3001,ARE,ECCS,1976,2026-04-01,synthetic revision
3002,GBR,ECCS,1976,2026-04-01,synthetic revision
3003,USA,ECCS,1976,2026-04-01,synthetic revision
3004,VIR,ECCS,1976,2026-04-01,synthetic revision
3005,URY,ECCS,1976,2026-04-01,synthetic revision
3006,VUT,ECCS,1976,2026-04-01,synthetic revision
3007,VEN,ECCS,1976,2026-04-01,synthetic revision
3008,VNM,ECCS,1976,2026-04-01,synthetic revision
3009,WLF,ECCS,1976,2026-04-01,synthetic revision
3010,PSE,ECCS,1976,2026-04-01,synthetic revision
3011,ESH,ECCS,1976,2026-04-01,synthetic revision
3012,YEM,ECCS,1976,2026-04-01,synthetic revision
3013,ZMB,ECCS,1976,2026-04-01,synthetic revision
3014,ZWE,ECCS,1976,2026-04-01,synthetic revision
3015,AFG,ECCS,1977,2026-04-01,synthetic revision
3016,ALB,ECCS,1977,2026-04-01,synthetic revision
3017,DZA,ECCS,1977,2026-04-01,synthetic revision
3018,ASM,ECCS,1977,2026-04-01,synthetic revision
3019,AND,ECCS,1977,2026-04-01,synthetic revision
3020,AGO,ECCS,1977,2026-04-01,synthetic revision
3021,AIA,ECCS,1977,2026-04-01,synthetic revision
3022,ATG,ECCS,1977,2026-04-01,synthetic revision
3023,ARG,ECCS,1977,2026-04-01,synthetic revision
3024,AUS,ECCS,1977,2026-04-01,synthetic revision
3025,AUT,ECCS,1977,2026-04-01,synthetic revision
3026,BHS,ECCS,1977,2026-04-01,synthetic revision
3027,BHR,ECCS,1977,2026-04-01,synthetic revision
3028,BGD,ECCS,1977,2026-04-01,synthetic revision
3029,BRB,ECCS,1977,2026-04-01,synthetic revision
3030,BLZ,ECCS,1977,2026-04-01,synthetic revision
3031,BEN,ECCS,1977,2026-04-01,synthetic revision
3032,BTN,ECCS,1977,2026-04-01,synthetic revision
3033,BOL,ECCS,1977,2026-04-01,synthetic revision
3034,BWA,ECCS,1977,2026-04-01,synthetic revision
3035,BRA,ECCS,1977,2026-04-01,synthetic revision
3036,VGB,ECCS,1977,2026-04-01,synthetic revision
3037,BRN,ECCS,1977,2026-04-01,synthetic revision
3038,BGR,ECCS,1977,2026-04-01,synthetic revision
3039,BFA,ECCS,1977,2026-04-01,synthetic revision
3040,KHM,ECCS,1977,2026-04-01,synthetic revision
3041,CMR,ECCS,1977,2026-04-01,synthetic revision
3042,CAN,ECCS,1977,2026-04-01,synthetic revision
3043,CYM,ECCS,1977,2026-04-01,synthetic revision
3044,CAF,ECCS,1977,2026-04-01,synthetic revision
3045,TCD,ECCS,1977,2026-04-01,synthetic revision
3046,CHL,ECCS,1977,2026-04-01,synthetic revision
3047,HKG,ECCS,1977,2026-04-01,synthetic revision
3048,MAC,ECCS,1977,2026-04-01,synthetic revision
3049,CHN,ECCS,1977,2026-04-01,synthetic revision
3050,COL,ECCS,1977,2026-04-01,synthetic revision
3051,COM,ECCS,1977,2026-04-01,synthetic revision
3052,COD,ECCS,1977,2026-04-01,synthetic revision
3053,COG,ECCS,1977,2026-04-01,synthetic revision
3054,COK,ECCS,1977,2026-04-01,synthetic revision
3055,CRI,ECCS,1977,2026-04-01,synthetic revision
3056,CUB,ECCS,1977,2026-04-01,synthetic revision
3057,CYP,ECCS,1977,2026-04-01,synthetic revision
3058,DNK,ECCS,1977,2026-04-01,synthetic revision
3059,DJI,ECCS,1977,2026-04-01,synthetic revision
3060,DMA,ECCS,1977,2026-04-01,synthetic revision
3061,DOM,ECCS,1977,2026-04-01,synthetic revision
3062,ECU,ECCS,1977,2026-04-01,synthetic revision
3063,EGY,ECCS,1977,2026-04-01,synthetic revision
3064,SLV,ECCS,1977,2026-04-01,synthetic revision
3065,GNQ,ECCS,1977,2026-04-01,synthetic revision
3066,SWZ,ECCS,1977,2026-04-01,synthetic revision
3067,FLK,ECCS,1977,2026-04-01,synthetic revision
3068,FRO,ECCS,1977,2026-04-01,synthetic revision
3069,FJI,ECCS,1977,2026-04-01,synthetic revision
3070,FIN,ECCS,1977,2026-04-01,synthetic revision
3071,FRA,ECCS,1977,2026-04-01,synthetic revision
3072,PYF,ECCS,1977,2026-04-01,synthetic revision
3073,GAB,ECCS,1977,2026-04-01,synthetic revision
3074,GMB,ECCS,1977,2026-04-01,synthetic revision
3075,DEU,ECCS,1977,2026-04-01,synthetic revision
3076,GHA,ECCS,1977,2026-04-01,synthetic revision
3077,GIB,ECCS,1977,2026-04-01,synthetic revision
3078,GRC,ECCS,1977,2026-04-01,synthetic revision
3079,GRL,ECCS,1977,2026-04-01,synthetic revision
3080,GRD,ECCS,1977,2026-04-01,synthetic revision
3081,GLP,ECCS,1977,2026-04-01,synthetic revision
3082,GTM,ECCS,1977,2026-04-01,synthetic revision
3083,GUF,ECCS,1977,2026-04-01,synthetic revision
3084,GIN,ECCS,1977,2026-04-01,synthetic revision
3085,GNB,ECCS,1977,2026-04-01,synthetic revision
3086,GUY,ECCS,1977,2026-04-01,synthetic revision
3087,HTI,ECCS,1977,2026-04-01,synthetic revision
3088,VAT,ECCS,1977,2026-04-01,synthetic revision
3089,HND,ECCS,1977,2026-04-01,synthetic revision
3090,HUN,ECCS,1977,2026-04-01,synthetic revision
3091,ISL,ECCS,1977,2026-04-01,synthetic revision
3092,IND,ECCS,1977,2026-04-01,synthetic revision
3093,IDN,ECCS,1977,2026-04-01,synthetic revision
3094,IRN,ECCS,1977,2026-04-01,synthetic revision
3095,IRQ,ECCS,1977,2026-04-01,synthetic revision
3096,IRL,ECCS,1977,2026-04-01,synthetic revision
3097,IMN,ECCS,1977,2026-04-01,synthetic revision
3098,ISR,ECCS,1977,2026-04-01,synthetic revision
3099,ITA,ECCS,1977,2026-04-01,synthetic revision
3100,JPN,ECCS,1977,2026-04-01,synthetic revision
3101,JOR,ECCS,1977,2026-04-01,synthetic revision
3102,KEN,ECCS,1977,2026-04-01,synthetic revision
3103,KIR,ECCS,1977,2026-04-01,synthetic revision
3104,PRK,ECCS,1977,2026-04-01,synthetic revision
3105,KOR,ECCS,1977,2026-04-01,synthetic revision
3106,KWT,ECCS,1977,2026-04-01,synthetic revision
3107,LAO,ECCS,1977,2026-04-01,synthetic revision
3108,LBN,ECCS,1977,2026-04-01,synthetic revision
3109,LSO,ECCS,1977,2026-04-01,synthetic revision
3110,LBR,ECCS,1977,2026-04-01,synthetic revision
3111,LBY,ECCS,1977,2026-04-01,synthetic revision
3112,LIE,ECCS,1977,2026-04-01,synthetic revision
3113,MDG,ECCS,1977,2026-04-01,synthetic revision
3114,MWI,ECCS,1977,2026-04-01,synthetic revision
3115,MYS,ECCS,1977,2026-04-01,synthetic revision
3116,MDV,ECCS,1977,2026-04-01,synthetic revision
3117,MLI,ECCS,1977,2026-04-01,synthetic revision
3118,MLT,ECCS,1977,2026-04-01,synthetic revision
3119,MTQ,ECCS,1977,2026-04-01,synthetic revision
3120,MRT,ECCS,1977,2026-04-01,synthetic revision
3121,MUS,ECCS,1977,2026-04-01,synthetic revision
3122,MEX,ECCS,1977,2026-04-01,synthetic revision
3123,MCO,ECCS,1977,2026-04-01,synthetic revision
3124,MNG,ECCS,1977,2026-04-01,synthetic revision
3125,MSR,ECCS,1977,2026-04-01,synthetic revision
3126,MAR,ECCS,1977,2026-04-01,synthetic revision
3127,MOZ,ECCS,1977,2026-04-01,synthetic revision
3128,MMR,ECCS,1977,2026-04-01,synthetic revision
3129,NRU,ECCS,1977,2026-04-01,synthetic revision
3130,NPL,ECCS,1977,2026-04-01,synthetic revision
3131,NLD,ECCS,1977,2026-04-01,synthetic revision
3132,NCL,ECCS,1977,2026-04-01,synthetic revision
3133,NZL,ECCS,1977,2026-04-01,synthetic revision
3134,NIC,ECCS,1977,2026-04-01,synthetic revision
3135,NER,ECCS,1977,2026-04-01,synthetic revision
3136,NGA,ECCS,1977,2026-04-01,synthetic revision
3137,NIU,ECCS,1977,2026-04-01,synthetic revision
3138,NFK,ECCS,1977,2026-04-01,synthetic revision
3139,NOR,ECCS,1977,2026-04-01,synthetic revision
3140,OMN,ECCS,1977,2026-04-01,synthetic revision
3141,PAK,ECCS,1977,2026-04-01,synthetic revision
3142,PAN,ECCS,1977,2026-04-01,synthetic revision
3143,PNG,ECCS,1977,2026-04-01,synthetic revision
3144,PRY,ECCS,1977,2026-04-01,synthetic revision
3145,PER,ECCS,1977,2026-04-01,synthetic revision
3146,PHL,ECCS,1977,2026-04-01,synthetic revision
3147,PCN,ECCS,1977,2026-04-01,synthetic revision
3148,POL,ECCS,1977,2026-04-01,synthetic revision
3149,PRT,ECCS,1977,2026-04-01,synthetic revision
3150,PRI,ECCS,1977,2026-04-01,synthetic revision
3151,QAT,ECCS,1977,2026-04-01,synthetic revision
3152,ROU,ECCS,1977,2026-04-01,synthetic revision
3153,SPM,ECCS,1977,2026-04-01,synthetic revision
3154,WSM,ECCS,1977,2026-04-01,synthetic revision
3155,SMR,ECCS,1977,2026-04-01,synthetic revision
3156,STP,ECCS,1977,2026-04-01,synthetic revision
3157,SAU,ECCS,1977,2026-04-01,synthetic revision
3158,SEN,ECCS,1977,2026-04-01,synthetic revision
3159,SYC,ECCS,1977,2026-04-01,synthetic revision
3160,SLE,ECCS,1977,2026-04-01,synthetic revision
3161,SLB,ECCS,1977,2026-04-01,synthetic revision
3162,SOM,ECCS,1977,2026-04-01,synthetic revision
3163,ZAF,ECCS,1977,2026-04-01,synthetic revision
3164,ESP,ECCS,1977,2026-04-01,synthetic revision
3165,LKA,ECCS,1977,2026-04-01,synthetic revision
3166,KNA,ECCS,1977,2026-04-01,synthetic revision
3167,LCA,ECCS,1977,2026-04-01,synthetic revision
3168,VCT,ECCS,1977,2026-04-01,synthetic revision
3169,SUR,ECCS,1977,2026-04-01,synthetic revision
3170,SJM,ECCS,1977,2026-04-01,synthetic revision
3171,SWE,ECCS,1977,2026-04-01,synthetic revision
3172,CHE,ECCS,1977,2026-04-01,synthetic revision
3173,SYR,ECCS,1977,2026-04-01,synthetic revision
3174,TWN,ECCS,1977,2026-04-01,synthetic revision
3175,TZA,ECCS,1977,2026-04-01,synthetic revision
3176,THA,ECCS,1977,2026-04-01,synthetic revision
3177,TGO,ECCS,1977,2026-04-01,synthetic revision
3178,TKL,ECCS,1977,2026-04-01,synthetic revision
3179,TON,ECCS,1977,2026-04-01,synthetic revision
3180,TTO,ECCS,1977,2026-04-01,synthetic revision
3181,TUN,ECCS,1977,2026-04-01,synthetic revision
3182,TCA,ECCS,1977,2026-04-01,synthetic revision
3183,TUV,ECCS,1977,2026-04-01,synthetic revision
3184,UGA,ECCS,1977,2026-04-01,synthetic revision
3185,ARE,ECCS,1977,2026-04-01,synthetic revision
3186,GBR,ECCS,1977,2026-04-01,synthetic revision
3187,USA,ECCS,1977,2026-04-01,synthetic revision
3188,VIR,ECCS,1977,2026-04-01,synthetic revision
3189,URY,ECCS,1977,2026-04-01,synthetic revision
3190,VUT,ECCS,1977,2026-04-01,synthetic revision
3191,VEN,ECCS,1977,2026-04-01,synthetic revision
3192,VNM,ECCS,1977,2026-04-01,synthetic revision
3193,WLF,ECCS,1977,2026-04-01,synthetic revision
3194,PSE,ECCS,1977,2026-04-01,synthetic revision
3195,ESH,ECCS,1977,2026-04-01,synthetic revision
3196,YEM,ECCS,1977,2026-04-01,synthetic revision
3197,ZMB,ECCS,1977,2026-04-01,synthetic revision
3198,ZWE,ECCS,1977,2026-04-01,synthetic revision
3199,AFG,ECCS,1978,2026-04-01,synthetic revision
3200,ALB,ECCS,1978,2026-04-01,synthetic revision
3201,DZA,ECCS,1978,2026-04-01,synthetic revision
3202,ASM,ECCS,1978,2026-04-01,synthetic revision
3203,AND,ECCS,1978,2026-04-01,synthetic revision
3204,AGO,ECCS,1978,2026-04-01,synthetic revision
3205,AIA,ECCS,1978,2026-04-01,synthetic revision
3206,ATG,ECCS,1978,2026-04-01,synthetic revision
3207,ARG,ECCS,1978,2026-04-01,synthetic revision
3208,ABW,ECCS,1978,2026-04-01,synthetic revision
3209,AUS,ECCS,1978,2026-04-01,synthetic revision
3210,AUT,ECCS,1978,2026-04-01,synthetic revision
3211,BHS,ECCS,1978,2026-04-01,synthetic revision
3212,BHR,ECCS,1978,2026-04-01,synthetic revision
3213,BGD,ECCS,1978,2026-04-01,synthetic revision
3214,BRB,ECCS,1978,2026-04-01,synthetic revision
3215,BLZ,ECCS,1978,2026-04-01,synthetic revision
3216,BEN,ECCS,1978,2026-04-01,synthetic revision
3217,BTN,ECCS,1978,2026-04-01,synthetic revision
3218,BOL,ECCS,1978,2026-04-01,synthetic revision
3219,BWA,ECCS,1978,2026-04-01,synthetic revision
3220,BRA,ECCS,1978,2026-04-01,synthetic revision
3221,VGB,ECCS,1978,2026-04-01,synthetic revision
3222,BRN,ECCS,1978,2026-04-01,synthetic revision
3223,BGR,ECCS,1978,2026-04-01,synthetic revision
3224,BFA,ECCS,1978,2026-04-01,synthetic revision
3225,CPV,ECCS,1978,2026-04-01,synthetic revision
3226,KHM,ECCS,1978,2026-04-01,synthetic revision
3227,CMR,ECCS,1978,2026-04-01,synthetic revision
3228,CAN,ECCS,1978,2026-04-01,synthetic revision
3229,CYM,ECCS,1978,2026-04-01,synthetic revision
3230,CAF,ECCS,1978,2026-04-01,synthetic revision
3231,TCD,ECCS,1978,2026-04-01,synthetic revision
3232,CHL,ECCS,1978,2026-04-01,synthetic revision
3233,HKG,ECCS,1978,2026-04-01,synthetic revision
3234,MAC,ECCS,1978,2026-04-01,synthetic revision
3235,CHN,ECCS,1978,2026-04-01,synthetic revision
3236,COL,ECCS,1978,2026-04-01,synthetic revision
3237,COM,ECCS,1978,2026-04-01,synthetic revision
3238,COD,ECCS,1978,2026-04-01,synthetic revision
3239,COG,ECCS,1978,2026-04-01,synthetic revision
3240,COK,ECCS,1978,2026-04-01,synthetic revision
3241,CRI,ECCS,1978,2026-04-01,synthetic revision
3242,CUB,ECCS,1978,2026-04-01,synthetic revision
3243,CYP,ECCS,1978,2026-04-01,synthetic revision
3244,DNK,ECCS,1978,2026-04-01,synthetic revision
3245,DJI,ECCS,1978,2026-04-01,synthetic revision
3246,DMA,ECCS,1978,2026-04-01,synthetic revision
3247,DOM,ECCS,1978,2026-04-01,synthetic revision
3248,ECU,ECCS,1978,2026-04-01,synthetic revision
3249,EGY,ECCS,1978,2026-04-01,synthetic revision
3250,SLV,ECCS,1978,2026-04-01,synthetic revision
3251,GNQ,ECCS,1978,2026-04-01,synthetic revision
3252,SWZ,ECCS,1978,2026-04-01,synthetic revision
3253,FLK,ECCS,1978,2026-04-01,synthetic revision
3254,FRO,ECCS,1978,2026-04-01,synthetic revision
3255,FJI,ECCS,1978,2026-04-01,synthetic revision
3256,FIN,ECCS,1978,2026-04-01,synthetic revision
3257,FRA,ECCS,1978,2026-04-01,synthetic revision
3258,PYF,ECCS,1978,2026-04-01,synthetic revision
3259,GAB,ECCS,1978,2026-04-01,synthetic revision
3260,GMB,ECCS,1978,2026-04-01,synthetic revision
3261,DEU,ECCS,1978,2026-04-01,synthetic revision
3262,GHA,ECCS,1978,2026-04-01,synthetic revision
3263,GIB,ECCS,1978,2026-04-01,synthetic revision
3264,GRC,ECCS,1978,2026-04-01,synthetic revision
3265,GRL,ECCS,1978,2026-04-01,synthetic revision
3266,GRD,ECCS,1978,2026-04-01,synthetic revision
3267,GLP,ECCS,1978,2026-04-01,synthetic revision
3268,GTM,ECCS,1978,2026-04-01,synthetic revision
3269,GUF,ECCS,1978,2026-04-01,synthetic revision
3270,GIN,ECCS,1978,2026-04-01,synthetic revision
3271,GNB,ECCS,1978,2026-04-01,synthetic revision
3272,GUY,ECCS,1978,2026-04-01,synthetic revision
3273,HTI,ECCS,1978,2026-04-01,synthetic revision
3274,VAT,ECCS,1978,2026-04-01,synthetic revision
3275,HND,ECCS,1978,2026-04-01,synthetic revision
3276,HUN,ECCS,1978,2026-04-01,synthetic revision
3277,ISL,ECCS,1978,2026-04-01,synthetic revision
3278,IND,ECCS,1978,2026-04-01,synthetic revision
3279,IDN,ECCS,1978,2026-04-01,synthetic revision
3280,IRN,ECCS,1978,2026-04-01,synthetic revision
3281,IRQ,ECCS,1978,2026-04-01,synthetic revision
3282,IRL,ECCS,1978,2026-04-01,synthetic revision
3283,IMN,ECCS,1978,2026-04-01,synthetic revision
3284,ISR,ECCS,1978,2026-04-01,synthetic revision
3285,ITA,ECCS,1978,2026-04-01,synthetic revision
3286,JPN,ECCS,1978,2026-04-01,synthetic revision
3287,JOR,ECCS,1978,2026-04-01,synthetic revision
3288,KEN,ECCS,1978,2026-04-01,synthetic revision
3289,KIR,ECCS,1978,2026-04-01,synthetic revision
3290,PRK,ECCS,1978,2026-04-01,synthetic revision
3291,KOR,ECCS,1978,2026-04-01,synthetic revision
3292,KWT,ECCS,1978,2026-04-01,synthetic revision
3293,LAO,ECCS,1978,2026-04-01,synthetic revision
3294,LBN,ECCS,1978,2026-04-01,synthetic revision
3295,LSO,ECCS,1978,2026-04-01,synthetic revision
3296,LBR,ECCS,1978,2026-04-01,synthetic revision
3297,LBY,ECCS,1978,2026-04-01,synthetic revision
3298,LIE,ECCS,1978,2026-04-01,synthetic revision
3299,MDG,ECCS,1978,2026-04-01,synthetic revision
3300,MWI,ECCS,1978,2026-04-01,synthetic revision
3301,MYS,ECCS,1978,2026-04-01,synthetic revision
3302,MDV,ECCS,1978,2026-04-01,synthetic revision
3303,MLI,ECCS,1978,2026-04-01,synthetic revision
3304,MLT,ECCS,1978,2026-04-01,synthetic revision
3305,MTQ,ECCS,1978,2026-04-01,synthetic revision
3306,MRT,ECCS,1978,2026-04-01,synthetic revision
3307,MUS,ECCS,1978,2026-04-01,synthetic revision
3308,MYT,ECCS,1978,2026-04-01,synthetic revision
3309,MEX,ECCS,1978,2026-04-01,synthetic revision
3310,MCO,ECCS,1978,2026-04-01,synthetic revision
3311,MNG,ECCS,1978,2026-04-01,synthetic revision
3312,MSR,ECCS,1978,2026-04-01,synthetic revision
3313,MAR,ECCS,1978,2026-04-01,synthetic revision
3314,MOZ,ECCS,1978,2026-04-01,synthetic revision
3315,MMR,ECCS,1978,2026-04-01,synthetic revision
3316,NRU,ECCS,1978,2026-04-01,synthetic revision
3317,NPL,ECCS,1978,2026-04-01,synthetic revision
3318,NLD,ECCS,1978,2026-04-01,synthetic revision
3319,NCL,ECCS,1978,2026-04-01,synthetic revision
3320,NZL,ECCS,1978,2026-04-01,synthetic revision
3321,NIC,ECCS,1978,2026-04-01,synthetic revision
3322,NER,ECCS,1978,2026-04-01,synthetic revision
3323,NGA,ECCS,1978,2026-04-01,synthetic revision
3324,NIU,ECCS,1978,2026-04-01,synthetic revision
3325,NFK,ECCS,1978,2026-04-01,synthetic revision
3326,NOR,ECCS,1978,2026-04-01,synthetic revision
3327,OMN,ECCS,1978,2026-04-01,synthetic revision
3328,PAK,ECCS,1978,2026-04-01,synthetic revision
3329,PAN,ECCS,1978,2026-04-01,synthetic revision
3330,PNG,ECCS,1978,2026-04-01,synthetic revision
3331,PRY,ECCS,1978,2026-04-01,synthetic revision
3332,PER,ECCS,1978,2026-04-01,synthetic revision
3333,PHL,ECCS,1978,2026-04-01,synthetic revision
3334,PCN,ECCS,1978,2026-04-01,synthetic revision
3335,POL,ECCS,1978,2026-04-01,synthetic revision
3336,PRT,ECCS,1978,2026-04-01,synthetic revision
3337,PRI,ECCS,1978,2026-04-01,synthetic revision
3338,QAT,ECCS,1978,2026-04-01,synthetic revision
3339,ROU,ECCS,1978,2026-04-01,synthetic revision
3340,SPM,ECCS,1978,2026-04-01,synthetic revision
3341,WSM,ECCS,1978,2026-04-01,synthetic revision
3342,SMR,ECCS,1978,2026-04-01,synthetic revision
3343,STP,ECCS,1978,2026-04-01,synthetic revision
3344,SAU,ECCS,1978,2026-04-01,synthetic revision
3345,SEN,ECCS,1978,2026-04-01,synthetic revision
3346,SYC,ECCS,1978,2026-04-01,synthetic revision
3347,SLE,ECCS,1978,2026-04-01,synthetic revision
3348,SLB,ECCS,1978,2026-04-01,synthetic revision
3349,SOM,ECCS,1978,2026-04-01,synthetic revision
3350,ZAF,ECCS,1978,2026-04-01,synthetic revision
3351,ESP,ECCS,1978,2026-04-01,synthetic revision
3352,LKA,ECCS,1978,2026-04-01,synthetic revision
3353,KNA,ECCS,1978,2026-04-01,synthetic revision
3354,LCA,ECCS,1978,2026-04-01,synthetic revision
3355,VCT,ECCS,1978,2026-04-01,synthetic revision
3356,SUR,ECCS,1978,2026-04-01,synthetic revision
3357,SJM,ECCS,1978,2026-04-01,synthetic revision
3358,SWE,ECCS,1978,2026-04-01,synthetic revision
3359,CHE,ECCS,1978,2026-04-01,synthetic revision
3360,SYR,ECCS,1978,2026-04-01,synthetic revision
3361,TWN,ECCS,1978,2026-04-01,synthetic revision
3362,TZA,ECCS,1978,2026-04-01,synthetic revision
3363,THA,ECCS,1978,2026-04-01,synthetic revision
3364,TLS,ECCS,1978,2026-04-01,synthetic revision
3365,TGO,ECCS,1978,2026-04-01,synthetic revision
3366,TKL,ECCS,1978,2026-04-01,synthetic revision
3367,TON,ECCS,1978,2026-04-01,synthetic revision
3368,TTO,ECCS,1978,2026-04-01,synthetic revision
3369,TUN,ECCS,1978,2026-04-01,synthetic revision
3370,TCA,ECCS,1978,2026-04-01,synthetic revision
3371,TUV,ECCS,1978,2026-04-01,synthetic revision
3372,UGA,ECCS,1978,2026-04-01,synthetic revision
3373,ARE,ECCS,1978,2026-04-01,synthetic revision
3374,GBR,ECCS,1978,2026-04-01,synthetic revision
3375,USA,ECCS,1978,2026-04-01,synthetic revision
3376,VIR,ECCS,1978,2026-04-01,synthetic revision
3377,URY,ECCS,1978,2026-04-01,synthetic revision
3378,VUT,ECCS,1978,2026-04-01,synthetic revision
3379,VEN,ECCS,1978,2026-04-01,synthetic revision
3380,VNM,ECCS,1978,2026-04-01,synthetic revision
3381,WLF,ECCS,1978,2026-04-01,synthetic revision
3382,PSE,ECCS,1978,2026-04-01,synthetic revision
3383,ESH,ECCS,1978,2026-04-01,synthetic revision
3384,YEM,ECCS,1978,2026-04-01,synthetic revision
3385,ZMB,ECCS,1978,2026-04-01,synthetic revision
3386,ZWE,ECCS,1978,2026-04-01,synthetic revision
3387,AFG,ECCS,1979,2026-04-01,synthetic revision
3388,ALB,ECCS,1979,2026-04-01,synthetic revision
3389,DZA,ECCS,1979,2026-04-01,synthetic revision
3390,ASM,ECCS,1979,2026-04-01,synthetic revision
3391,AND,ECCS,1979,2026-04-01,synthetic revision
3392,AGO,ECCS,1979,2026-04-01,synthetic revision
3393,AIA,ECCS,1979,2026-04-01,synthetic revision
3394,ATG,ECCS,1979,2026-04-01,synthetic revision
3395,ARG,ECCS,1979,2026-04-01,synthetic revision
3396,AUS,ECCS,1979,2026-04-01,synthetic revision
3397,AUT,ECCS,1979,2026-04-01,synthetic revision
3398,BHS,ECCS,1979,2026-04-01,synthetic revision
3399,BHR,ECCS,1979,2026-04-01,synthetic revision
3400,BGD,ECCS,1979,2026-04-01,synthetic revision
3401,BRB,ECCS,1979,2026-04-01,synthetic revision
3402,BLZ,ECCS,1979,2026-04-01,synthetic revision
3403,BEN,ECCS,1979,2026-04-01,synthetic revision
3404,BTN,ECCS,1979,2026-04-01,synthetic revision
3405,BOL,ECCS,1979,2026-04-01,synthetic revision
3406,BWA,ECCS,1979,2026-04-01,synthetic revision
3407,BRA,ECCS,1979,2026-04-01,synthetic revision
3408,VGB,ECCS,1979,2026-04-01,synthetic revision
3409,BRN,ECCS,1979,2026-04-01,synthetic revision
3410,BGR,ECCS,1979,2026-04-01,synthetic revision
3411,BFA,ECCS,1979,2026-04-01,synthetic revision
3412,CPV,ECCS,1979,2026-04-01,synthetic revision
3413,KHM,ECCS,1979,2026-04-01,synthetic revision
3414,CMR,ECCS,1979,2026-04-01,synthetic revision
3415,CAN,ECCS,1979,2026-04-01,synthetic revision
3416,CYM,ECCS,1979,2026-04-01,synthetic revision
3417,CAF,ECCS,1979,2026-04-01,synthetic revision
3418,TCD,ECCS,1979,2026-04-01,synthetic revision
3419,CHL,ECCS,1979,2026-04-01,synthetic revision
3420,HKG,ECCS,1979,2026-04-01,synthetic revision
3421,MAC,ECCS,1979,2026-04-01,synthetic revision
3422,CHN,ECCS,1979,2026-04-01,synthetic revision
3423,COL,ECCS,1979,2026-04-01,synthetic revision
3424,COM,ECCS,1979,2026-04-01,synthetic revision
3425,COD,ECCS,1979,2026-04-01,synthetic revision
3426,COG,ECCS,1979,2026-04-01,synthetic revision
3427,COK,ECCS,1979,2026-04-01,synthetic revision
3428,CRI,ECCS,1979,2026-04-01,synthetic revision
3429,CUB,ECCS,1979,2026-04-01,synthetic revision
3430,CYP,ECCS,1979,2026-04-01,synthetic revision
3431,DNK,ECCS,1979,2026-04-01,synthetic revision
3432,DJI,ECCS,1979,2026-04-01,synthetic revision
3433,DMA,ECCS,1979,2026-04-01,synthetic revision
3434,DOM,ECCS,1979,2026-04-01,synthetic revision
3435,ECU,ECCS,1979,2026-04-01,synthetic revision
3436,EGY,ECCS,1979,2026-04-01,synthetic revision
3437,SLV,ECCS,1979,2026-04-01,synthetic revision
3438,GNQ,ECCS,1979,2026-04-01,synthetic revision
3439,SWZ,ECCS,1979,2026-04-01,synthetic revision
3440,FLK,ECCS,1979,2026-04-01,synthetic revision
3441,FRO,ECCS,1979,2026-04-01,synthetic revision
3442,FJI,ECCS,1979,2026-04-01,synthetic revision
3443,FIN,ECCS,1979,2026-04-01,synthetic revision
3444,FRA,ECCS,1979,2026-04-01,synthetic revision
3445,PYF,ECCS,1979,2026-04-01,synthetic revision
3446,GAB,ECCS,1979,2026-04-01,synthetic revision
3447,GMB,ECCS,1979,2026-04-01,synthetic revision
3448,DEU,ECCS,1979,2026-04-01,synthetic revision
3449,GHA,ECCS,1979,2026-04-01,synthetic revision
3450,GIB,ECCS,1979,2026-04-01,synthetic revision
3451,GRC,ECCS,1979,2026-04-01,synthetic revision
3452,GRL,ECCS,1979,2026-04-01,synthetic revision
3453,GRD,ECCS,1979,2026-04-01,synthetic revision
3454,GLP,ECCS,1979,2026-04-01,synthetic revision
3455,GTM,ECCS,1979,2026-04-01,synthetic revision
3456,GUF,ECCS,1979,2026-04-01,synthetic revision
3457,GIN,ECCS,1979,2026-04-01,synthetic revision
3458,GNB,ECCS,1979,2026-04-01,synthetic revision
3459,GUY,ECCS,1979,2026-04-01,synthetic revision
3460,HTI,ECCS,1979,2026-04-01,synthetic revision
3461,VAT,ECCS,1979,2026-04-01,synthetic revision
3462,HND,ECCS,1979,2026-04-01,synthetic revision
3463,HUN,ECCS,1979,2026-04-01,synthetic revision
3464,ISL,ECCS,1979,2026-04-01,synthetic revision
3465,IND,ECCS,1979,2026-04-01,synthetic revision
3466,IDN,ECCS,1979,2026-04-01,synthetic revision
3467,IRN,ECCS,1979,2026-04-01,synthetic revision
3468,IRQ,ECCS,1979,2026-04-01,synthetic revision
3469,IRL,ECCS,1979,2026-04-01,synthetic revision
3470,IMN,ECCS,1979,2026-04-01,synthetic revision
3471,ISR,ECCS,1979,2026-04-01,synthetic revision
3472,ITA,ECCS,1979,2026-04-01,synthetic revision
3473,JPN,ECCS,1979,2026-04-01,synthetic revision
3474,JOR,ECCS,1979,2026-04-01,synthetic revision
3475,KEN,ECCS,1979,2026-04-01,synthetic revision
3476,KIR,ECCS,1979,2026-04-01,synthetic revision
3477,PRK,ECCS,1979,2026-04-01,synthetic revision
3478,KOR,ECCS,1979,2026-04-01,synthetic revision
3479,KWT,ECCS,1979,2026-04-01,synthetic revision
3480,LAO,ECCS,1979,2026-04-01,synthetic revision
3481,LBN,ECCS,1979,2026-04-01,synthetic revision
3482,LSO,ECCS,1979,2026-04-01,synthetic revision
3483,LBR,ECCS,1979,2026-04-01,synthetic revision
3484,LBY,ECCS,1979,2026-04-01,synthetic revision
3485,LIE,ECCS,1979,2026-04-01,synthetic revision
3486,MDG,ECCS,1979,2026-04-01,synthetic revision
3487,MWI,ECCS,1979,2026-04-01,synthetic revision
3488,MYS,ECCS,1979,2026-04-01,synthetic revision
3489,MDV,ECCS,1979,2026-04-01,synthetic revision
3490,MLI,ECCS,1979,2026-04-01,synthetic revision
3491,MLT,ECCS,1979,2026-04-01,synthetic revision
3492,MTQ,ECCS,1979,2026-04-01,synthetic revision
3493,MRT,ECCS,1979,2026-04-01,synthetic revision
3494,MUS,ECCS,1979,2026-04-01,synthetic revision
3495,MYT,ECCS,1979,2026-04-01,synthetic revision
3496,MEX,ECCS,1979,2026-04-01,synthetic revision
3497,MCO,ECCS,1979,2026-04-01,synthetic revision
3498,MNG,ECCS,1979,2026-04-01,synthetic revision
3499,MSR,ECCS,1979,2026-04-01,synthetic revision
3500,MAR,ECCS,1979,2026-04-01,synthetic revision
3501,MOZ,ECCS,1979,2026-04-01,synthetic revision
3502,MMR,ECCS,1979,2026-04-01,synthetic revision
3503,NRU,ECCS,1979,2026-04-01,synthetic revision
3504,NPL,ECCS,1979,2026-04-01,synthetic revision
3505,NLD,ECCS,1979,2026-04-01,synthetic revision
3506,NCL,ECCS,1979,2026-04-01,synthetic revision
3507,NZL,ECCS,1979,2026-04-01,synthetic revision
3508,NIC,ECCS,1979,2026-04-01,synthetic revision
3509,NER,ECCS,1979,2026-04-01,synthetic revision
3510,NGA,ECCS,1979,2026-04-01,synthetic revision
3511,NIU,ECCS,1979,2026-04-01,synthetic revision
3512,NFK,ECCS,1979,2026-04-01,synthetic revision
3513,NOR,ECCS,1979,2026-04-01,synthetic revision
3514,OMN,ECCS,1979,2026-04-01,synthetic revision
3515,PAK,ECCS,1979,2026-04-01,synthetic revision
3516,PAN,ECCS,1979,2026-04-01,synthetic revision
3517,PNG,ECCS,1979,2026-04-01,synthetic revision
3518,PRY,ECCS,1979,2026-04-01,synthetic revision
3519,PER,ECCS,1979,2026-04-01,synthetic revision
3520,PHL,ECCS,1979,2026-04-01,synthetic revision
3521,PCN,ECCS,1979,2026-04-01,synthetic revision
3522,POL,ECCS,1979,2026-04-01,synthetic revision
3523,PRT,ECCS,1979,2026-04-01,synthetic revision
3524,PRI,ECCS,1979,2026-04-01,synthetic revision
3525,QAT,ECCS,1979,2026-04-01,synthetic revision
3526,ROU,ECCS,1979,2026-04-01,synthetic revision
3527,SPM,ECCS,1979,2026-04-01,synthetic revision
3528,WSM,ECCS,1979,2026-04-01,synthetic revision
3529,SMR,ECCS,1979,2026-04-01,synthetic revision
3530,STP,ECCS,1979,2026-04-01,synthetic revision
3531,SAU,ECCS,1979,2026-04-01,synthetic revision
3532,SEN,ECCS,1979,2026-04-01,synthetic revision
3533,SYC,ECCS,1979,2026-04-01,synthetic revision
3534,SLE,ECCS,1979,2026-04-01,synthetic revision
3535,SGP,ECCS,1979,2026-04-01,synthetic revision
3536,SLB,ECCS,1979,2026-04-01,synthetic revision
3537,SOM,ECCS,1979,2026-04-01,synthetic revision
3538,ZAF,ECCS,1979,2026-04-01,synthetic revision
3539,ESP,ECCS,1979,2026-04-01,synthetic revision
3540,LKA,ECCS,1979,2026-04-01,synthetic revision
3541,KNA,ECCS,1979,2026-04-01,synthetic revision
3542,LCA,ECCS,1979,2026-04-01,synthetic revision
3543,VCT,ECCS,1979,2026-04-01,synthetic revision
3544,SUR,ECCS,1979,2026-04-01,synthetic revision
3545,SJM,ECCS,1979,2026-04-01,synthetic revision
3546,SWE,ECCS,1979,2026-04-01,synthetic revision
3547,CHE,ECCS,1979,2026-04-01,synthetic revision
3548,SYR,ECCS,1979,2026-04-01,synthetic revision
3549,TWN,ECCS,1979,2026-04-01,synthetic revision
3550,TZA,ECCS,1979,2026-04-01,synthetic revision
3551,THA,ECCS,1979,2026-04-01,synthetic revision
3552,TLS,ECCS,1979,2026-04-01,synthetic revision
3553,TGO,ECCS,1979,2026-04-01,synthetic revision
3554,TKL,ECCS,1979,2026-04-01,synthetic revision
3555,TON,ECCS,1979,2026-04-01,synthetic revision
3556,TTO,ECCS,1979,2026-04-01,synthetic revision
3557,TUN,ECCS,1979,2026-04-01,synthetic revision
3558,TCA,ECCS,1979,2026-04-01,synthetic revision
3559,TUV,ECCS,1979,2026-04-01,synthetic revision
3560,UGA,ECCS,1979,2026-04-01,synthetic revision
3561,ARE,ECCS,1979,2026-04-01,synthetic revision
3562,GBR,ECCS,1979,2026-04-01,synthetic revision
3563,USA,ECCS,1979,2026-04-01,synthetic revision
3564,VIR,ECCS,1979,2026-04-01,synthetic revision
3565,URY,ECCS,1979,2026-04-01,synthetic revision
3566,VUT,ECCS,1979,2026-04-01,synthetic revision
3567,VEN,ECCS,1979,2026-04-01,synthetic revision
3568,VNM,ECCS,1979,2026-04-01,synthetic revision
3569,WLF,ECCS,1979,2026-04-01,synthetic revision
3570,PSE,ECCS,1979,2026-04-01,synthetic revision
3571,ESH,ECCS,1979,2026-04-01,synthetic revision
3572,YEM,ECCS,1979,2026-04-01,synthetic revision
3573,ZMB,ECCS,1979,2026-04-01,synthetic revision
3574,ZWE,ECCS,1979,2026-04-01,synthetic revision
3575,AFG,ECCS,1980,2026-04-01,synthetic revision
3576,ALB,ECCS,1980,2026-04-01,synthetic revision
3577,DZA,ECCS,1980,2026-04-01,synthetic revision
3578,ASM,ECCS,1980,2026-04-01,synthetic revision
3579,AND,ECCS,1980,2026-04-01,synthetic revision
3580,AGO,ECCS,1980,2026-04-01,synthetic revision
3581,AIA,ECCS,1980,2026-04-01,synthetic revision
3582,ATG,ECCS,1980,2026-04-01,synthetic revision
3583,ARG,ECCS,1980,2026-04-01,synthetic revision
3584,ABW,ECCS,1980,2026-04-01,synthetic revision
3585,AUS,ECCS,1980,2026-04-01,synthetic revision
3586,AUT,ECCS,1980,2026-04-01,synthetic revision
3587,BHS,ECCS,1980,2026-04-01,synthetic revision
3588,BHR,ECCS,1980,2026-04-01,synthetic revision
3589,BGD,ECCS,1980,2026-04-01,synthetic revision
3590,BRB,ECCS,1980,2026-04-01,synthetic revision
3591,BLZ,ECCS,1980,2026-04-01,synthetic revision
3592,BEN,ECCS,1980,2026-04-01,synthetic revision
3593,BTN,ECCS,1980,2026-04-01,synthetic revision
3594,BOL,ECCS,1980,2026-04-01,synthetic revision
3595,BWA,ECCS,1980,2026-04-01,synthetic revision
3596,BRA,ECCS,1980,2026-04-01,synthetic revision
3597,VGB,ECCS,1980,2026-04-01,synthetic revision
3598,BRN,ECCS,1980,2026-04-01,synthetic revision
3599,BGR,ECCS,1980,2026-04-01,synthetic revision
3600,BFA,ECCS,1980,2026-04-01,synthetic revision
3601,CPV,ECCS,1980,2026-04-01,synthetic revision
3602,KHM,ECCS,1980,2026-04-01,synthetic revision
3603,CMR,ECCS,1980,2026-04-01,synthetic revision
3604,CAN,ECCS,1980,2026-04-01,synthetic revision
3605,CYM,ECCS,1980,2026-04-01,synthetic revision
3606,CAF,ECCS,1980,2026-04-01,synthetic revision
3607,TCD,ECCS,1980,2026-04-01,synthetic revision
3608,CHL,ECCS,1980,2026-04-01,synthetic revision
3609,HKG,ECCS,1980,2026-04-01,synthetic revision
3610,MAC,ECCS,1980,2026-04-01,synthetic revision
3611,CHN,ECCS,1980,2026-04-01,synthetic revision
3612,COL,ECCS,1980,2026-04-01,synthetic revision
3613,COM,ECCS,1980,2026-04-01,synthetic revision
3614,COD,ECCS,1980,2026-04-01,synthetic revision
3615,COG,ECCS,1980,2026-04-01,synthetic revision
3616,COK,ECCS,1980,2026-04-01,synthetic revision
3617,CRI,ECCS,1980,2026-04-01,synthetic revision
3618,CUB,ECCS,1980,2026-04-01,synthetic revision
3619,CYP,ECCS,1980,2026-04-01,synthetic revision
3620,DNK,ECCS,1980,2026-04-01,synthetic revision
3621,DJI,ECCS,1980,2026-04-01,synthetic revision
3622,DMA,ECCS,1980,2026-04-01,synthetic revision
3623,DOM,ECCS,1980,2026-04-01,synthetic revision
3624,ECU,ECCS,1980,2026-04-01,synthetic revision
3625,EGY,ECCS,1980,2026-04-01,synthetic revision
3626,SLV,ECCS,1980,2026-04-01,synthetic revision
3627,GNQ,ECCS,1980,2026-04-01,synthetic revision
3628,SWZ,ECCS,1980,2026-04-01,synthetic revision
3629,FLK,ECCS,1980,2026-04-01,synthetic revision
3630,FRO,ECCS,1980,2026-04-01,synthetic revision
3631,FJI,ECCS,1980,2026-04-01,synthetic revision
3632,FIN,ECCS,1980,2026-04-01,synthetic revision
3633,FRA,ECCS,1980,2026-04-01,synthetic revision
3634,PYF,ECCS,1980,2026-04-01,synthetic revision
3635,GAB,ECCS,1980,2026-04-01,synthetic revision
3636,GMB,ECCS,1980,2026-04-01,synthetic revision
3637,DEU,ECCS,1980,2026-04-01,synthetic revision
3638,GHA,ECCS,1980,2026-04-01,synthetic revision
3639,GIB,ECCS,1980,2026-04-01,synthetic revision
3640,GRC,ECCS,1980,2026-04-01,synthetic revision
3641,GRL,ECCS,1980,2026-04-01,synthetic revision
3642,GRD,ECCS,1980,2026-04-01,synthetic revision
3643,GLP,ECCS,1980,2026-04-01,synthetic revision
3644,GTM,ECCS,1980,2026-04-01,synthetic revision
3645,GUF,ECCS,1980,2026-04-01,synthetic revision
3646,GIN,ECCS,1980,2026-04-01,synthetic revision
3647,GNB,ECCS,1980,2026-04-01,synthetic revision
3648,GUY,ECCS,1980,2026-04-01,synthetic revision
3649,HTI,ECCS,1980,2026-04-01,synthetic revision
3650,VAT,ECCS,1980,2026-04-01,synthetic revision
3651,HND,ECCS,1980,2026-04-01,synthetic revision
3652,HUN,ECCS,1980,2026-04-01,synthetic revision
3653,ISL,ECCS,1980,2026-04-01,synthetic revision
3654,IND,ECCS,1980,2026-04-01,synthetic revision
3655,IDN,ECCS,1980,2026-04-01,synthetic revision
3656,IRN,ECCS,1980,2026-04-01,synthetic revision
3657,IRQ,ECCS,1980,2026-04-01,synthetic revision
3658,IRL,ECCS,1980,2026-04-01,synthetic revision
3659,IMN,ECCS,1980,2026-04-01,synthetic revision
3660,ISR,ECCS,1980,2026-04-01,synthetic revision
3661,ITA,ECCS,1980,2026-04-01,synthetic revision
3662,JAM,ECCS,1980,2026-04-01,synthetic revision
3663,JPN,ECCS,1980,2026-04-01,synthetic revision
3664,JOR,ECCS,1980,2026-04-01,synthetic revision
3665,KEN,ECCS,1980,2026-04-01,synthetic revision
3666,KIR,ECCS,1980,2026-04-01,synthetic revision
3667,PRK,ECCS,1980,2026-04-01,synthetic revision
3668,KOR,ECCS,1980,2026-04-01,synthetic revision
3669,KWT,ECCS,1980,2026-04-01,synthetic revision
3670,LAO,ECCS,1980,2026-04-01,synthetic revision
3671,LBN,ECCS,1980,2026-04-01,synthetic revision
3672,LSO,ECCS,1980,2026-04-01,synthetic revision
3673,LBR,ECCS,1980,2026-04-01,synthetic revision
3674,LBY,ECCS,1980,2026-04-01,synthetic revision
3675,LIE,ECCS,1980,2026-04-01,synthetic revision
3676,MDG,ECCS,1980,2026-04-01,synthetic revision
3677,MWI,ECCS,1980,2026-04-01,synthetic revision
3678,MYS,ECCS,1980,2026-04-01,synthetic revision
3679,MDV,ECCS,1980,2026-04-01,synthetic revision
3680,MLI,ECCS,1980,2026-04-01,synthetic revision
3681,MLT,ECCS,1980,2026-04-01,synthetic revision
3682,MTQ,ECCS,1980,2026-04-01,synthetic revision
3683,MRT,ECCS,1980,2026-04-01,synthetic revision
3684,MUS,ECCS,1980,2026-04-01,synthetic revision
3685,MYT,ECCS,1980,2026-04-01,synthetic revision
3686,MEX,ECCS,1980,2026-04-01,synthetic revision
3687,MCO,ECCS,1980,2026-04-01,synthetic revision
3688,MNG,ECCS,1980,2026-04-01,synthetic revision
3689,MSR,ECCS,1980,2026-04-01,synthetic revision
3690,MAR,ECCS,1980,2026-04-01,synthetic revision
3691,MOZ,ECCS,1980,2026-04-01,synthetic revision
3692,MMR,ECCS,1980,2026-04-01,synthetic revision
3693,NRU,ECCS,1980,2026-04-01,synthetic revision
3694,NPL,ECCS,1980,2026-04-01,synthetic revision
3695,NLD,ECCS,1980,2026-04-01,synthetic revision
3696,NCL,ECCS,1980,2026-04-01,synthetic revision
3697,NZL,ECCS,1980,2026-04-01,synthetic revision
3698,NIC,ECCS,1980,2026-04-01,synthetic revision
3699,NER,ECCS,1980,2026-04-01,synthetic revision
3700,NGA,ECCS,1980,2026-04-01,synthetic revision
3701,NIU,ECCS,1980,2026-04-01,synthetic revision
3702,NFK,ECCS,1980,2026-04-01,synthetic revision
3703,NOR,ECCS,1980,2026-04-01,synthetic revision
3704,OMN,ECCS,1980,2026-04-01,synthetic revision
3705,PAK,ECCS,1980,2026-04-01,synthetic revision
3706,PAN,ECCS,1980,2026-04-01,synthetic revision
3707,PNG,ECCS,1980,2026-04-01,synthetic revision
3708,PRY,ECCS,1980,2026-04-01,synthetic revision
3709,PER,ECCS,1980,2026-04-01,synthetic revision
3710,PHL,ECCS,1980,2026-04-01,synthetic revision
3711,PCN,ECCS,1980,2026-04-01,synthetic revision
3712,POL,ECCS,1980,2026-04-01,synthetic revision
3713,PRT,ECCS,1980,2026-04-01,synthetic revision
3714,PRI,ECCS,1980,2026-04-01,synthetic revision
3715,QAT,ECCS,1980,2026-04-01,synthetic revision
3716,ROU,ECCS,1980,2026-04-01,synthetic revision
3717,SPM,ECCS,1980,2026-04-01,synthetic revision
3718,WSM,ECCS,1980,2026-04-01,synthetic revision
3719,SMR,ECCS,1980,2026-04-01,synthetic revision
3720,STP,ECCS,1980,2026-04-01,synthetic revision
3721,SAU,ECCS,1980,2026-04-01,synthetic revision
3722,SEN,ECCS,1980,2026-04-01,synthetic revision
3723,SYC,ECCS,1980,2026-04-01,synthetic revision
3724,SLE,ECCS,1980,2026-04-01,synthetic revision
3725,SGP,ECCS,1980,2026-04-01,synthetic revision
3726,SLB,ECCS,1980,2026-04-01,synthetic revision
3727,SOM,ECCS,1980,2026-04-01,synthetic revision
3728,ZAF,ECCS,1980,2026-04-01,synthetic revision
3729,ESP,ECCS,1980,2026-04-01,synthetic revision
3730,LKA,ECCS,1980,2026-04-01,synthetic revision
3731,KNA,ECCS,1980,2026-04-01,synthetic revision
3732,LCA,ECCS,1980,2026-04-01,synthetic revision
3733,VCT,ECCS,1980,2026-04-01,synthetic revision
3734,SUR,ECCS,1980,2026-04-01,synthetic revision
3735,SJM,ECCS,1980,2026-04-01,synthetic revision
3736,SWE,ECCS,1980,2026-04-01,synthetic revision
3737,CHE,ECCS,1980,2026-04-01,synthetic revision
3738,SYR,ECCS,1980,2026-04-01,synthetic revision
3739,TWN,ECCS,1980,2026-04-01,synthetic revision
3740,TZA,ECCS,1980,2026-04-01,synthetic revision
3741,THA,ECCS,1980,2026-04-01,synthetic revision
3742,TLS,ECCS,1980,2026-04-01,synthetic revision
3743,TGO,ECCS,1980,2026-04-01,synthetic revision
3744,TKL,ECCS,1980,2026-04-01,synthetic revision
3745,TON,ECCS,1980,2026-04-01,synthetic revision
3746,TTO,ECCS,1980,2026-04-01,synthetic revision
3747,TUN,ECCS,1980,2026-04-01,synthetic revision
3748,TCA,ECCS,1980,2026-04-01,synthetic revision
3749,TUV,ECCS,1980,2026-04-01,synthetic revision
3750,UGA,ECCS,1980,2026-04-01,synthetic revision
3751,ARE,ECCS,1980,2026-04-01,synthetic revision
3752,GBR,ECCS,1980,2026-04-01,synthetic revision
3753,USA,ECCS,1980,2026-04-01,synthetic revision
3754,VIR,ECCS,1980,2026-04-01,synthetic revision
3755,URY,ECCS,1980,2026-04-01,synthetic revision
3756,VUT,ECCS,1980,2026-04-01,synthetic revision
3757,VEN,ECCS,1980,2026-04-01,synthetic revision
3758,VNM,ECCS,1980,2026-04-01,synthetic revision
3759,WLF,ECCS,1980,2026-04-01,synthetic revision
3760,PSE,ECCS,1980,2026-04-01,synthetic revision
3761,ESH,ECCS,1980,2026-04-01,synthetic revision
3762,YEM,ECCS,1980,2026-04-01,synthetic revision
3763,ZMB,ECCS,1980,2026-04-01,synthetic revision
3764,ZWE,ECCS,1980,2026-04-01,synthetic revision
3765,AFG,ECCS,1981,2026-04-01,synthetic revision
3766,ALB,ECCS,1981,2026-04-01,synthetic revision
3767,DZA,ECCS,1981,2026-04-01,synthetic revision
3768,ASM,ECCS,1981,2026-04-01,synthetic revision
3769,AND,ECCS,1981,2026-04-01,synthetic revision
3770,AGO,ECCS,1981,2026-04-01,synthetic revision
3771,AIA,ECCS,1981,2026-04-01,synthetic revision
3772,ATG,ECCS,1981,2026-04-01,synthetic revision
3773,ARG,ECCS,1981,2026-04-01,synthetic revision
3774,ABW,ECCS,1981,2026-04-01,synthetic revision
3775,AUS,ECCS,1981,2026-04-01,synthetic revision
3776,AUT,ECCS,1981,2026-04-01,synthetic revision
3777,BHS,ECCS,1981,2026-04-01,synthetic revision
3778,BHR,ECCS,1981,2026-04-01,synthetic revision
3779,BGD,ECCS,1981,2026-04-01,synthetic revision
3780,BRB,ECCS,1981,2026-04-01,synthetic revision
3781,BLZ,ECCS,1981,2026-04-01,synthetic revision
3782,BEN,ECCS,1981,2026-04-01,synthetic revision
3783,BTN,ECCS,1981,2026-04-01,synthetic revision
3784,BOL,ECCS,1981,2026-04-01,synthetic revision
3785,BWA,ECCS,1981,2026-04-01,synthetic revision
3786,BRA,ECCS,1981,2026-04-01,synthetic revision
3787,VGB,ECCS,1981,2026-04-01,synthetic revision
3788,BRN,ECCS,1981,2026-04-01,synthetic revision
3789,BGR,ECCS,1981,2026-04-01,synthetic revision
3790,BFA,ECCS,1981,2026-04-01,synthetic revision
3791,CPV,ECCS,1981,2026-04-01,synthetic revision
3792,KHM,ECCS,1981,2026-04-01,synthetic revision
3793,CMR,ECCS,1981,2026-04-01,synthetic revision
3794,CAN,ECCS,1981,2026-04-01,synthetic revision
3795,CYM,ECCS,1981,2026-04-01,synthetic revision
3796,CAF,ECCS,1981,2026-04-01,synthetic revision
3797,TCD,ECCS,1981,2026-04-01,synthetic revision
3798,CHL,ECCS,1981,2026-04-01,synthetic revision
3799,HKG,ECCS,1981,2026-04-01,synthetic revision
3800,MAC,ECCS,1981,2026-04-01,synthetic revision
3801,CHN,ECCS,1981,2026-04-01,synthetic revision
3802,COL,ECCS,1981,2026-04-01,synthetic revision
3803,COM,ECCS,1981,2026-04-01,synthetic revision
3804,COD,ECCS,1981,2026-04-01,synthetic revision
3805,COG,ECCS,1981,2026-04-01,synthetic revision
3806,COK,ECCS,1981,2026-04-01,synthetic revision
3807,CRI,ECCS,1981,2026-04-01,synthetic revision
3808,CUB,ECCS,1981,2026-04-01,synthetic revision
3809,CYP,ECCS,1981,2026-04-01,synthetic revision
3810,DNK,ECCS,1981,2026-04-01,synthetic revision
3811,DJI,ECCS,1981,2026-04-01,synthetic revision
3812,DMA,ECCS,1981,2026-04-01,synthetic revision
3813,DOM,ECCS,1981,2026-04-01,synthetic revision
3814,ECU,ECCS,1981,2026-04-01,synthetic revision
3815,EGY,ECCS,1981,2026-04-01,synthetic revision
3816,SLV,ECCS,1981,2026-04-01,synthetic revision
3817,GNQ,ECCS,1981,2026-04-01,synthetic revision
3818,SWZ,ECCS,1981,2026-04-01,synthetic revision
3819,FLK,ECCS,1981,2026-04-01,synthetic revision
3820,FRO,ECCS,1981,2026-04-01,synthetic revision
3821,FJI,ECCS,1981,2026-04-01,synthetic revision
3822,FIN,ECCS,1981,2026-04-01,synthetic revision
3823,FRA,ECCS,1981,2026-04-01,synthetic revision
3824,PYF,ECCS,1981,2026-04-01,synthetic revision
3825,GAB,ECCS,1981,2026-04-01,synthetic revision
3826,GMB,ECCS,1981,2026-04-01,synthetic revision
3827,DEU,ECCS,1981,2026-04-01,synthetic revision
3828,GHA,ECCS,1981,2026-04-01,synthetic revision
3829,GIB,ECCS,1981,2026-04-01,synthetic revision
3830,GRC,ECCS,1981,2026-04-01,synthetic revision
3831,GRL,ECCS,1981,2026-04-01,synthetic revision
3832,GRD,ECCS,1981,2026-04-01,synthetic revision
3833,GLP,ECCS,1981,2026-04-01,synthetic revision
3834,GTM,ECCS,1981,2026-04-01,synthetic revision
3835,GUF,ECCS,1981,2026-04-01,synthetic revision
3836,GIN,ECCS,1981,2026-04-01,synthetic revision
3837,GNB,ECCS,1981,2026-04-01,synthetic revision
3838,GUY,ECCS,1981,2026-04-01,synthetic revision
3839,HTI,ECCS,1981,2026-04-01,synthetic revision
3840,VAT,ECCS,1981,2026-04-01,synthetic revision
3841,HND,ECCS,1981,2026-04-01,synthetic revision
3842,HUN,ECCS,1981,2026-04-01,synthetic revision
3843,ISL,ECCS,1981,2026-04-01,synthetic revision
3844,IND,ECCS,1981,2026-04-01,synthetic revision
3845,IDN,ECCS,1981,2026-04-01,synthetic revision
3846,IRN,ECCS,1981,2026-04-01,synthetic revision
3847,IRQ,ECCS,1981,2026-04-01,synthetic revision
3848,IRL,ECCS,1981,2026-04-01,synthetic revision
3849,IMN,ECCS,1981,2026-04-01,synthetic revision
3850,ISR,ECCS,1981,2026-04-01,synthetic revision
3851,ITA,ECCS,1981,2026-04-01,synthetic revision
3852,JAM,ECCS,1981,2026-04-01,synthetic revision
3853,JPN,ECCS,1981,2026-04-01,synthetic revision
3854,JOR,ECCS,1981,2026-04-01,synthetic revision
3855,KEN,ECCS,1981,2026-04-01,synthetic revision
3856,KIR,ECCS,1981,2026-04-01,synthetic revision
3857,PRK,ECCS,1981,2026-04-01,synthetic revision
3858,KOR,ECCS,1981,2026-04-01,synthetic revision
3859,KWT,ECCS,1981,2026-04-01,synthetic revision
3860,LAO,ECCS,1981,2026-04-01,synthetic revision
3861,LBN,ECCS,1981,2026-04-01,synthetic revision
3862,LSO,ECCS,1981,2026-04-01,synthetic revision
3863,LBR,ECCS,1981,2026-04-01,synthetic revision
3864,LBY,ECCS,1981,2026-04-01,synthetic revision
3865,LIE,ECCS,1981,2026-04-01,synthetic revision
3866,MDG,ECCS,1981,2026-04-01,synthetic revision
3867,MWI,ECCS,1981,2026-04-01,synthetic revision
3868,MYS,ECCS,1981,2026-04-01,synthetic revision
3869,MDV,ECCS,1981,2026-04-01,synthetic revision
3870,MLI,ECCS,1981,2026-04-01,synthetic revision
3871,MLT,ECCS,1981,2026-04-01,synthetic revision
3872,MTQ,ECCS,1981,2026-04-01,synthetic revision
3873,MRT,ECCS,1981,2026-04-01,synthetic revision
3874,MUS,ECCS,1981,2026-04-01,synthetic revision
3875,MYT,ECCS,1981,2026-04-01,synthetic revision
3876,MEX,ECCS,1981,2026-04-01,synthetic revision
3877,MCO,ECCS,1981,2026-04-01,synthetic revision
3878,MNG,ECCS,1981,2026-04-01,synthetic revision
3879,MSR,ECCS,1981,2026-04-01,synthetic revision
3880,MAR,ECCS,1981,2026-04-01,synthetic revision
3881,MOZ,ECCS,1981,2026-04-01,synthetic revision
3882,MMR,ECCS,1981,2026-04-01,synthetic revision
3883,NRU,ECCS,1981,2026-04-01,synthetic revision
3884,NPL,ECCS,1981,2026-04-01,synthetic revision
3885,NLD,ECCS,1981,2026-04-01,synthetic revision
3886,NCL,ECCS,1981,2026-04-01,synthetic revision
3887,NZL,ECCS,1981,2026-04-01,synthetic revision
3888,NIC,ECCS,1981,2026-04-01,synthetic revision
3889,NER,ECCS,1981,2026-04-01,synthetic revision
3890,NGA,ECCS,1981,2026-04-01,synthetic revision
3891,NIU,ECCS,1981,2026-04-01,synthetic revision
3892,NFK,ECCS,1981,2026-04-01,synthetic revision
3893,NOR,ECCS,1981,2026-04-01,synthetic revision
3894,OMN,ECCS,1981,2026-04-01,synthetic revision
3895,PAK,ECCS,1981,2026-04-01,synthetic revision
3896,PAN,ECCS,1981,2026-04-01,synthetic revision
3897,PNG,ECCS,1981,2026-04-01,synthetic revision
3898,PRY,ECCS,1981,2026-04-01,synthetic revision
3899,PER,ECCS,1981,2026-04-01,synthetic revision
3900,PHL,ECCS,1981,2026-04-01,synthetic revision
3901,PCN,ECCS,1981,2026-04-01,synthetic revision
3902,POL,ECCS,1981,2026-04-01,synthetic revision
3903,PRT,ECCS,1981,2026-04-01,synthetic revision
3904,PRI,ECCS,1981,2026-04-01,synthetic revision
3905,QAT,ECCS,1981,2026-04-01,synthetic revision
3906,ROU,ECCS,1981,2026-04-01,synthetic revision
3907,SPM,ECCS,1981,2026-04-01,synthetic revision
3908,WSM,ECCS,1981,2026-04-01,synthetic revision
3909,SMR,ECCS,1981,2026-04-01,synthetic revision
3910,STP,ECCS,1981,2026-04-01,synthetic revision
3911,SAU,ECCS,1981,2026-04-01,synthetic revision
3912,SEN,ECCS,1981,2026-04-01,synthetic revision
3913,SYC,ECCS,1981,2026-04-01,synthetic revision
3914,SLE,ECCS,1981,2026-04-01,synthetic revision
3915,SLB,ECCS,1981,2026-04-01,synthetic revision
3916,SOM,ECCS,1981,2026-04-01,synthetic revision
3917,ZAF,ECCS,1981,2026-04-01,synthetic revision
3918,ESP,ECCS,1981,2026-04-01,synthetic revision
3919,LKA,ECCS,1981,2026-04-01,synthetic revision
3920,KNA,ECCS,1981,2026-04-01,synthetic revision
3921,LCA,ECCS,1981,2026-04-01,synthetic revision
3922,VCT,ECCS,1981,2026-04-01,synthetic revision
3923,SUR,ECCS,1981,2026-04-01,synthetic revision
3924,SJM,ECCS,1981,2026-04-01,synthetic revision
3925,SWE,ECCS,1981,2026-04-01,synthetic revision
3926,CHE,ECCS,1981,2026-04-01,synthetic revision
3927,SYR,ECCS,1981,2026-04-01,synthetic revision
3928,TWN,ECCS,1981,2026-04-01,synthetic revision
3929,TZA,ECCS,1981,2026-04-01,synthetic revision
3930,THA,ECCS,1981,2026-04-01,synthetic revision
3931,TLS,ECCS,1981,2026-04-01,synthetic revision
3932,TGO,ECCS,1981,2026-04-01,synthetic revision
3933,TKL,ECCS,1981,2026-04-01,synthetic revision
3934,TON,ECCS,1981,2026-04-01,synthetic revision
3935,TTO,ECCS,1981,2026-04-01,synthetic revision
3936,TUN,ECCS,1981,2026-04-01,synthetic revision
3937,TUV,ECCS,1981,2026-04-01,synthetic revision
3938,UGA,ECCS,1981,2026-04-01,synthetic revision
3939,ARE,ECCS,1981,2026-04-01,synthetic revision
3940,GBR,ECCS,1981,2026-04-01,synthetic revision
3941,USA,ECCS,1981,2026-04-01,synthetic revision
3942,VIR,ECCS,1981,2026-04-01,synthetic revision
3943,URY,ECCS,1981,2026-04-01,synthetic revision
3944,VUT,ECCS,1981,2026-04-01,synthetic revision
3945,VEN,ECCS,1981,2026-04-01,synthetic revision
3946,VNM,ECCS,1981,2026-04-01,synthetic revision
3947,WLF,ECCS,1981,2026-04-01,synthetic revision
3948,PSE,ECCS,1981,2026-04-01,synthetic revision
3949,ESH,ECCS,1981,2026-04-01,synthetic revision
3950,YEM,ECCS,1981,2026-04-01,synthetic revision
3951,ZMB,ECCS,1981,2026-04-01,synthetic revision
3952,ZWE,ECCS,1981,2026-04-01,synthetic revision
3953,AFG,ECCS,1982,2026-04-01,synthetic revision
3954,ALB,ECCS,1982,2026-04-01,synthetic revision
3955,DZA,ECCS,1982,2026-04-01,synthetic revision
3956,ASM,ECCS,1982,2026-04-01,synthetic revision
3957,AND,ECCS,1982,2026-04-01,synthetic revision
3958,AGO,ECCS,1982,2026-04-01,synthetic revision
3959,AIA,ECCS,1982,2026-04-01,synthetic revision
3960,ATG,ECCS,1982,2026-04-01,synthetic revision
3961,ARG,ECCS,1982,2026-04-01,synthetic revision
3962,ABW,ECCS,1982,2026-04-01,synthetic revision
3963,AUS,ECCS,1982,2026-04-01,synthetic revision
3964,AUT,ECCS,1982,2026-04-01,synthetic revision
3965,BHS,ECCS,1982,2026-04-01,synthetic revision
3966,BHR,ECCS,1982,2026-04-01,synthetic revision
3967,BGD,ECCS,1982,2026-04-01,synthetic revision
3968,BRB,ECCS,1982,2026-04-01,synthetic revision
3969,BLZ,ECCS,1982,2026-04-01,synthetic revision
3970,BEN,ECCS,1982,2026-04-01,synthetic revision
3971,BTN,ECCS,1982,2026-04-01,synthetic revision
3972,BOL,ECCS,1982,2026-04-01,synthetic revision
3973,BWA,ECCS,1982,2026-04-01,synthetic revision
3974,BRA,ECCS,1982,2026-04-01,synthetic revision
3975,VGB,ECCS,1982,2026-04-01,synthetic revision
3976,BRN,ECCS,1982,2026-04-01,synthetic revision
3977,BGR,ECCS,1982,2026-04-01,synthetic revision
3978,BFA,ECCS,1982,2026-04-01,synthetic revision
3979,BDI,ECCS,1982,2026-04-01,synthetic revision
3980,CPV,ECCS,1982,2026-04-01,synthetic revision
3981,KHM,ECCS,1982,2026-04-01,synthetic revision
3982,CMR,ECCS,1982,2026-04-01,synthetic revision
3983,CAN,ECCS,1982,2026-04-01,synthetic revision
3984,CYM,ECCS,1982,2026-04-01,synthetic revision
3985,CAF,ECCS,1982,2026-04-01,synthetic revision
3986,TCD,ECCS,1982,2026-04-01,synthetic revision
3987,CHL,ECCS,1982,2026-04-01,synthetic revision
3988,HKG,ECCS,1982,2026-04-01,synthetic revision
3989,MAC,ECCS,1982,2026-04-01,synthetic revision
3990,CHN,ECCS,1982,2026-04-01,synthetic revision
3991,COL,ECCS,1982,2026-04-01,synthetic revision
3992,COM,ECCS,1982,2026-04-01,synthetic revision
3993,COD,ECCS,1982,2026-04-01,synthetic revision
3994,COG,ECCS,1982,2026-04-01,synthetic revision
3995,COK,ECCS,1982,2026-04-01,synthetic revision
3996,CRI,ECCS,1982,2026-04-01,synthetic revision
3997,CUB,ECCS,1982,2026-04-01,synthetic revision
3998,CYP,ECCS,1982,2026-04-01,synthetic revision
3999,DNK,ECCS,1982,2026-04-01,synthetic revision
4000,DJI,ECCS,1982,2026-04-01,synthetic revision
4001,DMA,ECCS,1982,2026-04-01,synthetic revision
4002,DOM,ECCS,1982,2026-04-01,synthetic revision
4003,ECU,ECCS,1982,2026-04-01,synthetic revision
4004,EGY,ECCS,1982,2026-04-01,synthetic revision
4005,SLV,ECCS,1982,2026-04-01,synthetic revision
4006,GNQ,ECCS,1982,2026-04-01,synthetic revision
4007,SWZ,ECCS,1982,2026-04-01,synthetic revision
4008,FRO,ECCS,1982,2026-04-01,synthetic revision
4009,FJI,ECCS,1982,2026-04-01,synthetic revision
4010,FIN,ECCS,1982,2026-04-01,synthetic revision
4011,FRA,ECCS,1982,2026-04-01,synthetic revision
4012,PYF,ECCS,1982,2026-04-01,synthetic revision
4013,GAB,ECCS,1982,2026-04-01,synthetic revision
4014,GMB,ECCS,1982,2026-04-01,synthetic revision
4015,DEU,ECCS,1982,2026-04-01,synthetic revision
4016,GHA,ECCS,1982,2026-04-01,synthetic revision
4017,GIB,ECCS,1982,2026-04-01,synthetic revision
4018,GRC,ECCS,1982,2026-04-01,synthetic revision
4019,GRL,ECCS,1982,2026-04-01,synthetic revision
4020,GRD,ECCS,1982,2026-04-01,synthetic revision
4021,GLP,ECCS,1982,2026-04-01,synthetic revision
4022,GTM,ECCS,1982,2026-04-01,synthetic revision
4023,GUF,ECCS,1982,2026-04-01,synthetic revision
4024,GIN,ECCS,1982,2026-04-01,synthetic revision
4025,GNB,ECCS,1982,2026-04-01,synthetic revision
4026,GUY,ECCS,1982,2026-04-01,synthetic revision
4027,HTI,ECCS,1982,2026-04-01,synthetic revision
4028,VAT,ECCS,1982,2026-04-01,synthetic revision
4029,HND,ECCS,1982,2026-04-01,synthetic revision
4030,HUN,ECCS,1982,2026-04-01,synthetic revision
4031,ISL,ECCS,1982,2026-04-01,synthetic revision
4032,IND,ECCS,1982,2026-04-01,synthetic revision
4033,IDN,ECCS,1982,2026-04-01,synthetic revision
4034,IRN,ECCS,1982,2026-04-01,synthetic revision
4035,IRQ,ECCS,1982,2026-04-01,synthetic revision
4036,IRL,ECCS,1982,2026-04-01,synthetic revision
4037,IMN,ECCS,1982,2026-04-01,synthetic revision
4038,ISR,ECCS,1982,2026-04-01,synthetic revision
4039,ITA,ECCS,1982,2026-04-01,synthetic revision
4040,JAM,ECCS,1982,2026-04-01,synthetic revision
4041,JPN,ECCS,1982,2026-04-01,synthetic revision
4042,JOR,ECCS,1982,2026-04-01,synthetic revision
4043,KEN,ECCS,1982,2026-04-01,synthetic revision
4044,KIR,ECCS,1982,2026-04-01,synthetic revision
4045,PRK,ECCS,1982,2026-04-01,synthetic revision
4046,KOR,ECCS,1982,2026-04-01,synthetic revision
4047,KWT,ECCS,1982,2026-04-01,synthetic revision
4048,LAO,ECCS,1982,2026-04-01,synthetic revision
4049,LBN,ECCS,1982,2026-04-01,synthetic revision
4050,LSO,ECCS,1982,2026-04-01,synthetic revision
4051,LBR,ECCS,1982,2026-04-01,synthetic revision
4052,LBY,ECCS,1982,2026-04-01,synthetic revision
4053,LIE,ECCS,1982,2026-04-01,synthetic revision
4054,MDG,ECCS,1982,2026-04-01,synthetic revision
4055,MWI,ECCS,1982,2026-04-01,synthetic revision
4056,MYS,ECCS,1982,2026-04-01,synthetic revision
4057,MDV,ECCS,1982,2026-04-01,synthetic revision
4058,MLI,ECCS,1982,2026-04-01,synthetic revision
4059,MLT,ECCS,1982,2026-04-01,synthetic revision
4060,MTQ,ECCS,1982,2026-04-01,synthetic revision
4061,MRT,ECCS,1982,2026-04-01,synthetic revision
4062,MUS,ECCS,1982,2026-04-01,synthetic revision
4063,MYT,ECCS,1982,2026-04-01,synthetic revision
4064,MEX,ECCS,1982,2026-04-01,synthetic revision
4065,MCO,ECCS,1982,2026-04-01,synthetic revision
4066,MNG,ECCS,1982,2026-04-01,synthetic revision
4067,MSR,ECCS,1982,2026-04-01,synthetic revision
4068,MAR,ECCS,1982,2026-04-01,synthetic revision
4069,MOZ,ECCS,1982,2026-04-01,synthetic revision
4070,MMR,ECCS,1982,2026-04-01,synthetic revision
4071,NRU,ECCS,1982,2026-04-01,synthetic revision
4072,NPL,ECCS,1982,2026-04-01,synthetic revision
4073,NLD,ECCS,1982,2026-04-01,synthetic revision
4074,NCL,ECCS,1982,2026-04-01,synthetic revision
4075,NZL,ECCS,1982,2026-04-01,synthetic revision
4076,NIC,ECCS,1982,2026-04-01,synthetic revision
4077,NER,ECCS,1982,2026-04-01,synthetic revision
4078,NGA,ECCS,1982,2026-04-01,synthetic revision
4079,NIU,ECCS,1982,2026-04-01,synthetic revision
4080,NFK,ECCS,1982,2026-04-01,synthetic revision
4081,NOR,ECCS,1982,2026-04-01,synthetic revision
4082,OMN,ECCS,1982,2026-04-01,synthetic revision
4083,PAK,ECCS,1982,2026-04-01,synthetic revision
4084,PAN,ECCS,1982,2026-04-01,synthetic revision
4085,PNG,ECCS,1982,2026-04-01,synthetic revision
4086,PRY,ECCS,1982,2026-04-01,synthetic revision
4087,PER,ECCS,1982,2026-04-01,synthetic revision
4088,PHL,ECCS,1982,2026-04-01,synthetic revision
4089,PCN,ECCS,1982,2026-04-01,synthetic revision
4090,POL,ECCS,1982,2026-04-01,synthetic revision
4091,PRT,ECCS,1982,2026-04-01,synthetic revision
4092,PRI,ECCS,1982,2026-04-01,synthetic revision
4093,QAT,ECCS,1982,2026-04-01,synthetic revision
4094,ROU,ECCS,1982,2026-04-01,synthetic revision
4095,RWA,ECCS,1982,2026-04-01,synthetic revision
4096,SPM,ECCS,1982,2026-04-01,synthetic revision
4097,WSM,ECCS,1982,2026-04-01,synthetic revision
4098,SMR,ECCS,1982,2026-04-01,synthetic revision
4099,STP,ECCS,1982,2026-04-01,synthetic revision
4100,SAU,ECCS,1982,2026-04-01,synthetic revision
4101,SEN,ECCS,1982,2026-04-01,synthetic revision
4102,SYC,ECCS,1982,2026-04-01,synthetic revision
4103,SLE,ECCS,1982,2026-04-01,synthetic revision
4104,SLB,ECCS,1982,2026-04-01,synthetic revision
4105,SOM,ECCS,1982,2026-04-01,synthetic revision
4106,ZAF,ECCS,1982,2026-04-01,synthetic revision
4107,ESP,ECCS,1982,2026-04-01,synthetic revision
4108,LKA,ECCS,1982,2026-04-01,synthetic revision
4109,KNA,ECCS,1982,2026-04-01,synthetic revision
4110,LCA,ECCS,1982,2026-04-01,synthetic revision
4111,VCT,ECCS,1982,2026-04-01,synthetic revision
4112,SUR,ECCS,1982,2026-04-01,synthetic revision
4113,SJM,ECCS,1982,2026-04-01,synthetic revision
4114,SWE,ECCS,1982,2026-04-01,synthetic revision
4115,CHE,ECCS,1982,2026-04-01,synthetic revision
4116,SYR,ECCS,1982,2026-04-01,synthetic revision
4117,TWN,ECCS,1982,2026-04-01,synthetic revision
4118,TZA,ECCS,1982,2026-04-01,synthetic revision
4119,THA,ECCS,1982,2026-04-01,synthetic revision
4120,TLS,ECCS,1982,2026-04-01,synthetic revision
4121,TGO,ECCS,1982,2026-04-01,synthetic revision
4122,TKL,ECCS,1982,2026-04-01,synthetic revision
4123,TON,ECCS,1982,2026-04-01,synthetic revision
4124,TTO,ECCS,1982,2026-04-01,synthetic revision
4125,TUN,ECCS,1982,2026-04-01,synthetic revision
4126,TUV,ECCS,1982,2026-04-01,synthetic revision
4127,UGA,ECCS,1982,2026-04-01,synthetic revision
4128,ARE,ECCS,1982,2026-04-01,synthetic revision
4129,GBR,ECCS,1982,2026-04-01,synthetic revision
4130,USA,ECCS,1982,2026-04-01,synthetic revision
4131,VIR,ECCS,1982,2026-04-01,synthetic revision
4132,URY,ECCS,1982,2026-04-01,synthetic revision
4133,VUT,ECCS,1982,2026-04-01,synthetic revision
4134,VEN,ECCS,1982,2026-04-01,synthetic revision
4135,VNM,ECCS,1982,2026-04-01,synthetic revision
4136,WLF,ECCS,1982,2026-04-01,synthetic revision
4137,PSE,ECCS,1982,2026-04-01,synthetic revision
4138,ESH,ECCS,1982,2026-04-01,synthetic revision
4139,YEM,ECCS,1982,2026-04-01,synthetic revision
4140,ZMB,ECCS,1982,2026-04-01,synthetic revision
4141,ZWE,ECCS,1982,2026-04-01,synthetic revision
4142,AFG,ECCS,1983,2026-04-01,synthetic revision
4143,ALB,ECCS,1983,2026-04-01,synthetic revision
4144,DZA,ECCS,1983,2026-04-01,synthetic revision
4145,ASM,ECCS,1983,2026-04-01,synthetic revision
4146,AND,ECCS,1983,2026-04-01,synthetic revision
4147,AGO,ECCS,1983,2026-04-01,synthetic revision
4148,AIA,ECCS,1983,2026-04-01,synthetic revision
4149,ATG,ECCS,1983,2026-04-01,synthetic revision
4150,ARG,ECCS,1983,2026-04-01,synthetic revision
4151,ABW,ECCS,1983,2026-04-01,synthetic revision
4152,AUS,ECCS,1983,2026-04-01,synthetic revision
4153,AUT,ECCS,1983,2026-04-01,synthetic revision
4154,BHS,ECCS,1983,2026-04-01,synthetic revision
4155,BHR,ECCS,1983,2026-04-01,synthetic revision
4156,BGD,ECCS,1983,2026-04-01,synthetic revision
4157,BRB,ECCS,1983,2026-04-01,synthetic revision
4158,BLZ,ECCS,1983,2026-04-01,synthetic revision
4159,BEN,ECCS,1983,2026-04-01,synthetic revision
4160,BTN,ECCS,1983,2026-04-01,synthetic revision
4161,BOL,ECCS,1983,2026-04-01,synthetic revision
4162,BWA,ECCS,1983,2026-04-01,synthetic revision
4163,BRA,ECCS,1983,2026-04-01,synthetic revision
4164,VGB,ECCS,1983,2026-04-01,synthetic revision
4165,BRN,ECCS,1983,2026-04-01,synthetic revision
4166,BGR,ECCS,1983,2026-04-01,synthetic revision
4167,BFA,ECCS,1983,2026-04-01,synthetic revision
4168,BDI,ECCS,1983,2026-04-01,synthetic revision
4169,CPV,ECCS,1983,2026-04-01,synthetic revision
4170,KHM,ECCS,1983,2026-04-01,synthetic revision
4171,CMR,ECCS,1983,2026-04-01,synthetic revision
4172,CAN,ECCS,1983,2026-04-01,synthetic revision
4173,CYM,ECCS,1983,2026-04-01,synthetic revision
4174,CAF,ECCS,1983,2026-04-01,synthetic revision
4175,TCD,ECCS,1983,2026-04-01,synthetic revision
4176,CHL,ECCS,1983,2026-04-01,synthetic revision
4177,HKG,ECCS,1983,2026-04-01,synthetic revision
4178,MAC,ECCS,1983,2026-04-01,synthetic revision
4179,CHN,ECCS,1983,2026-04-01,synthetic revision
4180,COL,ECCS,1983,2026-04-01,synthetic revision
4181,COM,ECCS,1983,2026-04-01,synthetic revision
4182,COD,ECCS,1983,2026-04-01,synthetic revision
4183,COG,ECCS,1983,2026-04-01,synthetic revision
4184,COK,ECCS,1983,2026-04-01,synthetic revision
4185,CRI,ECCS,1983,2026-04-01,synthetic revision
4186,CUB,ECCS,1983,2026-04-01,synthetic revision
4187,CYP,ECCS,1983,2026-04-01,synthetic revision
4188,DNK,ECCS,1983,2026-04-01,synthetic revision
4189,DJI,ECCS,1983,2026-04-01,synthetic revision
4190,DMA,ECCS,1983,2026-04-01,synthetic revision
4191,DOM,ECCS,1983,2026-04-01,synthetic revision
4192,ECU,ECCS,1983,2026-04-01,synthetic revision
4193,EGY,ECCS,1983,2026-04-01,synthetic revision
4194,SLV,ECCS,1983,2026-04-01,synthetic revision
4195,GNQ,ECCS,1983,2026-04-01,synthetic revision
4196,SWZ,ECCS,1983,2026-04-01,synthetic revision
4197,FRO,ECCS,1983,2026-04-01,synthetic revision
4198,FJI,ECCS,1983,2026-04-01,synthetic revision
4199,FIN,ECCS,1983,2026-04-01,synthetic revision
4200,FRA,ECCS,1983,2026-04-01,synthetic revision
4201,PYF,ECCS,1983,2026-04-01,synthetic revision
4202,GAB,ECCS,1983,2026-04-01,synthetic revision
4203,GMB,ECCS,1983,2026-04-01,synthetic revision
4204,DEU,ECCS,1983,2026-04-01,synthetic revision
4205,GHA,ECCS,1983,2026-04-01,synthetic revision
4206,GIB,ECCS,1983,2026-04-01,synthetic revision
4207,GRC,ECCS,1983,2026-04-01,synthetic revision
4208,GRL,ECCS,1983,2026-04-01,synthetic revision
4209,GRD,ECCS,1983,2026-04-01,synthetic revision
4210,GLP,ECCS,1983,2026-04-01,synthetic revision
4211,GTM,ECCS,1983,2026-04-01,synthetic revision
4212,GUF,ECCS,1983,2026-04-01,synthetic revision
4213,GIN,ECCS,1983,2026-04-01,synthetic revision
4214,GNB,ECCS,1983,2026-04-01,synthetic revision
4215,GUY,ECCS,1983,2026-04-01,synthetic revision
4216,HTI,ECCS,1983,2026-04-01,synthetic revision
4217,VAT,ECCS,1983,2026-04-01,synthetic revision
4218,HND,ECCS,1983,2026-04-01,synthetic revision
4219,HUN,ECCS,1983,2026-04-01,synthetic revision
4220,ISL,ECCS,1983,2026-04-01,synthetic revision
4221,IND,ECCS,1983,2026-04-01,synthetic revision
4222,IDN,ECCS,1983,2026-04-01,synthetic revision
4223,IRN,ECCS,1983,2026-04-01,synthetic revision
4224,IRQ,ECCS,1983,2026-04-01,synthetic revision
4225,IRL,ECCS,1983,2026-04-01,synthetic revision
4226,IMN,ECCS,1983,2026-04-01,synthetic revision
4227,ISR,ECCS,1983,2026-04-01,synthetic revision
4228,ITA,ECCS,1983,2026-04-01,synthetic revision
4229,JAM,ECCS,1983,2026-04-01,synthetic revision
4230,JPN,ECCS,1983,2026-04-01,synthetic revision
4231,JOR,ECCS,1983,2026-04-01,synthetic revision
4232,KEN,ECCS,1983,2026-04-01,synthetic revision
4233,KIR,ECCS,1983,2026-04-01,synthetic revision
4234,PRK,ECCS,1983,2026-04-01,synthetic revision
4235,KOR,ECCS,1983,2026-04-01,synthetic revision
4236,KWT,ECCS,1983,2026-04-01,synthetic revision
4237,LAO,ECCS,1983,2026-04-01,synthetic revision
4238,LBN,ECCS,1983,2026-04-01,synthetic revision
4239,LSO,ECCS,1983,2026-04-01,synthetic revision
4240,LBR,ECCS,1983,2026-04-01,synthetic revision
4241,LBY,ECCS,1983,2026-04-01,synthetic revision
4242,LIE,ECCS,1983,2026-04-01,synthetic revision
4243,MDG,ECCS,1983,2026-04-01,synthetic revision
4244,MWI,ECCS,1983,2026-04-01,synthetic revision
4245,MYS,ECCS,1983,2026-04-01,synthetic revision
4246,MDV,ECCS,1983,2026-04-01,synthetic revision
4247,MLI,ECCS,1983,2026-04-01,synthetic revision
4248,MLT,ECCS,1983,2026-04-01,synthetic revision
4249,MTQ,ECCS,1983,2026-04-01,synthetic revision
4250,MRT,ECCS,1983,2026-04-01,synthetic revision
4251,MUS,ECCS,1983,2026-04-01,synthetic revision
4252,MYT,ECCS,1983,2026-04-01,synthetic revision
4253,MEX,ECCS,1983,2026-04-01,synthetic revision
4254,MCO,ECCS,1983,2026-04-01,synthetic revision
4255,MNG,ECCS,1983,2026-04-01,synthetic revision
4256,MSR,ECCS,1983,2026-04-01,synthetic revision
4257,MAR,ECCS,1983,2026-04-01,synthetic revision
4258,MOZ,ECCS,1983,2026-04-01,synthetic revision
4259,MMR,ECCS,1983,2026-04-01,synthetic revision
4260,NPL,ECCS,1983,2026-04-01,synthetic revision
4261,NLD,ECCS,1983,2026-04-01,synthetic revision
4262,NCL,ECCS,1983,2026-04-01,synthetic revision
4263,NZL,ECCS,1983,2026-04-01,synthetic revision
4264,NIC,ECCS,1983,2026-04-01,synthetic revision
4265,NER,ECCS,1983,2026-04-01,synthetic revision
4266,NGA,ECCS,1983,2026-04-01,synthetic revision
4267,NIU,ECCS,1983,2026-04-01,synthetic revision
4268,NFK,ECCS,1983,2026-04-01,synthetic revision
4269,NOR,ECCS,1983,2026-04-01,synthetic revision
4270,OMN,ECCS,1983,2026-04-01,synthetic revision
4271,PAK,ECCS,1983,2026-04-01,synthetic revision
4272,PAN,ECCS,1983,2026-04-01,synthetic revision
4273,PNG,ECCS,1983,2026-04-01,synthetic revision
4274,PRY,ECCS,1983,2026-04-01,synthetic revision
4275,PER,ECCS,1983,2026-04-01,synthetic revision
4276,PHL,ECCS,1983,2026-04-01,synthetic revision
4277,PCN,ECCS,1983,2026-04-01,synthetic revision
4278,POL,ECCS,1983,2026-04-01,synthetic revision
4279,PRT,ECCS,1983,2026-04-01,synthetic revision
4280,PRI,ECCS,1983,2026-04-01,synthetic revision
4281,QAT,ECCS,1983,2026-04-01,synthetic revision
4282,ROU,ECCS,1983,2026-04-01,synthetic revision
4283,RWA,ECCS,1983,2026-04-01,synthetic revision
4284,SPM,ECCS,1983,2026-04-01,synthetic revision
4285,WSM,ECCS,1983,2026-04-01,synthetic revision
4286,SMR,ECCS,1983,2026-04-01,synthetic revision
4287,STP,ECCS,1983,2026-04-01,synthetic revision
4288,SAU,ECCS,1983,2026-04-01,synthetic revision
4289,SEN,ECCS,1983,2026-04-01,synthetic revision
4290,SYC,ECCS,1983,2026-04-01,synthetic revision
4291,SLE,ECCS,1983,2026-04-01,synthetic revision
4292,SGP,ECCS,1983,2026-04-01,synthetic revision
4293,SLB,ECCS,1983,2026-04-01,synthetic revision
4294,SOM,ECCS,1983,2026-04-01,synthetic revision
4295,ZAF,ECCS,1983,2026-04-01,synthetic revision
4296,ESP,ECCS,1983,2026-04-01,synthetic revision
4297,LKA,ECCS,1983,2026-04-01,synthetic revision
4298,KNA,ECCS,1983,2026-04-01,synthetic revision
4299,LCA,ECCS,1983,2026-04-01,synthetic revision
4300,VCT,ECCS,1983,2026-04-01,synthetic revision
4301,SUR,ECCS,1983,2026-04-01,synthetic revision
4302,SJM,ECCS,1983,2026-04-01,synthetic revision
4303,SWE,ECCS,1983,2026-04-01,synthetic revision
4304,CHE,ECCS,1983,2026-04-01,synthetic revision
4305,SYR,ECCS,1983,2026-04-01,synthetic revision
4306,TWN,ECCS,1983,2026-04-01,synthetic revision
4307,TZA,ECCS,1983,2026-04-01,synthetic revision
4308,THA,ECCS,1983,2026-04-01,synthetic revision
4309,TLS,ECCS,1983,2026-04-01,synthetic revision
4310,TGO,ECCS,1983,2026-04-01,synthetic revision
4311,TKL,ECCS,1983,2026-04-01,synthetic revision
4312,TON,ECCS,1983,2026-04-01,synthetic revision
4313,TTO,ECCS,1983,2026-04-01,synthetic revision
4314,TUN,ECCS,1983,2026-04-01,synthetic revision
4315,TUV,ECCS,1983,2026-04-01,synthetic revision
4316,UGA,ECCS,1983,2026-04-01,synthetic revision
4317,ARE,ECCS,1983,2026-04-01,synthetic revision
4318,GBR,ECCS,1983,2026-04-01,synthetic revision
4319,USA,ECCS,1983,2026-04-01,synthetic revision
4320,VIR,ECCS,1983,2026-04-01,synthetic revision
4321,URY,ECCS,1983,2026-04-01,synthetic revision
4322,VUT,ECCS,1983,2026-04-01,synthetic revision
4323,VEN,ECCS,1983,2026-04-01,synthetic revision
4324,VNM,ECCS,1983,2026-04-01,synthetic revision
4325,WLF,ECCS,1983,2026-04-01,synthetic revision
4326,PSE,ECCS,1983,2026-04-01,synthetic revision
4327,ESH,ECCS,1983,2026-04-01,synthetic revision
4328,YEM,ECCS,1983,2026-04-01,synthetic revision
4329,ZMB,ECCS,1983,2026-04-01,synthetic revision
4330,ZWE,ECCS,1983,2026-04-01,synthetic revision
4331,AFG,ECCS,1984,2026-04-01,synthetic revision
4332,ALB,ECCS,1984,2026-04-01,synthetic revision
4333,DZA,ECCS,1984,2026-04-01,synthetic revision
4334,ASM,ECCS,1984,2026-04-01,synthetic revision
4335,AND,ECCS,1984,2026-04-01,synthetic revision
4336,AGO,ECCS,1984,2026-04-01,synthetic revision
4337,AIA,ECCS,1984,2026-04-01,synthetic revision
4338,ATG,ECCS,1984,2026-04-01,synthetic revision
4339,ARG,ECCS,1984,2026-04-01,synthetic revision
4340,AUS,ECCS,1984,2026-04-01,synthetic revision
4341,AUT,ECCS,1984,2026-04-01,synthetic revision
4342,BHS,ECCS,1984,2026-04-01,synthetic revision
4343,BHR,ECCS,1984,2026-04-01,synthetic revision
4344,BGD,ECCS,1984,2026-04-01,synthetic revision
4345,BRB,ECCS,1984,2026-04-01,synthetic revision
4346,BLZ,ECCS,1984,2026-04-01,synthetic revision
4347,BEN,ECCS,1984,2026-04-01,synthetic revision
4348,BTN,ECCS,1984,2026-04-01,synthetic revision
4349,BOL,ECCS,1984,2026-04-01,synthetic revision
4350,BWA,ECCS,1984,2026-04-01,synthetic revision
4351,BRA,ECCS,1984,2026-04-01,synthetic revision
4352,VGB,ECCS,1984,2026-04-01,synthetic revision
4353,BRN,ECCS,1984,2026-04-01,synthetic revision
4354,BGR,ECCS,1984,2026-04-01,synthetic revision
4355,BFA,ECCS,1984,2026-04-01,synthetic revision
4356,KHM,ECCS,1984,2026-04-01,synthetic revision
4357,CMR,ECCS,1984,2026-04-01,synthetic revision
4358,CAN,ECCS,1984,2026-04-01,synthetic revision
4359,CYM,ECCS,1984,2026-04-01,synthetic revision
4360,CAF,ECCS,1984,2026-04-01,synthetic revision
4361,TCD,ECCS,1984,2026-04-01,synthetic revision
4362,CHL,ECCS,1984,2026-04-01,synthetic revision
4363,HKG,ECCS,1984,2026-04-01,synthetic revision
4364,MAC,ECCS,1984,2026-04-01,synthetic revision
4365,CHN,ECCS,1984,2026-04-01,synthetic revision
4366,COL,ECCS,1984,2026-04-01,synthetic revision
4367,COM,ECCS,1984,2026-04-01,synthetic revision
4368,COD,ECCS,1984,2026-04-01,synthetic revision
4369,COG,ECCS,1984,2026-04-01,synthetic revision
4370,COK,ECCS,1984,2026-04-01,synthetic revision
4371,CRI,ECCS,1984,2026-04-01,synthetic revision
4372,CUB,ECCS,1984,2026-04-01,synthetic revision
4373,CYP,ECCS,1984,2026-04-01,synthetic revision
4374,DNK,ECCS,1984,2026-04-01,synthetic revision
4375,DJI,ECCS,1984,2026-04-01,synthetic revision
4376,DMA,ECCS,1984,2026-04-01,synthetic revision
4377,DOM,ECCS,1984,2026-04-01,synthetic revision
4378,ECU,ECCS,1984,2026-04-01,synthetic revision
4379,EGY,ECCS,1984,2026-04-01,synthetic revision
4380,SLV,ECCS,1984,2026-04-01,synthetic revision
4381,GNQ,ECCS,1984,2026-04-01,synthetic revision
4382,SWZ,ECCS,1984,2026-04-01,synthetic revision
4383,FRO,ECCS,1984,2026-04-01,synthetic revision
4384,FJI,ECCS,1984,2026-04-01,synthetic revision
4385,FIN,ECCS,1984,2026-04-01,synthetic revision
4386,FRA,ECCS,1984,2026-04-01,synthetic revision
4387,PYF,ECCS,1984,2026-04-01,synthetic revision
4388,GAB,ECCS,1984,2026-04-01,synthetic revision
4389,GMB,ECCS,1984,2026-04-01,synthetic revision
4390,DEU,ECCS,1984,2026-04-01,synthetic revision
4391,GHA,ECCS,1984,2026-04-01,synthetic revision
4392,GIB,ECCS,1984,2026-04-01,synthetic revision
4393,GRC,ECCS,1984,2026-04-01,synthetic revision
4394,GRL,ECCS,1984,2026-04-01,synthetic revision
4395,GRD,ECCS,1984,2026-04-01,synthetic revision
4396,GLP,ECCS,1984,2026-04-01,synthetic revision
4397,GTM,ECCS,1984,2026-04-01,synthetic revision
4398,GUF,ECCS,1984,2026-04-01,synthetic revision
4399,GIN,ECCS,1984,2026-04-01,synthetic revision
4400,GNB,ECCS,1984,2026-04-01,synthetic revision
4401,GUY,ECCS,1984,2026-04-01,synthetic revision
4402,HTI,ECCS,1984,2026-04-01,synthetic revision
4403,VAT,ECCS,1984,2026-04-01,synthetic revision
4404,HND,ECCS,1984,2026-04-01,synthetic revision
4405,HUN,ECCS,1984,2026-04-01,synthetic revision
4406,ISL,ECCS,1984,2026-04-01,synthetic revision
4407,IND,ECCS,1984,2026-04-01,synthetic revision
4408,IDN,ECCS,1984,2026-04-01,synthetic revision
4409,IRN,ECCS,1984,2026-04-01,synthetic revision
4410,IRQ,ECCS,1984,2026-04-01,synthetic revision
4411,IRL,ECCS,1984,2026-04-01,synthetic revision
4412,IMN,ECCS,1984,2026-04-01,synthetic revision
4413,ISR,ECCS,1984,2026-04-01,synthetic revision
4414,ITA,ECCS,1984,2026-04-01,synthetic revision
4415,JAM,ECCS,1984,2026-04-01,synthetic revision
4416,JPN,ECCS,1984,2026-04-01,synthetic revision
4417,JOR,ECCS,1984,2026-04-01,synthetic revision
4418,KEN,ECCS,1984,2026-04-01,synthetic revision
4419,KIR,ECCS,1984,2026-04-01,synthetic revision
4420,PRK,ECCS,1984,2026-04-01,synthetic revision
4421,KOR,ECCS,1984,2026-04-01,synthetic revision
4422,KWT,ECCS,1984,2026-04-01,synthetic revision
4423,LAO,ECCS,1984,2026-04-01,synthetic revision
4424,LBN,ECCS,1984,2026-04-01,synthetic revision
4425,LSO,ECCS,1984,2026-04-01,synthetic revision
4426,LBR,ECCS,1984,2026-04-01,synthetic revision
4427,LBY,ECCS,1984,2026-04-01,synthetic revision
4428,LIE,ECCS,1984,2026-04-01,synthetic revision
4429,MDG,ECCS,1984,2026-04-01,synthetic revision
4430,MWI,ECCS,1984,2026-04-01,synthetic revision
4431,MYS,ECCS,1984,2026-04-01,synthetic revision
4432,MDV,ECCS,1984,2026-04-01,synthetic revision
4433,MLI,ECCS,1984,2026-04-01,synthetic revision
4434,MLT,ECCS,1984,2026-04-01,synthetic revision
4435,MTQ,ECCS,1984,2026-04-01,synthetic revision
4436,MRT,ECCS,1984,2026-04-01,synthetic revision
4437,MUS,ECCS,1984,2026-04-01,synthetic revision
4438,MYT,ECCS,1984,2026-04-01,synthetic revision
4439,MEX,ECCS,1984,2026-04-01,synthetic revision
4440,MCO,ECCS,1984,2026-04-01,synthetic revision
4441,MNG,ECCS,1984,2026-04-01,synthetic revision
4442,MSR,ECCS,1984,2026-04-01,synthetic revision
4443,MAR,ECCS,1984,2026-04-01,synthetic revision
4444,MOZ,ECCS,1984,2026-04-01,synthetic revision
4445,MMR,ECCS,1984,2026-04-01,synthetic revision
4446,NRU,ECCS,1984,2026-04-01,synthetic revision
4447,NPL,ECCS,1984,2026-04-01,synthetic revision
4448,NLD,ECCS,1984,2026-04-01,synthetic revision
4449,NCL,ECCS,1984,2026-04-01,synthetic revision
4450,NZL,ECCS,1984,2026-04-01,synthetic revision
4451,NIC,ECCS,1984,2026-04-01,synthetic revision
4452,NER,ECCS,1984,2026-04-01,synthetic revision
4453,NGA,ECCS,1984,2026-04-01,synthetic revision
4454,NIU,ECCS,1984,2026-04-01,synthetic revision
4455,NFK,ECCS,1984,2026-04-01,synthetic revision
4456,NOR,ECCS,1984,2026-04-01,synthetic revision
4457,OMN,ECCS,1984,2026-04-01,synthetic revision
4458,PAK,ECCS,1984,2026-04-01,synthetic revision
4459,PAN,ECCS,1984,2026-04-01,synthetic revision
4460,PNG,ECCS,1984,2026-04-01,synthetic revision
4461,PRY,ECCS,1984,2026-04-01,synthetic revision
4462,PER,ECCS,1984,2026-04-01,synthetic revision
4463,PHL,ECCS,1984,2026-04-01,synthetic revision
4464,PCN,ECCS,1984,2026-04-01,synthetic revision
4465,POL,ECCS,1984,2026-04-01,synthetic revision
4466,PRT,ECCS,1984,2026-04-01,synthetic revision
4467,PRI,ECCS,1984,2026-04-01,synthetic revision
4468,QAT,ECCS,1984,2026-04-01,synthetic revision
4469,ROU,ECCS,1984,2026-04-01,synthetic revision
4470,SPM,ECCS,1984,2026-04-01,synthetic revision
4471,WSM,ECCS,1984,2026-04-01,synthetic revision
4472,SMR,ECCS,1984,2026-04-01,synthetic revision
4473,STP,ECCS,1984,2026-04-01,synthetic revision
4474,SAU,ECCS,1984,2026-04-01,synthetic revision
4475,SEN,ECCS,1984,2026-04-01,synthetic revision
4476,SYC,ECCS,1984,2026-04-01,synthetic revision
4477,SLE,ECCS,1984,2026-04-01,synthetic revision
4478,SGP,ECCS,1984,2026-04-01,synthetic revision
4479,SLB,ECCS,1984,2026-04-01,synthetic revision
4480,SOM,ECCS,1984,2026-04-01,synthetic revision
4481,ZAF,ECCS,1984,2026-04-01,synthetic revision
4482,ESP,ECCS,1984,2026-04-01,synthetic revision
4483,LKA,ECCS,1984,2026-04-01,synthetic revision
4484,KNA,ECCS,1984,2026-04-01,synthetic revision
4485,LCA,ECCS,1984,2026-04-01,synthetic revision
4486,VCT,ECCS,1984,2026-04-01,synthetic revision
4487,SUR,ECCS,1984,2026-04-01,synthetic revision
4488,SJM,ECCS,1984,2026-04-01,synthetic revision
4489,SWE,ECCS,1984,2026-04-01,synthetic revision
4490,CHE,ECCS,1984,2026-04-01,synthetic revision
4491,SYR,ECCS,1984,2026-04-01,synthetic revision
4492,TWN,ECCS,1984,2026-04-01,synthetic revision
4493,TZA,ECCS,1984,2026-04-01,synthetic revision
4494,THA,ECCS,1984,2026-04-01,synthetic revision
4495,TLS,ECCS,1984,2026-04-01,synthetic revision
4496,TGO,ECCS,1984,2026-04-01,synthetic revision
4497,TKL,ECCS,1984,2026-04-01,synthetic revision
4498,TON,ECCS,1984,2026-04-01,synthetic revision
4499,TTO,ECCS,1984,2026-04-01,synthetic revision
4500,TUN,ECCS,1984,2026-04-01,synthetic revision
4501,TUV,ECCS,1984,2026-04-01,synthetic revision
4502,UGA,ECCS,1984,2026-04-01,synthetic revision
4503,ARE,ECCS,1984,2026-04-01,synthetic revision
4504,GBR,ECCS,1984,2026-04-01,synthetic revision
4505,USA,ECCS,1984,2026-04-01,synthetic revision
4506,VIR,ECCS,1984,2026-04-01,synthetic revision
4507,URY,ECCS,1984,2026-04-01,synthetic revision
4508,VUT,ECCS,1984,2026-04-01,synthetic revision
4509,VEN,ECCS,1984,2026-04-01,synthetic revision
4510,VNM,ECCS,1984,2026-04-01,synthetic revision
4511,WLF,ECCS,1984,2026-04-01,synthetic revision
4512,PSE,ECCS,1984,2026-04-01,synthetic revision
4513,ESH,ECCS,1984,2026-04-01,synthetic revision
4514,YEM,ECCS,1984,2026-04-01,synthetic revision
4515,ZMB,ECCS,1984,2026-04-01,synthetic revision
4516,ZWE,ECCS,1984,2026-04-01,synthetic revision
4517,AFG,ECCS,1985,2026-04-01,synthetic revision
4518,ALB,ECCS,1985,2026-04-01,synthetic revision
4519,DZA,ECCS,1985,2026-04-01,synthetic revision
4520,ASM,ECCS,1985,2026-04-01,synthetic revision
4521,AND,ECCS,1985,2026-04-01,synthetic revision
4522,AGO,ECCS,1985,2026-04-01,synthetic revision
4523,AIA,ECCS,1985,2026-04-01,synthetic revision
4524,ATG,ECCS,1985,2026-04-01,synthetic revision
4525,ARG,ECCS,1985,2026-04-01,synthetic revision
4526,ABW,ECCS,1985,2026-04-01,synthetic revision
4527,AUS,ECCS,1985,2026-04-01,synthetic revision
4528,AUT,ECCS,1985,2026-04-01,synthetic revision
4529,BHS,ECCS,1985,2026-04-01,synthetic revision
4530,BHR,ECCS,1985,2026-04-01,synthetic revision
4531,BGD,ECCS,1985,2026-04-01,synthetic revision
4532,BRB,ECCS,1985,2026-04-01,synthetic revision
4533,BLZ,ECCS,1985,2026-04-01,synthetic revision
4534,BEN,ECCS,1985,2026-04-01,synthetic revision
4535,BTN,ECCS,1985,2026-04-01,synthetic revision
4536,BOL,ECCS,1985,2026-04-01,synthetic revision
4537,BWA,ECCS,1985,2026-04-01,synthetic revision
4538,BRA,ECCS,1985,2026-04-01,synthetic revision
4539,VGB,ECCS,1985,2026-04-01,synthetic revision
4540,BRN,ECCS,1985,2026-04-01,synthetic revision
4541,BGR,ECCS,1985,2026-04-01,synthetic revision
4542,BFA,ECCS,1985,2026-04-01,synthetic revision
4543,CPV,ECCS,1985,2026-04-01,synthetic revision
4544,KHM,ECCS,1985,2026-04-01,synthetic revision
4545,CMR,ECCS,1985,2026-04-01,synthetic revision
4546,CAN,ECCS,1985,2026-04-01,synthetic revision
4547,CYM,ECCS,1985,2026-04-01,synthetic revision
4548,CAF,ECCS,1985,2026-04-01,synthetic revision
4549,TCD,ECCS,1985,2026-04-01,synthetic revision
4550,CHL,ECCS,1985,2026-04-01,synthetic revision
4551,HKG,ECCS,1985,2026-04-01,synthetic revision
4552,MAC,ECCS,1985,2026-04-01,synthetic revision
4553,CHN,ECCS,1985,2026-04-01,synthetic revision
4554,COL,ECCS,1985,2026-04-01,synthetic revision
4555,COD,ECCS,1985,2026-04-01,synthetic revision
4556,COG,ECCS,1985,2026-04-01,synthetic revision
4557,COK,ECCS,1985,2026-04-01,synthetic revision
4558,CRI,ECCS,1985,2026-04-01,synthetic revision
4559,CUB,ECCS,1985,2026-04-01,synthetic revision
4560,CYP,ECCS,1985,2026-04-01,synthetic revision
4561,DNK,ECCS,1985,2026-04-01,synthetic revision
4562,DJI,ECCS,1985,2026-04-01,synthetic revision
4563,DMA,ECCS,1985,2026-04-01,synthetic revision
4564,DOM,ECCS,1985,2026-04-01,synthetic revision
4565,ECU,ECCS,1985,2026-04-01,synthetic revision
4566,EGY,ECCS,1985,2026-04-01,synthetic revision
4567,SLV,ECCS,1985,2026-04-01,synthetic revision
4568,GNQ,ECCS,1985,2026-04-01,synthetic revision
4569,SWZ,ECCS,1985,2026-04-01,synthetic revision
4570,FRO,ECCS,1985,2026-04-01,synthetic revision
4571,FJI,ECCS,1985,2026-04-01,synthetic revision
4572,FIN,ECCS,1985,2026-04-01,synthetic revision
4573,FRA,ECCS,1985,2026-04-01,synthetic revision
4574,PYF,ECCS,1985,2026-04-01,synthetic revision
4575,GAB,ECCS,1985,2026-04-01,synthetic revision
4576,GMB,ECCS,1985,2026-04-01,synthetic revision
4577,DEU,ECCS,1985,2026-04-01,synthetic revision
4578,GHA,ECCS,1985,2026-04-01,synthetic revision
4579,GIB,ECCS,1985,2026-04-01,synthetic revision
4580,GRC,ECCS,1985,2026-04-01,synthetic revision
4581,GRL,ECCS,1985,2026-04-01,synthetic revision
4582,GRD,ECCS,1985,2026-04-01,synthetic revision
4583,GLP,ECCS,1985,2026-04-01,synthetic revision
4584,GTM,ECCS,1985,2026-04-01,synthetic revision
4585,GUF,ECCS,1985,2026-04-01,synthetic revision
4586,GIN,ECCS,1985,2026-04-01,synthetic revision
4587,GNB,ECCS,1985,2026-04-01,synthetic revision
4588,GUY,ECCS,1985,2026-04-01,synthetic revision
4589,HTI,ECCS,1985,2026-04-01,synthetic revision
4590,VAT,ECCS,1985,2026-04-01,synthetic revision
4591,HND,ECCS,1985,2026-04-01,synthetic revision
4592,HUN,ECCS,1985,2026-04-01,synthetic revision
4593,ISL,ECCS,1985,2026-04-01,synthetic revision
4594,IND,ECCS,1985,2026-04-01,synthetic revision
4595,IDN,ECCS,1985,2026-04-01,synthetic revision
4596,IRN,ECCS,1985,2026-04-01,synthetic revision
4597,IRQ,ECCS,1985,2026-04-01,synthetic revision
4598,IRL,ECCS,1985,2026-04-01,synthetic revision
4599,IMN,ECCS,1985,2026-04-01,synthetic revision
4600,ISR,ECCS,1985,2026-04-01,synthetic revision
4601,ITA,ECCS,1985,2026-04-01,synthetic revision
4602,JAM,ECCS,1985,2026-04-01,synthetic revision
4603,JPN,ECCS,1985,2026-04-01,synthetic revision
4604,JOR,ECCS,1985,2026-04-01,synthetic revision
4605,KEN,ECCS,1985,2026-04-01,synthetic revision
4606,KIR,ECCS,1985,2026-04-01,synthetic revision
4607,PRK,ECCS,1985,2026-04-01,synthetic revision
4608,KOR,ECCS,1985,2026-04-01,synthetic revision
4609,KWT,ECCS,1985,2026-04-01,synthetic revision
4610,LAO,ECCS,1985,2026-04-01,synthetic revision
4611,LBN,ECCS,1985,2026-04-01,synthetic revision
4612,LSO,ECCS,1985,2026-04-01,synthetic revision
4613,LBR,ECCS,1985,2026-04-01,synthetic revision
4614,LBY,ECCS,1985,2026-04-01,synthetic revision
4615,LIE,ECCS,1985,2026-04-01,synthetic revision
4616,MDG,ECCS,1985,2026-04-01,synthetic revision
4617,MWI,ECCS,1985,2026-04-01,synthetic revision
4618,MYS,ECCS,1985,2026-04-01,synthetic revision
4619,MDV,ECCS,1985,2026-04-01,synthetic revision
4620,MLI,ECCS,1985,2026-04-01,synthetic revision
4621,MLT,ECCS,1985,2026-04-01,synthetic revision
4622,MTQ,ECCS,1985,2026-04-01,synthetic revision
4623,MRT,ECCS,1985,2026-04-01,synthetic revision
4624,MUS,ECCS,1985,2026-04-01,synthetic revision
4625,MYT,ECCS,1985,2026-04-01,synthetic revision
4626,MEX,ECCS,1985,2026-04-01,synthetic revision
4627,MCO,ECCS,1985,2026-04-01,synthetic revision
4628,MNG,ECCS,1985,2026-04-01,synthetic revision
4629,MSR,ECCS,1985,2026-04-01,synthetic revision
4630,MAR,ECCS,1985,2026-04-01,synthetic revision
4631,MOZ,ECCS,1985,2026-04-01,synthetic revision
4632,MMR,ECCS,1985,2026-04-01,synthetic revision
4633,NRU,ECCS,1985,2026-04-01,synthetic revision
4634,NPL,ECCS,1985,2026-04-01,synthetic revision
4635,NLD,ECCS,1985,2026-04-01,synthetic revision
4636,NCL,ECCS,1985,2026-04-01,synthetic revision
4637,NZL,ECCS,1985,2026-04-01,synthetic revision
4638,NIC,ECCS,1985,2026-04-01,synthetic revision
4639,NER,ECCS,1985,2026-04-01,synthetic revision
4640,NGA,ECCS,1985,2026-04-01,synthetic revision
4641,NIU,ECCS,1985,2026-04-01,synthetic revision
4642,NFK,ECCS,1985,2026-04-01,synthetic revision
4643,NOR,ECCS,1985,2026-04-01,synthetic revision
4644,OMN,ECCS,1985,2026-04-01,synthetic revision
4645,PAK,ECCS,1985,2026-04-01,synthetic revision
4646,PAN,ECCS,1985,2026-04-01,synthetic revision
4647,PNG,ECCS,1985,2026-04-01,synthetic revision
4648,PRY,ECCS,1985,2026-04-01,synthetic revision
4649,PER,ECCS,1985,2026-04-01,synthetic revision
4650,PHL,ECCS,1985,2026-04-01,synthetic revision
4651,PCN,ECCS,1985,2026-04-01,synthetic revision
4652,POL,ECCS,1985,2026-04-01,synthetic revision
4653,PRT,ECCS,1985,2026-04-01,synthetic revision
4654,PRI,ECCS,1985,2026-04-01,synthetic revision
4655,QAT,ECCS,1985,2026-04-01,synthetic revision
4656,ROU,ECCS,1985,2026-04-01,synthetic revision
4657,SPM,ECCS,1985,2026-04-01,synthetic revision
4658,WSM,ECCS,1985,2026-04-01,synthetic revision
4659,SMR,ECCS,1985,2026-04-01,synthetic revision
4660,STP,ECCS,1985,2026-04-01,synthetic revision
4661,SAU,ECCS,1985,2026-04-01,synthetic revision
4662,SEN,ECCS,1985,2026-04-01,synthetic revision
4663,SYC,ECCS,1985,2026-04-01,synthetic revision
4664,SLE,ECCS,1985,2026-04-01,synthetic revision
4665,SGP,ECCS,1985,2026-04-01,synthetic revision
4666,SLB,ECCS,1985,2026-04-01,synthetic revision
4667,SOM,ECCS,1985,2026-04-01,synthetic revision
4668,ZAF,ECCS,1985,2026-04-01,synthetic revision
4669,ESP,ECCS,1985,2026-04-01,synthetic revision
4670,LKA,ECCS,1985,2026-04-01,synthetic revision
4671,KNA,ECCS,1985,2026-04-01,synthetic revision
4672,LCA,ECCS,1985,2026-04-01,synthetic revision
4673,VCT,ECCS,1985,2026-04-01,synthetic revision
4674,SUR,ECCS,1985,2026-04-01,synthetic revision
4675,SJM,ECCS,1985,2026-04-01,synthetic revision
4676,SWE,ECCS,1985,2026-04-01,synthetic revision
4677,CHE,ECCS,1985,2026-04-01,synthetic revision
4678,SYR,ECCS,1985,2026-04-01,synthetic revision
4679,TWN,ECCS,1985,2026-04-01,synthetic revision
4680,TZA,ECCS,1985,2026-04-01,synthetic revision
4681,THA,ECCS,1985,2026-04-01,synthetic revision
4682,TLS,ECCS,1985,2026-04-01,synthetic revision
4683,TGO,ECCS,1985,2026-04-01,synthetic revision
4684,TKL,ECCS,1985,2026-04-01,synthetic revision
4685,TON,ECCS,1985,2026-04-01,synthetic revision
4686,TTO,ECCS,1985,2026-04-01,synthetic revision
4687,TUN,ECCS,1985,2026-04-01,synthetic revision
4688,TUV,ECCS,1985,2026-04-01,synthetic revision
4689,UGA,ECCS,1985,2026-04-01,synthetic revision
4690,ARE,ECCS,1985,2026-04-01,synthetic revision
4691,GBR,ECCS,1985,2026-04-01,synthetic revision
4692,USA,ECCS,1985,2026-04-01,synthetic revision
4693,VIR,ECCS,1985,2026-04-01,synthetic revision
4694,URY,ECCS,1985,2026-04-01,synthetic revision
4695,VUT,ECCS,1985,2026-04-01,synthetic revision
4696,VEN,ECCS,1985,2026-04-01,synthetic revision
4697,VNM,ECCS,1985,2026-04-01,synthetic revision
4698,WLF,ECCS,1985,2026-04-01,synthetic revision
4699,PSE,ECCS,1985,2026-04-01,synthetic revision
4700,ESH,ECCS,1985,2026-04-01,synthetic revision
4701,YEM,ECCS,1985,2026-04-01,synthetic revision
4702,ZMB,ECCS,1985,2026-04-01,synthetic revision
4703,ZWE,ECCS,1985,2026-04-01,synthetic revision
4704,AFG,ECCS,1986,2026-04-01,synthetic revision
4705,ALB,ECCS,1986,2026-04-01,synthetic revision
4706,DZA,ECCS,1986,2026-04-01,synthetic revision
4707,ASM,ECCS,1986,2026-04-01,synthetic revision
4708,AND,ECCS,1986,2026-04-01,synthetic revision
4709,AGO,ECCS,1986,2026-04-01,synthetic revision
4710,AIA,ECCS,1986,2026-04-01,synthetic revision
4711,ATG,ECCS,1986,2026-04-01,synthetic revision
4712,ARG,ECCS,1986,2026-04-01,synthetic revision
4713,ABW,ECCS,1986,2026-04-01,synthetic revision
4714,AUS,ECCS,1986,2026-04-01,synthetic revision
4715,AUT,ECCS,1986,2026-04-01,synthetic revision
4716,BHS,ECCS,1986,2026-04-01,synthetic revision
4717,BHR,ECCS,1986,2026-04-01,synthetic revision
4718,BGD,ECCS,1986,2026-04-01,synthetic revision
4719,BRB,ECCS,1986,2026-04-01,synthetic revision
4720,BLZ,ECCS,1986,2026-04-01,synthetic revision
4721,BEN,ECCS,1986,2026-04-01,synthetic revision
4722,BTN,ECCS,1986,2026-04-01,synthetic revision
4723,BOL,ECCS,1986,2026-04-01,synthetic revision
4724,BWA,ECCS,1986,2026-04-01,synthetic revision
4725,BRA,ECCS,1986,2026-04-01,synthetic revision
4726,VGB,ECCS,1986,2026-04-01,synthetic revision
4727,BRN,ECCS,1986,2026-04-01,synthetic revision
4728,BGR,ECCS,1986,2026-04-01,synthetic revision
4729,BFA,ECCS,1986,2026-04-01,synthetic revision
4730,BDI,ECCS,1986,2026-04-01,synthetic revision
4731,CPV,ECCS,1986,2026-04-01,synthetic revision
4732,KHM,ECCS,1986,2026-04-01,synthetic revision
4733,CMR,ECCS,1986,2026-04-01,synthetic revision
4734,CAN,ECCS,1986,2026-04-01,synthetic revision
4735,CYM,ECCS,1986,2026-04-01,synthetic revision
4736,CAF,ECCS,1986,2026-04-01,synthetic revision
4737,TCD,ECCS,1986,2026-04-01,synthetic revision
4738,CHL,ECCS,1986,2026-04-01,synthetic revision
4739,HKG,ECCS,1986,2026-04-01,synthetic revision
4740,MAC,ECCS,1986,2026-04-01,synthetic revision
4741,CHN,ECCS,1986,2026-04-01,synthetic revision
4742,COL,ECCS,1986,2026-04-01,synthetic revision
4743,COM,ECCS,1986,2026-04-01,synthetic revision
4744,COD,ECCS,1986,2026-04-01,synthetic revision
4745,COG,ECCS,1986,2026-04-01,synthetic revision
4746,COK,ECCS,1986,2026-04-01,synthetic revision
4747,CRI,ECCS,1986,2026-04-01,synthetic revision
4748,CUB,ECCS,1986,2026-04-01,synthetic revision
4749,CYP,ECCS,1986,2026-04-01,synthetic revision
4750,DNK,ECCS,1986,2026-04-01,synthetic revision
4751,DJI,ECCS,1986,2026-04-01,synthetic revision
4752,DMA,ECCS,1986,2026-04-01,synthetic revision
4753,DOM,ECCS,1986,2026-04-01,synthetic revision
4754,ECU,ECCS,1986,2026-04-01,synthetic revision
4755,EGY,ECCS,1986,2026-04-01,synthetic revision
4756,SLV,ECCS,1986,2026-04-01,synthetic revision
4757,GNQ,ECCS,1986,2026-04-01,synthetic revision
4758,SWZ,ECCS,1986,2026-04-01,synthetic revision
4759,FRO,ECCS,1986,2026-04-01,synthetic revision
4760,FJI,ECCS,1986,2026-04-01,synthetic revision
4761,FIN,ECCS,1986,2026-04-01,synthetic revision
4762,FRA,ECCS,1986,2026-04-01,synthetic revision
4763,PYF,ECCS,1986,2026-04-01,synthetic revision
4764,GAB,ECCS,1986,2026-04-01,synthetic revision
4765,GMB,ECCS,1986,2026-04-01,synthetic revision
4766,DEU,ECCS,1986,2026-04-01,synthetic revision
4767,GHA,ECCS,1986,2026-04-01,synthetic revision
4768,GIB,ECCS,1986,2026-04-01,synthetic revision
4769,GRC,ECCS,1986,2026-04-01,synthetic revision
4770,GRL,ECCS,1986,2026-04-01,synthetic revision
4771,GRD,ECCS,1986,2026-04-01,synthetic revision
4772,GLP,ECCS,1986,2026-04-01,synthetic revision
4773,GTM,ECCS,1986,2026-04-01,synthetic revision
4774,GUF,ECCS,1986,2026-04-01,synthetic revision
4775,GIN,ECCS,1986,2026-04-01,synthetic revision
4776,GNB,ECCS,1986,2026-04-01,synthetic revision
4777,GUY,ECCS,1986,2026-04-01,synthetic revision
4778,HTI,ECCS,1986,2026-04-01,synthetic revision
4779,VAT,ECCS,1986,2026-04-01,synthetic revision
4780,HND,ECCS,1986,2026-04-01,synthetic revision
4781,HUN,ECCS,1986,2026-04-01,synthetic revision
4782,ISL,ECCS,1986,2026-04-01,synthetic revision
4783,IND,ECCS,1986,2026-04-01,synthetic revision
4784,IDN,ECCS,1986,2026-04-01,synthetic revision
4785,IRN,ECCS,1986,2026-04-01,synthetic revision
4786,IRQ,ECCS,1986,2026-04-01,synthetic revision
4787,IRL,ECCS,1986,2026-04-01,synthetic revision
4788,IMN,ECCS,1986,2026-04-01,synthetic revision
4789,ISR,ECCS,1986,2026-04-01,synthetic revision
4790,ITA,ECCS,1986,2026-04-01,synthetic revision
4791,JAM,ECCS,1986,2026-04-01,synthetic revision
4792,JPN,ECCS,1986,2026-04-01,synthetic revision
4793,JOR,ECCS,1986,2026-04-01,synthetic revision
4794,KEN,ECCS,1986,2026-04-01,synthetic revision
4795,KIR,ECCS,1986,2026-04-01,synthetic revision
4796,PRK,ECCS,1986,2026-04-01,synthetic revision
4797,KOR,ECCS,1986,2026-04-01,synthetic revision
4798,KWT,ECCS,1986,2026-04-01,synthetic revision
4799,LAO,ECCS,1986,2026-04-01,synthetic revision
4800,LBN,ECCS,1986,2026-04-01,synthetic revision
4801,LSO,ECCS,1986,2026-04-01,synthetic revision
4802,LBR,ECCS,1986,2026-04-01,synthetic revision
4803,LBY,ECCS,1986,2026-04-01,synthetic revision
4804,LIE,ECCS,1986,2026-04-01,synthetic revision
4805,MDG,ECCS,1986,2026-04-01,synthetic revision
4806,MWI,ECCS,1986,2026-04-01,synthetic revision
4807,MYS,ECCS,1986,2026-04-01,synthetic revision
4808,MDV,ECCS,1986,2026-04-01,synthetic revision
4809,MLI,ECCS,1986,2026-04-01,synthetic revision
4810,MLT,ECCS,1986,2026-04-01,synthetic revision
4811,MTQ,ECCS,1986,2026-04-01,synthetic revision
4812,MRT,ECCS,1986,2026-04-01,synthetic revision
4813,MUS,ECCS,1986,2026-04-01,synthetic revision
4814,MYT,ECCS,1986,2026-04-01,synthetic revision
4815,MEX,ECCS,1986,2026-04-01,synthetic revision
4816,MCO,ECCS,1986,2026-04-01,synthetic revision
4817,MNG,ECCS,1986,2026-04-01,synthetic revision
4818,MSR,ECCS,1986,2026-04-01,synthetic revision
4819,MAR,ECCS,1986,2026-04-01,synthetic revision
4820,MOZ,ECCS,1986,2026-04-01,synthetic revision
4821,MMR,ECCS,1986,2026-04-01,synthetic revision
4822,NPL,ECCS,1986,2026-04-01,synthetic revision
4823,NLD,ECCS,1986,2026-04-01,synthetic revision
4824,NCL,ECCS,1986,2026-04-01,synthetic revision
4825,NZL,ECCS,1986,2026-04-01,synthetic revision
4826,NIC,ECCS,1986,2026-04-01,synthetic revision
4827,NER,ECCS,1986,2026-04-01,synthetic revision
4828,NGA,ECCS,1986,2026-04-01,synthetic revision
4829,NIU,ECCS,1986,2026-04-01,synthetic revision
4830,NFK,ECCS,1986,2026-04-01,synthetic revision
4831,NOR,ECCS,1986,2026-04-01,synthetic revision
4832,OMN,ECCS,1986,2026-04-01,synthetic revision
4833,PAK,ECCS,1986,2026-04-01,synthetic revision
4834,PAN,ECCS,1986,2026-04-01,synthetic revision
4835,PNG,ECCS,1986,2026-04-01,synthetic revision
4836,PRY,ECCS,1986,2026-04-01,synthetic revision
4837,PER,ECCS,1986,2026-04-01,synthetic revision
4838,PHL,ECCS,1986,2026-04-01,synthetic revision
4839,PCN,ECCS,1986,2026-04-01,synthetic revision
4840,POL,ECCS,1986,2026-04-01,synthetic revision
4841,PRT,ECCS,1986,2026-04-01,synthetic revision
4842,PRI,ECCS,1986,2026-04-01,synthetic revision
4843,QAT,ECCS,1986,2026-04-01,synthetic revision
4844,ROU,ECCS,1986,2026-04-01,synthetic revision
4845,RWA,ECCS,1986,2026-04-01,synthetic revision
4846,SPM,ECCS,1986,2026-04-01,synthetic revision
4847,WSM,ECCS,1986,2026-04-01,synthetic revision
4848,SMR,ECCS,1986,2026-04-01,synthetic revision
4849,STP,ECCS,1986,2026-04-01,synthetic revision
4850,SAU,ECCS,1986,2026-04-01,synthetic revision
4851,SEN,ECCS,1986,2026-04-01,synthetic revision
4852,SYC,ECCS,1986,2026-04-01,synthetic revision
4853,SLE,ECCS,1986,2026-04-01,synthetic revision
4854,SGP,ECCS,1986,2026-04-01,synthetic revision
4855,SLB,ECCS,1986,2026-04-01,synthetic revision
4856,SOM,ECCS,1986,2026-04-01,synthetic revision
4857,ZAF,ECCS,1986,2026-04-01,synthetic revision
4858,ESP,ECCS,1986,2026-04-01,synthetic revision
4859,LKA,ECCS,1986,2026-04-01,synthetic revision
4860,KNA,ECCS,1986,2026-04-01,synthetic revision
4861,LCA,ECCS,1986,2026-04-01,synthetic revision
4862,VCT,ECCS,1986,2026-04-01,synthetic revision
4863,SUR,ECCS,1986,2026-04-01,synthetic revision
4864,SJM,ECCS,1986,2026-04-01,synthetic revision
4865,SWE,ECCS,1986,2026-04-01,synthetic revision
4866,CHE,ECCS,1986,2026-04-01,synthetic revision
4867,SYR,ECCS,1986,2026-04-01,synthetic revision
4868,TWN,ECCS,1986,2026-04-01,synthetic revision
4869,TZA,ECCS,1986,2026-04-01,synthetic revision
4870,THA,ECCS,1986,2026-04-01,synthetic revision
4871,TLS,ECCS,1986,2026-04-01,synthetic revision
4872,TGO,ECCS,1986,2026-04-01,synthetic revision
4873,TKL,ECCS,1986,2026-04-01,synthetic revision
4874,TON,ECCS,1986,2026-04-01,synthetic revision
4875,TTO,ECCS,1986,2026-04-01,synthetic revision
4876,TUN,ECCS,1986,2026-04-01,synthetic revision
4877,TUV,ECCS,1986,2026-04-01,synthetic revision
4878,UGA,ECCS,1986,2026-04-01,synthetic revision
4879,ARE,ECCS,1986,2026-04-01,synthetic revision
4880,GBR,ECCS,1986,2026-04-01,synthetic revision
4881,USA,ECCS,1986,2026-04-01,synthetic revision
4882,VIR,ECCS,1986,2026-04-01,synthetic revision
4883,URY,ECCS,1986,2026-04-01,synthetic revision
4884,VUT,ECCS,1986,2026-04-01,synthetic revision
4885,VEN,ECCS,1986,2026-04-01,synthetic revision
4886,VNM,ECCS,1986,2026-04-01,synthetic revision
4887,WLF,ECCS,1986,2026-04-01,synthetic revision
4888,PSE,ECCS,1986,2026-04-01,synthetic revision
4889,ESH,ECCS,1986,2026-04-01,synthetic revision
4890,YEM,ECCS,1986,2026-04-01,synthetic revision
4891,ZMB,ECCS,1986,2026-04-01,synthetic revision
4892,ZWE,ECCS,1986,2026-04-01,synthetic revision
4893,AFG,ECCS,1987,2026-04-01,synthetic revision
4894,ALB,ECCS,1987,2026-04-01,synthetic revision
4895,DZA,ECCS,1987,2026-04-01,synthetic revision
4896,ASM,ECCS,1987,2026-04-01,synthetic revision
4897,AND,ECCS,1987,2026-04-01,synthetic revision
4898,AGO,ECCS,1987,2026-04-01,synthetic revision
4899,AIA,ECCS,1987,2026-04-01,synthetic revision
4900,ATG,ECCS,1987,2026-04-01,synthetic revision
4901,ARG,ECCS,1987,2026-04-01,synthetic revision
4902,ABW,ECCS,1987,2026-04-01,synthetic revision
4903,AUS,ECCS,1987,2026-04-01,synthetic revision
4904,AUT,ECCS,1987,2026-04-01,synthetic revision
4905,BHS,ECCS,1987,2026-04-01,synthetic revision
4906,BHR,ECCS,1987,2026-04-01,synthetic revision
4907,BGD,ECCS,1987,2026-04-01,synthetic revision
4908,BRB,ECCS,1987,2026-04-01,synthetic revision
4909,BLZ,ECCS,1987,2026-04-01,synthetic revision
4910,BEN,ECCS,1987,2026-04-01,synthetic revision
4911,BTN,ECCS,1987,2026-04-01,synthetic revision
4912,BOL,ECCS,1987,2026-04-01,synthetic revision
4913,BWA,ECCS,1987,2026-04-01,synthetic revision
4914,BRA,ECCS,1987,2026-04-01,synthetic revision
4915,VGB,ECCS,1987,2026-04-01,synthetic revision
4916,BRN,ECCS,1987,2026-04-01,synthetic revision
4917,BGR,ECCS,1987,2026-04-01,synthetic revision
4918,BFA,ECCS,1987,2026-04-01,synthetic revision
4919,BDI,ECCS,1987,2026-04-01,synthetic revision
4920,CPV,ECCS,1987,2026-04-01,synthetic revision
4921,KHM,ECCS,1987,2026-04-01,synthetic revision
4922,CMR,ECCS,1987,2026-04-01,synthetic revision
4923,CAN,ECCS,1987,2026-04-01,synthetic revision
4924,CYM,ECCS,1987,2026-04-01,synthetic revision
4925,CAF,ECCS,1987,2026-04-01,synthetic revision
4926,TCD,ECCS,1987,2026-04-01,synthetic revision
4927,CHL,ECCS,1987,2026-04-01,synthetic revision
4928,HKG,ECCS,1987,2026-04-01,synthetic revision
4929,MAC,ECCS,1987,2026-04-01,synthetic revision
4930,CHN,ECCS,1987,2026-04-01,synthetic revision
4931,COL,ECCS,1987,2026-04-01,synthetic revision
4932,COM,ECCS,1987,2026-04-01,synthetic revision
4933,COD,ECCS,1987,2026-04-01,synthetic revision
4934,COG,ECCS,1987,2026-04-01,synthetic revision
4935,COK,ECCS,1987,2026-04-01,synthetic revision
4936,CRI,ECCS,1987,2026-04-01,synthetic revision
4937,CUB,ECCS,1987,2026-04-01,synthetic revision
4938,CYP,ECCS,1987,2026-04-01,synthetic revision
4939,DNK,ECCS,1987,2026-04-01,synthetic revision
4940,DJI,ECCS,1987,2026-04-01,synthetic revision
4941,DMA,ECCS,1987,2026-04-01,synthetic revision
4942,DOM,ECCS,1987,2026-04-01,synthetic revision
4943,ECU,ECCS,1987,2026-04-01,synthetic revision
4944,EGY,ECCS,1987,2026-04-01,synthetic revision
4945,SLV,ECCS,1987,2026-04-01,synthetic revision
4946,GNQ,ECCS,1987,2026-04-01,synthetic revision
4947,SWZ,ECCS,1987,2026-04-01,synthetic revision
4948,FRO,ECCS,1987,2026-04-01,synthetic revision
4949,FJI,ECCS,1987,2026-04-01,synthetic revision
4950,FIN,ECCS,1987,2026-04-01,synthetic revision
4951,FRA,ECCS,1987,2026-04-01,synthetic revision
4952,PYF,ECCS,1987,2026-04-01,synthetic revision
4953,GAB,ECCS,1987,2026-04-01,synthetic revision
4954,GMB,ECCS,1987,2026-04-01,synthetic revision
4955,DEU,ECCS,1987,2026-04-01,synthetic revision
4956,GHA,ECCS,1987,2026-04-01,synthetic revision
4957,GIB,ECCS,1987,2026-04-01,synthetic revision
4958,GRC,ECCS,1987,2026-04-01,synthetic revision
4959,GRL,ECCS,1987,2026-04-01,synthetic revision
4960,GRD,ECCS,1987,2026-04-01,synthetic revision
4961,GLP,ECCS,1987,2026-04-01,synthetic revision
4962,GTM,ECCS,1987,2026-04-01,synthetic revision
4963,GUF,ECCS,1987,2026-04-01,synthetic revision
4964,GIN,ECCS,1987,2026-04-01,synthetic revision
4965,GNB,ECCS,1987,2026-04-01,synthetic revision
4966,GUY,ECCS,1987,2026-04-01,synthetic revision
4967,HTI,ECCS,1987,2026-04-01,synthetic revision
4968,VAT,ECCS,1987,2026-04-01,synthetic revision
4969,HND,ECCS,1987,2026-04-01,synthetic revision
4970,HUN,ECCS,1987,2026-04-01,synthetic revision
4971,ISL,ECCS,1987,2026-04-01,synthetic revision
4972,IND,ECCS,1987,2026-04-01,synthetic revision
4973,IDN,ECCS,1987,2026-04-01,synthetic revision
4974,IRN,ECCS,1987,2026-04-01,synthetic revision
4975,IRQ,ECCS,1987,2026-04-01,synthetic revision
4976,IRL,ECCS,1987,2026-04-01,synthetic revision
4977,IMN,ECCS,1987,2026-04-01,synthetic revision
4978,ISR,ECCS,1987,2026-04-01,synthetic revision
4979,ITA,ECCS,1987,2026-04-01,synthetic revision
4980,JAM,ECCS,1987,2026-04-01,synthetic revision
4981,JPN,ECCS,1987,2026-04-01,synthetic revision
4982,JOR,ECCS,1987,2026-04-01,synthetic revision
4983,KEN,ECCS,1987,2026-04-01,synthetic revision
4984,KIR,ECCS,1987,2026-04-01,synthetic revision
4985,PRK,ECCS,1987,2026-04-01,synthetic revision
4986,KOR,ECCS,1987,2026-04-01,synthetic revision
4987,KWT,ECCS,1987,2026-04-01,synthetic revision
4988,LAO,ECCS,1987,2026-04-01,synthetic revision
4989,LBN,ECCS,1987,2026-04-01,synthetic revision
4990,LSO,ECCS,1987,2026-04-01,synthetic revision
4991,LBR,ECCS,1987,2026-04-01,synthetic revision
4992,LBY,ECCS,1987,2026-04-01,synthetic revision
4993,LIE,ECCS,1987,2026-04-01,synthetic revision
4994,MDG,ECCS,1987,2026-04-01,synthetic revision
4995,MWI,ECCS,1987,2026-04-01,synthetic revision
4996,MYS,ECCS,1987,2026-04-01,synthetic revision
4997,MDV,ECCS,1987,2026-04-01,synthetic revision
4998,MLI,ECCS,1987,2026-04-01,synthetic revision
4999,MLT,ECCS,1987,2026-04-01,synthetic revision
5000,MTQ,ECCS,1987,2026-04-01,synthetic revision
5001,MRT,ECCS,1987,2026-04-01,synthetic revision
5002,MUS,ECCS,1987,2026-04-01,synthetic revision
5003,MYT,ECCS,1987,2026-04-01,synthetic revision
5004,MEX,ECCS,1987,2026-04-01,synthetic revision
5005,MCO,ECCS,1987,2026-04-01,synthetic revision
5006,MNG,ECCS,1987,2026-04-01,synthetic revision
5007,MSR,ECCS,1987,2026-04-01,synthetic revision
5008,MAR,ECCS,1987,2026-04-01,synthetic revision
5009,MOZ,ECCS,1987,2026-04-01,synthetic revision
5010,MMR,ECCS,1987,2026-04-01,synthetic revision
5011,NPL,ECCS,1987,2026-04-01,synthetic revision
5012,NLD,ECCS,1987,2026-04-01,synthetic revision
5013,NCL,ECCS,1987,2026-04-01,synthetic revision
5014,NZL,ECCS,1987,2026-04-01,synthetic revision
5015,NIC,ECCS,1987,2026-04-01,synthetic revision
5016,NER,ECCS,1987,2026-04-01,synthetic revision
5017,NGA,ECCS,1987,2026-04-01,synthetic revision
5018,NIU,ECCS,1987,2026-04-01,synthetic revision
5019,NFK,ECCS,1987,2026-04-01,synthetic revision
5020,NOR,ECCS,1987,2026-04-01,synthetic revision
5021,OMN,ECCS,1987,2026-04-01,synthetic revision
5022,PAK,ECCS,1987,2026-04-01,synthetic revision
5023,PAN,ECCS,1987,2026-04-01,synthetic revision
5024,PNG,ECCS,1987,2026-04-01,synthetic revision
5025,PRY,ECCS,1987,2026-04-01,synthetic revision
5026,PER,ECCS,1987,2026-04-01,synthetic revision
5027,PHL,ECCS,1987,2026-04-01,synthetic revision
5028,PCN,ECCS,1987,2026-04-01,synthetic revision
5029,POL,ECCS,1987,2026-04-01,synthetic revision
5030,PRT,ECCS,1987,2026-04-01,synthetic revision
5031,PRI,ECCS,1987,2026-04-01,synthetic revision
5032,QAT,ECCS,1987,2026-04-01,synthetic revision
5033,ROU,ECCS,1987,2026-04-01,synthetic revision
5034,RWA,ECCS,1987,2026-04-01,synthetic revision
5035,SPM,ECCS,1987,2026-04-01,synthetic revision
5036,WSM,ECCS,1987,2026-04-01,synthetic revision
5037,SMR,ECCS,1987,2026-04-01,synthetic revision
5038,STP,ECCS,1987,2026-04-01,synthetic revision
5039,SAU,ECCS,1987,2026-04-01,synthetic revision
5040,SEN,ECCS,1987,2026-04-01,synthetic revision
5041,SYC,ECCS,1987,2026-04-01,synthetic revision
5042,SLE,ECCS,1987,2026-04-01,synthetic revision
5043,SGP,ECCS,1987,2026-04-01,synthetic revision
5044,SLB,ECCS,1987,2026-04-01,synthetic revision
5045,SOM,ECCS,1987,2026-04-01,synthetic revision
5046,ZAF,ECCS,1987,2026-04-01,synthetic revision
5047,ESP,ECCS,1987,2026-04-01,synthetic revision
5048,LKA,ECCS,1987,2026-04-01,synthetic revision
5049,KNA,ECCS,1987,2026-04-01,synthetic revision
5050,LCA,ECCS,1987,2026-04-01,synthetic revision
5051,VCT,ECCS,1987,2026-04-01,synthetic revision
5052,SUR,ECCS,1987,2026-04-01,synthetic revision
5053,SJM,ECCS,1987,2026-04-01,synthetic revision
5054,SWE,ECCS,1987,2026-04-01,synthetic revision
5055,CHE,ECCS,1987,2026-04-01,synthetic revision
5056,SYR,ECCS,1987,2026-04-01,synthetic revision
5057,TWN,ECCS,1987,2026-04-01,synthetic revision
5058,TZA,ECCS,1987,2026-04-01,synthetic revision
5059,THA,ECCS,1987,2026-04-01,synthetic revision
5060,TGO,ECCS,1987,2026-04-01,synthetic revision
5061,TKL,ECCS,1987,2026-04-01,synthetic revision
5062,TON,ECCS,1987,2026-04-01,synthetic revision
5063,TTO,ECCS,1987,2026-04-01,synthetic revision
5064,TUN,ECCS,1987,2026-04-01,synthetic revision
5065,TUV,ECCS,1987,2026-04-01,synthetic revision
5066,UGA,ECCS,1987,2026-04-01,synthetic revision
5067,ARE,ECCS,1987,2026-04-01,synthetic revision
5068,GBR,ECCS,1987,2026-04-01,synthetic revision
5069,USA,ECCS,1987,2026-04-01,synthetic revision
5070,VIR,ECCS,1987,2026-04-01,synthetic revision
5071,URY,ECCS,1987,2026-04-01,synthetic revision
5072,VUT,ECCS,1987,2026-04-01,synthetic revision
5073,VEN,ECCS,1987,2026-04-01,synthetic revision
5074,VNM,ECCS,1987,2026-04-01,synthetic revision
5075,WLF,ECCS,1987,2026-04-01,synthetic revision
5076,PSE,ECCS,1987,2026-04-01,synthetic revision
5077,ESH,ECCS,1987,2026-04-01,synthetic revision
5078,YEM,ECCS,1987,2026-04-01,synthetic revision
5079,ZMB,ECCS,1987,2026-04-01,synthetic revision
5080,ZWE,ECCS,1987,2026-04-01,synthetic revision
5081,AFG,ECCS,1988,2026-04-01,synthetic revision
5082,ALB,ECCS,1988,2026-04-01,synthetic revision
5083,DZA,ECCS,1988,2026-04-01,synthetic revision
5084,ASM,ECCS,1988,2026-04-01,synthetic revision
5085,AND,ECCS,1988,2026-04-01,synthetic revision
5086,AGO,ECCS,1988,2026-04-01,synthetic revision
5087,AIA,ECCS,1988,2026-04-01,synthetic revision
5088,ATG,ECCS,1988,2026-04-01,synthetic revision
5089,ARG,ECCS,1988,2026-04-01,synthetic revision
5090,ABW,ECCS,1988,2026-04-01,synthetic revision
5091,AUS,ECCS,1988,2026-04-01,synthetic revision
5092,AUT,ECCS,1988,2026-04-01,synthetic revision
5093,BHS,ECCS,1988,2026-04-01,synthetic revision
5094,BHR,ECCS,1988,2026-04-01,synthetic revision
5095,BGD,ECCS,1988,2026-04-01,synthetic revision
5096,BRB,ECCS,1988,2026-04-01,synthetic revision
5097,BLZ,ECCS,1988,2026-04-01,synthetic revision
5098,BEN,ECCS,1988,2026-04-01,synthetic revision
5099,BTN,ECCS,1988,2026-04-01,synthetic revision
5100,BOL,ECCS,1988,2026-04-01,synthetic revision
5101,BWA,ECCS,1988,2026-04-01,synthetic revision
5102,BRA,ECCS,1988,2026-04-01,synthetic revision
5103,VGB,ECCS,1988,2026-04-01,synthetic revision
5104,BRN,ECCS,1988,2026-04-01,synthetic revision
5105,BGR,ECCS,1988,2026-04-01,synthetic revision
5106,BFA,ECCS,1988,2026-04-01,synthetic revision
5107,BDI,ECCS,1988,2026-04-01,synthetic revision
5108,CPV,ECCS,1988,2026-04-01,synthetic revision
5109,KHM,ECCS,1988,2026-04-01,synthetic revision
5110,CMR,ECCS,1988,2026-04-01,synthetic revision
5111,CAN,ECCS,1988,2026-04-01,synthetic revision
5112,CYM,ECCS,1988,2026-04-01,synthetic revision
5113,CAF,ECCS,1988,2026-04-01,synthetic revision
5114,TCD,ECCS,1988,2026-04-01,synthetic revision
5115,CHL,ECCS,1988,2026-04-01,synthetic revision
5116,HKG,ECCS,1988,2026-04-01,synthetic revision
5117,MAC,ECCS,1988,2026-04-01,synthetic revision
5118,CHN,ECCS,1988,2026-04-01,synthetic revision
5119,COL,ECCS,1988,2026-04-01,synthetic revision
5120,COM,ECCS,1988,2026-04-01,synthetic revision
5121,COD,ECCS,1988,2026-04-01,synthetic revision
5122,COG,ECCS,1988,2026-04-01,synthetic revision
5123,COK,ECCS,1988,2026-04-01,synthetic revision
5124,CRI,ECCS,1988,2026-04-01,synthetic revision
5125,CUB,ECCS,1988,2026-04-01,synthetic revision
5126,CYP,ECCS,1988,2026-04-01,synthetic revision
5127,DNK,ECCS,1988,2026-04-01,synthetic revision
5128,DJI,ECCS,1988,2026-04-01,synthetic revision
5129,DMA,ECCS,1988,2026-04-01,synthetic revision
5130,DOM,ECCS,1988,2026-04-01,synthetic revision
5131,ECU,ECCS,1988,2026-04-01,synthetic revision
5132,EGY,ECCS,1988,2026-04-01,synthetic revision
5133,SLV,ECCS,1988,2026-04-01,synthetic revision
5134,GNQ,ECCS,1988,2026-04-01,synthetic revision
5135,SWZ,ECCS,1988,2026-04-01,synthetic revision
5136,FRO,ECCS,1988,2026-04-01,synthetic revision
5137,FJI,ECCS,1988,2026-04-01,synthetic revision
5138,FIN,ECCS,1988,2026-04-01,synthetic revision
5139,FRA,ECCS,1988,2026-04-01,synthetic revision
5140,PYF,ECCS,1988,2026-04-01,synthetic revision
5141,GAB,ECCS,1988,2026-04-01,synthetic revision
5142,GMB,ECCS,1988,2026-04-01,synthetic revision
5143,DEU,ECCS,1988,2026-04-01,synthetic revision
5144,GHA,ECCS,1988,2026-04-01,synthetic revision
5145,GIB,ECCS,1988,2026-04-01,synthetic revision
5146,GRC,ECCS,1988,2026-04-01,synthetic revision
5147,GRL,ECCS,1988,2026-04-01,synthetic revision
5148,GRD,ECCS,1988,2026-04-01,synthetic revision
5149,GLP,ECCS,1988,2026-04-01,synthetic revision
5150,GTM,ECCS,1988,2026-04-01,synthetic revision
5151,GUF,ECCS,1988,2026-04-01,synthetic revision
5152,GIN,ECCS,1988,2026-04-01,synthetic revision
5153,GNB,ECCS,1988,2026-04-01,synthetic revision
5154,GUY,ECCS,1988,2026-04-01,synthetic revision
5155,HTI,ECCS,1988,2026-04-01,synthetic revision
5156,VAT,ECCS,1988,2026-04-01,synthetic revision
5157,HND,ECCS,1988,2026-04-01,synthetic revision
5158,HUN,ECCS,1988,2026-04-01,synthetic revision
5159,ISL,ECCS,1988,2026-04-01,synthetic revision
5160,IND,ECCS,1988,2026-04-01,synthetic revision
5161,IDN,ECCS,1988,2026-04-01,synthetic revision
5162,IRN,ECCS,1988,2026-04-01,synthetic revision
5163,IRQ,ECCS,1988,2026-04-01,synthetic revision
5164,IRL,ECCS,1988,2026-04-01,synthetic revision
5165,IMN,ECCS,1988,2026-04-01,synthetic revision
5166,ISR,ECCS,1988,2026-04-01,synthetic revision
5167,ITA,ECCS,1988,2026-04-01,synthetic revision
5168,JAM,ECCS,1988,2026-04-01,synthetic revision
5169,JPN,ECCS,1988,2026-04-01,synthetic revision
5170,JOR,ECCS,1988,2026-04-01,synthetic revision
5171,KEN,ECCS,1988,2026-04-01,synthetic revision
5172,KIR,ECCS,1988,2026-04-01,synthetic revision
5173,PRK,ECCS,1988,2026-04-01,synthetic revision
5174,KOR,ECCS,1988,2026-04-01,synthetic revision
5175,KWT,ECCS,1988,2026-04-01,synthetic revision
5176,LAO,ECCS,1988,2026-04-01,synthetic revision
5177,LBN,ECCS,1988,2026-04-01,synthetic revision
5178,LSO,ECCS,1988,2026-04-01,synthetic revision
5179,LBR,ECCS,1988,2026-04-01,synthetic revision
5180,LBY,ECCS,1988,2026-04-01,synthetic revision
5181,LIE,ECCS,1988,2026-04-01,synthetic revision
5182,MDG,ECCS,1988,2026-04-01,synthetic revision
5183,MWI,ECCS,1988,2026-04-01,synthetic revision
5184,MYS,ECCS,1988,2026-04-01,synthetic revision
5185,MDV,ECCS,1988,2026-04-01,synthetic revision
5186,MLI,ECCS,1988,2026-04-01,synthetic revision
5187,MLT,ECCS,1988,2026-04-01,synthetic revision
5188,MTQ,ECCS,1988,2026-04-01,synthetic revision
5189,MRT,ECCS,1988,2026-04-01,synthetic revision
5190,MUS,ECCS,1988,2026-04-01,synthetic revision
5191,MYT,ECCS,1988,2026-04-01,synthetic revision
5192,MEX,ECCS,1988,2026-04-01,synthetic revision
5193,MCO,ECCS,1988,2026-04-01,synthetic revision
5194,MNG,ECCS,1988,2026-04-01,synthetic revision
5195,MSR,ECCS,1988,2026-04-01,synthetic revision
5196,MAR,ECCS,1988,2026-04-01,synthetic revision
5197,MOZ,ECCS,1988,2026-04-01,synthetic revision
5198,MMR,ECCS,1988,2026-04-01,synthetic revision
5199,NPL,ECCS,1988,2026-04-01,synthetic revision
5200,NLD,ECCS,1988,2026-04-01,synthetic revision
5201,NCL,ECCS,1988,2026-04-01,synthetic revision
5202,NZL,ECCS,1988,2026-04-01,synthetic revision
5203,NIC,ECCS,1988,2026-04-01,synthetic revision
5204,NER,ECCS,1988,2026-04-01,synthetic revision
5205,NGA,ECCS,1988,2026-04-01,synthetic revision
5206,NIU,ECCS,1988,2026-04-01,synthetic revision
5207,NFK,ECCS,1988,2026-04-01,synthetic revision
5208,NOR,ECCS,1988,2026-04-01,synthetic revision
5209,OMN,ECCS,1988,2026-04-01,synthetic revision
5210,PAK,ECCS,1988,2026-04-01,synthetic revision
5211,PAN,ECCS,1988,2026-04-01,synthetic revision
5212,PNG,ECCS,1988,2026-04-01,synthetic revision
5213,PRY,ECCS,1988,2026-04-01,synthetic revision
5214,PER,ECCS,1988,2026-04-01,synthetic revision
5215,PHL,ECCS,1988,2026-04-01,synthetic revision
5216,PCN,ECCS,1988,2026-04-01,synthetic revision
5217,POL,ECCS,1988,2026-04-01,synthetic revision
5218,PRT,ECCS,1988,2026-04-01,synthetic revision
5219,PRI,ECCS,1988,2026-04-01,synthetic revision
5220,QAT,ECCS,1988,2026-04-01,synthetic revision
5221,ROU,ECCS,1988,2026-04-01,synthetic revision
5222,RWA,ECCS,1988,2026-04-01,synthetic revision
5223,SPM,ECCS,1988,2026-04-01,synthetic revision
5224,WSM,ECCS,1988,2026-04-01,synthetic revision
5225,SMR,ECCS,1988,2026-04-01,synthetic revision
5226,STP,ECCS,1988,2026-04-01,synthetic revision
5227,SAU,ECCS,1988,2026-04-01,synthetic revision
5228,SEN,ECCS,1988,2026-04-01,synthetic revision
5229,SYC,ECCS,1988,2026-04-01,synthetic revision
5230,SLE,ECCS,1988,2026-04-01,synthetic revision
5231,SGP,ECCS,1988,2026-04-01,synthetic revision
5232,SLB,ECCS,1988,2026-04-01,synthetic revision
5233,SOM,ECCS,1988,2026-04-01,synthetic revision
5234,ZAF,ECCS,1988,2026-04-01,synthetic revision
5235,ESP,ECCS,1988,2026-04-01,synthetic revision
5236,LKA,ECCS,1988,2026-04-01,synthetic revision
5237,KNA,ECCS,1988,2026-04-01,synthetic revision
5238,LCA,ECCS,1988,2026-04-01,synthetic revision
5239,VCT,ECCS,1988,2026-04-01,synthetic revision
5240,SUR,ECCS,1988,2026-04-01,synthetic revision
5241,SJM,ECCS,1988,2026-04-01,synthetic revision
5242,SWE,ECCS,1988,2026-04-01,synthetic revision
5243,CHE,ECCS,1988,2026-04-01,synthetic revision
5244,SYR,ECCS,1988,2026-04-01,synthetic revision
5245,TWN,ECCS,1988,2026-04-01,synthetic revision
5246,TZA,ECCS,1988,2026-04-01,synthetic revision
5247,THA,ECCS,1988,2026-04-01,synthetic revision
5248,TGO,ECCS,1988,2026-04-01,synthetic revision
5249,TKL,ECCS,1988,2026-04-01,synthetic revision
5250,TON,ECCS,1988,2026-04-01,synthetic revision
5251,TTO,ECCS,1988,2026-04-01,synthetic revision
5252,TUN,ECCS,1988,2026-04-01,synthetic revision
5253,TUV,ECCS,1988,2026-04-01,synthetic revision
5254,UGA,ECCS,1988,2026-04-01,synthetic revision
5255,ARE,ECCS,1988,2026-04-01,synthetic revision
5256,GBR,ECCS,1988,2026-04-01,synthetic revision
5257,USA,ECCS,1988,2026-04-01,synthetic revision
5258,VIR,ECCS,1988,2026-04-01,synthetic revision
5259,URY,ECCS,1988,2026-04-01,synthetic revision
5260,VUT,ECCS,1988,2026-04-01,synthetic revision
5261,VEN,ECCS,1988,2026-04-01,synthetic revision
5262,VNM,ECCS,1988,2026-04-01,synthetic revision
5263,WLF,ECCS,1988,2026-04-01,synthetic revision
5264,PSE,ECCS,1988,2026-04-01,synthetic revision
5265,ESH,ECCS,1988,2026-04-01,synthetic revision
5266,YEM,ECCS,1988,2026-04-01,synthetic revision
5267,ZMB,ECCS,1988,2026-04-01,synthetic revision
5268,ZWE,ECCS,1988,2026-04-01,synthetic revision
5269,AFG,ECCS,1989,2026-04-01,synthetic revision
5270,ALB,ECCS,1989,2026-04-01,synthetic revision
5271,DZA,ECCS,1989,2026-04-01,synthetic revision
5272,ASM,ECCS,1989,2026-04-01,synthetic revision
5273,AND,ECCS,1989,2026-04-01,synthetic revision
5274,AGO,ECCS,1989,2026-04-01,synthetic revision
5275,AIA,ECCS,1989,2026-04-01,synthetic revision
5276,ATG,ECCS,1989,2026-04-01,synthetic revision
5277,ARG,ECCS,1989,2026-04-01,synthetic revision
5278,ABW,ECCS,1989,2026-04-01,synthetic revision
5279,AUS,ECCS,1989,2026-04-01,synthetic revision
5280,AUT,ECCS,1989,2026-04-01,synthetic revision
5281,BHS,ECCS,1989,2026-04-01,synthetic revision
5282,BHR,ECCS,1989,2026-04-01,synthetic revision
5283,BGD,ECCS,1989,2026-04-01,synthetic revision
5284,BRB,ECCS,1989,2026-04-01,synthetic revision
5285,BLZ,ECCS,1989,2026-04-01,synthetic revision
5286,BEN,ECCS,1989,2026-04-01,synthetic revision
5287,BTN,ECCS,1989,2026-04-01,synthetic revision
5288,BOL,ECCS,1989,2026-04-01,synthetic revision
5289,BWA,ECCS,1989,2026-04-01,synthetic revision
5290,BRA,ECCS,1989,2026-04-01,synthetic revision
5291,VGB,ECCS,1989,2026-04-01,synthetic revision
5292,BRN,ECCS,1989,2026-04-01,synthetic revision
5293,BGR,ECCS,1989,2026-04-01,synthetic revision
5294,BFA,ECCS,1989,2026-04-01,synthetic revision
5295,BDI,ECCS,1989,2026-04-01,synthetic revision
5296,CPV,ECCS,1989,2026-04-01,synthetic revision
5297,KHM,ECCS,1989,2026-04-01,synthetic revision
5298,CMR,ECCS,1989,2026-04-01,synthetic revision
5299,CAN,ECCS,1989,2026-04-01,synthetic revision
5300,CYM,ECCS,1989,2026-04-01,synthetic revision
5301,CAF,ECCS,1989,2026-04-01,synthetic revision
5302,TCD,ECCS,1989,2026-04-01,synthetic revision
5303,CHL,ECCS,1989,2026-04-01,synthetic revision
5304,HKG,ECCS,1989,2026-04-01,synthetic revision
5305,MAC,ECCS,1989,2026-04-01,synthetic revision
5306,CHN,ECCS,1989,2026-04-01,synthetic revision
5307,COL,ECCS,1989,2026-04-01,synthetic revision
5308,COM,ECCS,1989,2026-04-01,synthetic revision
5309,COD,ECCS,1989,2026-04-01,synthetic revision
5310,COG,ECCS,1989,2026-04-01,synthetic revision
5311,COK,ECCS,1989,2026-04-01,synthetic revision
5312,CRI,ECCS,1989,2026-04-01,synthetic revision
5313,CUB,ECCS,1989,2026-04-01,synthetic revision
5314,CYP,ECCS,1989,2026-04-01,synthetic revision
5315,DNK,ECCS,1989,2026-04-01,synthetic revision
5316,DJI,ECCS,1989,2026-04-01,synthetic revision
5317,DMA,ECCS,1989,2026-04-01,synthetic revision
5318,DOM,ECCS,1989,2026-04-01,synthetic revision
5319,ECU,ECCS,1989,2026-04-01,synthetic revision
5320,EGY,ECCS,1989,2026-04-01,synthetic revision
5321,SLV,ECCS,1989,2026-04-01,synthetic revision
5322,GNQ,ECCS,1989,2026-04-01,synthetic revision
5323,SWZ,ECCS,1989,2026-04-01,synthetic revision
5324,FRO,ECCS,1989,2026-04-01,synthetic revision
5325,FJI,ECCS,1989,2026-04-01,synthetic revision
5326,FIN,ECCS,1989,2026-04-01,synthetic revision
5327,FRA,ECCS,1989,2026-04-01,synthetic revision
5328,PYF,ECCS,1989,2026-04-01,synthetic revision
5329,GAB,ECCS,1989,2026-04-01,synthetic revision
5330,GMB,ECCS,1989,2026-04-01,synthetic revision
5331,DEU,ECCS,1989,2026-04-01,synthetic revision
5332,GHA,ECCS,1989,2026-04-01,synthetic revision
5333,GIB,ECCS,1989,2026-04-01,synthetic revision
5334,GRC,ECCS,1989,2026-04-01,synthetic revision
5335,GRL,ECCS,1989,2026-04-01,synthetic revision
5336,GRD,ECCS,1989,2026-04-01,synthetic revision
5337,GLP,ECCS,1989,2026-04-01,synthetic revision
5338,GTM,ECCS,1989,2026-04-01,synthetic revision
5339,GUF,ECCS,1989,2026-04-01,synthetic revision
5340,GIN,ECCS,1989,2026-04-01,synthetic revision
5341,GNB,ECCS,1989,2026-04-01,synthetic revision
5342,GUY,ECCS,1989,2026-04-01,synthetic revision
5343,HTI,ECCS,1989,2026-04-01,synthetic revision
5344,VAT,ECCS,1989,2026-04-01,synthetic revision
5345,HND,ECCS,1989,2026-04-01,synthetic revision
5346,HUN,ECCS,1989,2026-04-01,synthetic revision
5347,ISL,ECCS,1989,2026-04-01,synthetic revision
5348,IND,ECCS,1989,2026-04-01,synthetic revision
5349,IDN,ECCS,1989,2026-04-01,synthetic revision
5350,IRN,ECCS,1989,2026-04-01,synthetic revision
5351,IRQ,ECCS,1989,2026-04-01,synthetic revision
5352,IRL,ECCS,1989,2026-04-01,synthetic revision
5353,IMN,ECCS,1989,2026-04-01,synthetic revision
5354,ISR,ECCS,1989,2026-04-01,synthetic revision
5355,ITA,ECCS,1989,2026-04-01,synthetic revision
5356,JAM,ECCS,1989,2026-04-01,synthetic revision
5357,JPN,ECCS,1989,2026-04-01,synthetic revision
5358,JOR,ECCS,1989,2026-04-01,synthetic revision
5359,KEN,ECCS,1989,2026-04-01,synthetic revision
5360,KIR,ECCS,1989,2026-04-01,synthetic revision
5361,PRK,ECCS,1989,2026-04-01,synthetic revision
5362,KOR,ECCS,1989,2026-04-01,synthetic revision
5363,KWT,ECCS,1989,2026-04-01,synthetic revision
5364,LAO,ECCS,1989,2026-04-01,synthetic revision
5365,LBN,ECCS,1989,2026-04-01,synthetic revision
5366,LSO,ECCS,1989,2026-04-01,synthetic revision
5367,LBR,ECCS,1989,2026-04-01,synthetic revision
5368,LBY,ECCS,1989,2026-04-01,synthetic revision
5369,LIE,ECCS,1989,2026-04-01,synthetic revision
5370,MDG,ECCS,1989,2026-04-01,synthetic revision
5371,MWI,ECCS,1989,2026-04-01,synthetic revision
5372,MYS,ECCS,1989,2026-04-01,synthetic revision
5373,MDV,ECCS,1989,2026-04-01,synthetic revision
5374,MLI,ECCS,1989,2026-04-01,synthetic revision
5375,MLT,ECCS,1989,2026-04-01,synthetic revision
5376,MTQ,ECCS,1989,2026-04-01,synthetic revision
5377,MRT,ECCS,1989,2026-04-01,synthetic revision
5378,MUS,ECCS,1989,2026-04-01,synthetic revision
5379,MYT,ECCS,1989,2026-04-01,synthetic revision
5380,MEX,ECCS,1989,2026-04-01,synthetic revision
5381,MCO,ECCS,1989,2026-04-01,synthetic revision
5382,MNG,ECCS,1989,2026-04-01,synthetic revision
5383,MSR,ECCS,1989,2026-04-01,synthetic revision
5384,MAR,ECCS,1989,2026-04-01,synthetic revision
5385,MOZ,ECCS,1989,2026-04-01,synthetic revision
5386,MMR,ECCS,1989,2026-04-01,synthetic revision
5387,NRU,ECCS,1989,2026-04-01,synthetic revision
5388,NPL,ECCS,1989,2026-04-01,synthetic revision
5389,NLD,ECCS,1989,2026-04-01,synthetic revision
5390,NCL,ECCS,1989,2026-04-01,synthetic revision
5391,NZL,ECCS,1989,2026-04-01,synthetic revision
5392,NIC,ECCS,1989,2026-04-01,synthetic revision
5393,NER,ECCS,1989,2026-04-01,synthetic revision
5394,NGA,ECCS,1989,2026-04-01,synthetic revision
5395,NIU,ECCS,1989,2026-04-01,synthetic revision
5396,NFK,ECCS,1989,2026-04-01,synthetic revision
5397,NOR,ECCS,1989,2026-04-01,synthetic revision
5398,OMN,ECCS,1989,2026-04-01,synthetic revision
5399,PAK,ECCS,1989,2026-04-01,synthetic revision
5400,PAN,ECCS,1989,2026-04-01,synthetic revision
5401,PNG,ECCS,1989,2026-04-01,synthetic revision
5402,PRY,ECCS,1989,2026-04-01,synthetic revision
5403,PER,ECCS,1989,2026-04-01,synthetic revision
5404,PHL,ECCS,1989,2026-04-01,synthetic revision
5405,PCN,ECCS,1989,2026-04-01,synthetic revision
5406,POL,ECCS,1989,2026-04-01,synthetic revision
5407,PRT,ECCS,1989,2026-04-01,synthetic revision
5408,PRI,ECCS,1989,2026-04-01,synthetic revision
5409,QAT,ECCS,1989,2026-04-01,synthetic revision
5410,ROU,ECCS,1989,2026-04-01,synthetic revision
5411,RWA,ECCS,1989,2026-04-01,synthetic revision
5412,SPM,ECCS,1989,2026-04-01,synthetic revision
5413,WSM,ECCS,1989,2026-04-01,synthetic revision
5414,SMR,ECCS,1989,2026-04-01,synthetic revision
5415,STP,ECCS,1989,2026-04-01,synthetic revision
5416,SAU,ECCS,1989,2026-04-01,synthetic revision
5417,SEN,ECCS,1989,2026-04-01,synthetic revision
5418,SYC,ECCS,1989,2026-04-01,synthetic revision
5419,SLE,ECCS,1989,2026-04-01,synthetic revision
5420,SLB,ECCS,1989,2026-04-01,synthetic revision
5421,SOM,ECCS,1989,2026-04-01,synthetic revision
5422,ZAF,ECCS,1989,2026-04-01,synthetic revision
5423,ESP,ECCS,1989,2026-04-01,synthetic revision
5424,LKA,ECCS,1989,2026-04-01,synthetic revision
5425,KNA,ECCS,1989,2026-04-01,synthetic revision
5426,LCA,ECCS,1989,2026-04-01,synthetic revision
5427,VCT,ECCS,1989,2026-04-01,synthetic revision
5428,SUR,ECCS,1989,2026-04-01,synthetic revision
5429,SJM,ECCS,1989,2026-04-01,synthetic revision
5430,SWE,ECCS,1989,2026-04-01,synthetic revision
5431,CHE,ECCS,1989,2026-04-01,synthetic revision
5432,SYR,ECCS,1989,2026-04-01,synthetic revision
5433,TWN,ECCS,1989,2026-04-01,synthetic revision
5434,TZA,ECCS,1989,2026-04-01,synthetic revision
5435,THA,ECCS,1989,2026-04-01,synthetic revision
5436,TGO,ECCS,1989,2026-04-01,synthetic revision
5437,TKL,ECCS,1989,2026-04-01,synthetic revision
5438,TON,ECCS,1989,2026-04-01,synthetic revision
5439,TTO,ECCS,1989,2026-04-01,synthetic revision
5440,TUN,ECCS,1989,2026-04-01,synthetic revision
5441,TUV,ECCS,1989,2026-04-01,synthetic revision
5442,UGA,ECCS,1989,2026-04-01,synthetic revision
5443,ARE,ECCS,1989,2026-04-01,synthetic revision
5444,GBR,ECCS,1989,2026-04-01,synthetic revision
5445,USA,ECCS,1989,2026-04-01,synthetic revision
5446,VIR,ECCS,1989,2026-04-01,synthetic revision
5447,URY,ECCS,1989,2026-04-01,synthetic revision
5448,VUT,ECCS,1989,2026-04-01,synthetic revision
5449,VEN,ECCS,1989,2026-04-01,synthetic revision
5450,VNM,ECCS,1989,2026-04-01,synthetic revision
5451,WLF,ECCS,1989,2026-04-01,synthetic revision
5452,PSE,ECCS,1989,2026-04-01,synthetic revision
5453,ESH,ECCS,1989,2026-04-01,synthetic revision
5454,YEM,ECCS,1989,2026-04-01,synthetic revision
5455,ZMB,ECCS,1989,2026-04-01,synthetic revision
5456,ZWE,ECCS,1989,2026-04-01,synthetic revision
5457,AFG,ECCS,1990,2026-04-01,synthetic revision
5458,ALB,ECCS,1990,2026-04-01,synthetic revision
5459,DZA,ECCS,1990,2026-04-01,synthetic revision
5460,ASM,ECCS,1990,2026-04-01,synthetic revision
5461,AND,ECCS,1990,2026-04-01,synthetic revision
5462,AGO,ECCS,1990,2026-04-01,synthetic revision
5463,AIA,ECCS,1990,2026-04-01,synthetic revision
5464,ATG,ECCS,1990,2026-04-01,synthetic revision
5465,ARG,ECCS,1990,2026-04-01,synthetic revision
5466,ABW,ECCS,1990,2026-04-01,synthetic revision
5467,AUS,ECCS,1990,2026-04-01,synthetic revision
5468,AUT,ECCS,1990,2026-04-01,synthetic revision
5469,BHS,ECCS,1990,2026-04-01,synthetic revision
5470,BHR,ECCS,1990,2026-04-01,synthetic revision
5471,BGD,ECCS,1990,2026-04-01,synthetic revision
5472,BRB,ECCS,1990,2026-04-01,synthetic revision
5473,BLZ,ECCS,1990,2026-04-01,synthetic revision
5474,BEN,ECCS,1990,2026-04-01,synthetic revision
5475,BTN,ECCS,1990,2026-04-01,synthetic revision
5476,BOL,ECCS,1990,2026-04-01,synthetic revision
5477,BWA,ECCS,1990,2026-04-01,synthetic revision
5478,BRA,ECCS,1990,2026-04-01,synthetic revision
5479,VGB,ECCS,1990,2026-04-01,synthetic revision
5480,BRN,ECCS,1990,2026-04-01,synthetic revision
5481,BGR,ECCS,1990,2026-04-01,synthetic revision
5482,BFA,ECCS,1990,2026-04-01,synthetic revision
5483,BDI,ECCS,1990,2026-04-01,synthetic revision
5484,CPV,ECCS,1990,2026-04-01,synthetic revision
5485,KHM,ECCS,1990,2026-04-01,synthetic revision
5486,CMR,ECCS,1990,2026-04-01,synthetic revision
5487,CAN,ECCS,1990,2026-04-01,synthetic revision
5488,CYM,ECCS,1990,2026-04-01,synthetic revision
5489,CAF,ECCS,1990,2026-04-01,synthetic revision
5490,TCD,ECCS,1990,2026-04-01,synthetic revision
5491,CHL,ECCS,1990,2026-04-01,synthetic revision
5492,HKG,ECCS,1990,2026-04-01,synthetic revision
5493,MAC,ECCS,1990,2026-04-01,synthetic revision
5494,CHN,ECCS,1990,2026-04-01,synthetic revision
5495,COL,ECCS,1990,2026-04-01,synthetic revision
5496,COM,ECCS,1990,2026-04-01,synthetic revision
5497,COD,ECCS,1990,2026-04-01,synthetic revision
5498,COG,ECCS,1990,2026-04-01,synthetic revision
5499,COK,ECCS,1990,2026-04-01,synthetic revision
5500,CRI,ECCS,1990,2026-04-01,synthetic revision
5501,CUB,ECCS,1990,2026-04-01,synthetic revision
5502,CYP,ECCS,1990,2026-04-01,synthetic revision
5503,DNK,ECCS,1990,2026-04-01,synthetic revision
5504,DJI,ECCS,1990,2026-04-01,synthetic revision
5505,DMA,ECCS,1990,2026-04-01,synthetic revision
5506,DOM,ECCS,1990,2026-04-01,synthetic revision
5507,ECU,ECCS,1990,2026-04-01,synthetic revision
5508,EGY,ECCS,1990,2026-04-01,synthetic revision
5509,SLV,ECCS,1990,2026-04-01,synthetic revision
5510,GNQ,ECCS,1990,2026-04-01,synthetic revision
5511,SWZ,ECCS,1990,2026-04-01,synthetic revision
5512,FRO,ECCS,1990,2026-04-01,synthetic revision
5513,FJI,ECCS,1990,2026-04-01,synthetic revision
5514,FIN,ECCS,1990,2026-04-01,synthetic revision
5515,FRA,ECCS,1990,2026-04-01,synthetic revision
5516,PYF,ECCS,1990,2026-04-01,synthetic revision
5517,GAB,ECCS,1990,2026-04-01,synthetic revision
5518,GMB,ECCS,1990,2026-04-01,synthetic revision
5519,DEU,ECCS,1990,2026-04-01,synthetic revision
5520,GHA,ECCS,1990,2026-04-01,synthetic revision
5521,GIB,ECCS,1990,2026-04-01,synthetic revision
5522,GRC,ECCS,1990,2026-04-01,synthetic revision
5523,GRL,ECCS,1990,2026-04-01,synthetic revision
5524,GRD,ECCS,1990,2026-04-01,synthetic revision
5525,GLP,ECCS,1990,2026-04-01,synthetic revision
5526,GTM,ECCS,1990,2026-04-01,synthetic revision
5527,GUF,ECCS,1990,2026-04-01,synthetic revision
5528,GIN,ECCS,1990,2026-04-01,synthetic revision
5529,GNB,ECCS,1990,2026-04-01,synthetic revision
5530,GUY,ECCS,1990,2026-04-01,synthetic revision
5531,HTI,ECCS,1990,2026-04-01,synthetic revision
5532,VAT,ECCS,1990,2026-04-01,synthetic revision
5533,HND,ECCS,1990,2026-04-01,synthetic revision
5534,HUN,ECCS,1990,2026-04-01,synthetic revision
5535,ISL,ECCS,1990,2026-04-01,synthetic revision
5536,IND,ECCS,1990,2026-04-01,synthetic revision
5537,IDN,ECCS,1990,2026-04-01,synthetic revision
5538,IRN,ECCS,1990,2026-04-01,synthetic revision
5539,IRQ,ECCS,1990,2026-04-01,synthetic revision
5540,IRL,ECCS,1990,2026-04-01,synthetic revision
5541,IMN,ECCS,1990,2026-04-01,synthetic revision
5542,ISR,ECCS,1990,2026-04-01,synthetic revision
5543,ITA,ECCS,1990,2026-04-01,synthetic revision
5544,JAM,ECCS,1990,2026-04-01,synthetic revision
5545,JPN,ECCS,1990,2026-04-01,synthetic revision
5546,JOR,ECCS,1990,2026-04-01,synthetic revision
5547,KEN,ECCS,1990,2026-04-01,synthetic revision
5548,KIR,ECCS,1990,2026-04-01,synthetic revision
5549,PRK,ECCS,1990,2026-04-01,synthetic revision
5550,KOR,ECCS,1990,2026-04-01,synthetic revision
5551,KWT,ECCS,1990,2026-04-01,synthetic revision
5552,LAO,ECCS,1990,2026-04-01,synthetic revision
5553,LBN,ECCS,1990,2026-04-01,synthetic revision
5554,LSO,ECCS,1990,2026-04-01,synthetic revision
5555,LBR,ECCS,1990,2026-04-01,synthetic revision
5556,LBY,ECCS,1990,2026-04-01,synthetic revision
5557,LIE,ECCS,1990,2026-04-01,synthetic revision
5558,MDG,ECCS,1990,2026-04-01,synthetic revision
5559,MWI,ECCS,1990,2026-04-01,synthetic revision
5560,MYS,ECCS,1990,2026-04-01,synthetic revision
5561,MDV,ECCS,1990,2026-04-01,synthetic revision
5562,MLI,ECCS,1990,2026-04-01,synthetic revision
5563,MLT,ECCS,1990,2026-04-01,synthetic revision
5564,MTQ,ECCS,1990,2026-04-01,synthetic revision
5565,MRT,ECCS,1990,2026-04-01,synthetic revision
5566,MUS,ECCS,1990,2026-04-01,synthetic revision
5567,MYT,ECCS,1990,2026-04-01,synthetic revision
5568,MEX,ECCS,1990,2026-04-01,synthetic revision
5569,MCO,ECCS,1990,2026-04-01,synthetic revision
5570,MNG,ECCS,1990,2026-04-01,synthetic revision
5571,MSR,ECCS,1990,2026-04-01,synthetic revision
5572,MAR,ECCS,1990,2026-04-01,synthetic revision
5573,MOZ,ECCS,1990,2026-04-01,synthetic revision
5574,MMR,ECCS,1990,2026-04-01,synthetic revision
5575,NRU,ECCS,1990,2026-04-01,synthetic revision
5576,NPL,ECCS,1990,2026-04-01,synthetic revision
5577,NLD,ECCS,1990,2026-04-01,synthetic revision
5578,NCL,ECCS,1990,2026-04-01,synthetic revision
5579,NZL,ECCS,1990,2026-04-01,synthetic revision
5580,NIC,ECCS,1990,2026-04-01,synthetic revision
5581,NER,ECCS,1990,2026-04-01,synthetic revision
5582,NGA,ECCS,1990,2026-04-01,synthetic revision
5583,NIU,ECCS,1990,2026-04-01,synthetic revision
5584,NFK,ECCS,1990,2026-04-01,synthetic revision
5585,NOR,ECCS,1990,2026-04-01,synthetic revision
5586,OMN,ECCS,1990,2026-04-01,synthetic revision
5587,PAK,ECCS,1990,2026-04-01,synthetic revision
5588,PAN,ECCS,1990,2026-04-01,synthetic revision
5589,PNG,ECCS,1990,2026-04-01,synthetic revision
5590,PRY,ECCS,1990,2026-04-01,synthetic revision
5591,PER,ECCS,1990,2026-04-01,synthetic revision
5592,PHL,ECCS,1990,2026-04-01,synthetic revision
5593,PCN,ECCS,1990,2026-04-01,synthetic revision
5594,POL,ECCS,1990,2026-04-01,synthetic revision
5595,PRT,ECCS,1990,2026-04-01,synthetic revision
5596,PRI,ECCS,1990,2026-04-01,synthetic revision
5597,QAT,ECCS,1990,2026-04-01,synthetic revision
5598,ROU,ECCS,1990,2026-04-01,synthetic revision
5599,RWA,ECCS,1990,2026-04-01,synthetic revision
5600,SPM,ECCS,1990,2026-04-01,synthetic revision
5601,WSM,ECCS,1990,2026-04-01,synthetic revision
5602,SMR,ECCS,1990,2026-04-01,synthetic revision
5603,SAU,ECCS,1990,2026-04-01,synthetic revision
5604,SEN,ECCS,1990,2026-04-01,synthetic revision
5605,SYC,ECCS,1990,2026-04-01,synthetic revision
5606,SLE,ECCS,1990,2026-04-01,synthetic revision
5607,SOM,ECCS,1990,2026-04-01,synthetic revision
5608,ZAF,ECCS,1990,2026-04-01,synthetic revision
5609,ESP,ECCS,1990,2026-04-01,synthetic revision
5610,LKA,ECCS,1990,2026-04-01,synthetic revision
5611,KNA,ECCS,1990,2026-04-01,synthetic revision
5612,LCA,ECCS,1990,2026-04-01,synthetic revision
5613,VCT,ECCS,1990,2026-04-01,synthetic revision
5614,SUR,ECCS,1990,2026-04-01,synthetic revision
5615,SJM,ECCS,1990,2026-04-01,synthetic revision
5616,SWE,ECCS,1990,2026-04-01,synthetic revision
5617,CHE,ECCS,1990,2026-04-01,synthetic revision
5618,SYR,ECCS,1990,2026-04-01,synthetic revision
5619,TWN,ECCS,1990,2026-04-01,synthetic revision
5620,TZA,ECCS,1990,2026-04-01,synthetic revision
5621,THA,ECCS,1990,2026-04-01,synthetic revision
5622,TLS,ECCS,1990,2026-04-01,synthetic revision
5623,TGO,ECCS,1990,2026-04-01,synthetic revision
5624,TKL,ECCS,1990,2026-04-01,synthetic revision
5625,TON,ECCS,1990,2026-04-01,synthetic revision
5626,TTO,ECCS,1990,2026-04-01,synthetic revision
5627,TUN,ECCS,1990,2026-04-01,synthetic revision
5628,TUV,ECCS,1990,2026-04-01,synthetic revision
5629,UGA,ECCS,1990,2026-04-01,synthetic revision
5630,ARE,ECCS,1990,2026-04-01,synthetic revision
5631,GBR,ECCS,1990,2026-04-01,synthetic revision
5632,USA,ECCS,1990,2026-04-01,synthetic revision
5633,VIR,ECCS,1990,2026-04-01,synthetic revision
5634,URY,ECCS,1990,2026-04-01,synthetic revision
5635,VUT,ECCS,1990,2026-04-01,synthetic revision
5636,VEN,ECCS,1990,2026-04-01,synthetic revision
5637,VNM,ECCS,1990,2026-04-01,synthetic revision
5638,WLF,ECCS,1990,2026-04-01,synthetic revision
5639,PSE,ECCS,1990,2026-04-01,synthetic revision
5640,ESH,ECCS,1990,2026-04-01,synthetic revision
5641,YEM,ECCS,1990,2026-04-01,synthetic revision
5642,ZMB,ECCS,1990,2026-04-01,synthetic revision
5643,ZWE,ECCS,1990,2026-04-01,synthetic revision
5644,AFG,ECCS,1991,2026-04-01,synthetic revision
5645,ALB,ECCS,1991,2026-04-01,synthetic revision
5646,DZA,ECCS,1991,2026-04-01,synthetic revision
5647,ASM,ECCS,1991,2026-04-01,synthetic revision
5648,AND,ECCS,1991,2026-04-01,synthetic revision
5649,AGO,ECCS,1991,2026-04-01,synthetic revision
5650,AIA,ECCS,1991,2026-04-01,synthetic revision
5651,ATG,ECCS,1991,2026-04-01,synthetic revision
5652,ARG,ECCS,1991,2026-04-01,synthetic revision
5653,ABW,ECCS,1991,2026-04-01,synthetic revision
5654,AUS,ECCS,1991,2026-04-01,synthetic revision
5655,AUT,ECCS,1991,2026-04-01,synthetic revision
5656,BHS,ECCS,1991,2026-04-01,synthetic revision
5657,BHR,ECCS,1991,2026-04-01,synthetic revision
5658,BGD,ECCS,1991,2026-04-01,synthetic revision
5659,BRB,ECCS,1991,2026-04-01,synthetic revision
5660,BLZ,ECCS,1991,2026-04-01,synthetic revision
5661,BEN,ECCS,1991,2026-04-01,synthetic revision
5662,BTN,ECCS,1991,2026-04-01,synthetic revision
5663,BOL,ECCS,1991,2026-04-01,synthetic revision
5664,BWA,ECCS,1991,2026-04-01,synthetic revision
5665,BRA,ECCS,1991,2026-04-01,synthetic revision
5666,VGB,ECCS,1991,2026-04-01,synthetic revision
5667,BRN,ECCS,1991,2026-04-01,synthetic revision
5668,BGR,ECCS,1991,2026-04-01,synthetic revision
5669,BFA,ECCS,1991,2026-04-01,synthetic revision
5670,BDI,ECCS,1991,2026-04-01,synthetic revision
5671,CPV,ECCS,1991,2026-04-01,synthetic revision
5672,KHM,ECCS,1991,2026-04-01,synthetic revision
5673,CMR,ECCS,1991,2026-04-01,synthetic revision
5674,CAN,ECCS,1991,2026-04-01,synthetic revision
5675,CYM,ECCS,1991,2026-04-01,synthetic revision
5676,CAF,ECCS,1991,2026-04-01,synthetic revision
5677,TCD,ECCS,1991,2026-04-01,synthetic revision
5678,CHL,ECCS,1991,2026-04-01,synthetic revision
5679,HKG,ECCS,1991,2026-04-01,synthetic revision
5680,MAC,ECCS,1991,2026-04-01,synthetic revision
5681,CHN,ECCS,1991,2026-04-01,synthetic revision
5682,COL,ECCS,1991,2026-04-01,synthetic revision
5683,COM,ECCS,1991,2026-04-01,synthetic revision
5684,COD,ECCS,1991,2026-04-01,synthetic revision
5685,COG,ECCS,1991,2026-04-01,synthetic revision
5686,COK,ECCS,1991,2026-04-01,synthetic revision
5687,CRI,ECCS,1991,2026-04-01,synthetic revision
5688,CUB,ECCS,1991,2026-04-01,synthetic revision
5689,CYP,ECCS,1991,2026-04-01,synthetic revision
5690,DNK,ECCS,1991,2026-04-01,synthetic revision
5691,DJI,ECCS,1991,2026-04-01,synthetic revision
5692,DMA,ECCS,1991,2026-04-01,synthetic revision
5693,DOM,ECCS,1991,2026-04-01,synthetic revision
5694,ECU,ECCS,1991,2026-04-01,synthetic revision
5695,EGY,ECCS,1991,2026-04-01,synthetic revision
5696,SLV,ECCS,1991,2026-04-01,synthetic revision
5697,SWZ,ECCS,1991,2026-04-01,synthetic revision
5698,FRO,ECCS,1991,2026-04-01,synthetic revision
5699,FJI,ECCS,1991,2026-04-01,synthetic revision
5700,FIN,ECCS,1991,2026-04-01,synthetic revision
5701,FRA,ECCS,1991,2026-04-01,synthetic revision
5702,PYF,ECCS,1991,2026-04-01,synthetic revision
5703,GAB,ECCS,1991,2026-04-01,synthetic revision
5704,GMB,ECCS,1991,2026-04-01,synthetic revision
5705,DEU,ECCS,1991,2026-04-01,synthetic revision
5706,GHA,ECCS,1991,2026-04-01,synthetic revision
5707,GIB,ECCS,1991,2026-04-01,synthetic revision
5708,GRC,ECCS,1991,2026-04-01,synthetic revision
5709,GRL,ECCS,1991,2026-04-01,synthetic revision
5710,GRD,ECCS,1991,2026-04-01,synthetic revision
5711,GLP,ECCS,1991,2026-04-01,synthetic revision
5712,GTM,ECCS,1991,2026-04-01,synthetic revision
5713,GUF,ECCS,1991,2026-04-01,synthetic revision
5714,GIN,ECCS,1991,2026-04-01,synthetic revision
5715,GNB,ECCS,1991,2026-04-01,synthetic revision
5716,GUY,ECCS,1991,2026-04-01,synthetic revision
5717,HTI,ECCS,1991,2026-04-01,synthetic revision
5718,VAT,ECCS,1991,2026-04-01,synthetic revision
5719,HND,ECCS,1991,2026-04-01,synthetic revision
5720,HUN,ECCS,1991,2026-04-01,synthetic revision
5721,ISL,ECCS,1991,2026-04-01,synthetic revision
5722,IND,ECCS,1991,2026-04-01,synthetic revision
5723,IDN,ECCS,1991,2026-04-01,synthetic revision
5724,IRN,ECCS,1991,2026-04-01,synthetic revision
5725,IRQ,ECCS,1991,2026-04-01,synthetic revision
5726,IRL,ECCS,1991,2026-04-01,synthetic revision
5727,IMN,ECCS,1991,2026-04-01,synthetic revision
5728,ISR,ECCS,1991,2026-04-01,synthetic revision
5729,ITA,ECCS,1991,2026-04-01,synthetic revision
5730,JAM,ECCS,1991,2026-04-01,synthetic revision
5731,JPN,ECCS,1991,2026-04-01,synthetic revision
5732,JOR,ECCS,1991,2026-04-01,synthetic revision
5733,KEN,ECCS,1991,2026-04-01,synthetic revision
5734,KIR,ECCS,1991,2026-04-01,synthetic revision
5735,PRK,ECCS,1991,2026-04-01,synthetic revision
5736,KOR,ECCS,1991,2026-04-01,synthetic revision
5737,KWT,ECCS,1991,2026-04-01,synthetic revision
5738,LAO,ECCS,1991,2026-04-01,synthetic revision
5739,LBN,ECCS,1991,2026-04-01,synthetic revision
5740,LSO,ECCS,1991,2026-04-01,synthetic revision
5741,LBR,ECCS,1991,2026-04-01,synthetic revision
5742,LBY,ECCS,1991,2026-04-01,synthetic revision
5743,LIE,ECCS,1991,2026-04-01,synthetic revision
5744,MDG,ECCS,1991,2026-04-01,synthetic revision
5745,MWI,ECCS,1991,2026-04-01,synthetic revision
5746,MYS,ECCS,1991,2026-04-01,synthetic revision
5747,MDV,ECCS,1991,2026-04-01,synthetic revision
5748,MLI,ECCS,1991,2026-04-01,synthetic revision
5749,MLT,ECCS,1991,2026-04-01,synthetic revision
5750,MHL,ECCS,1991,2026-04-01,synthetic revision
5751,MTQ,ECCS,1991,2026-04-01,synthetic revision
5752,MRT,ECCS,1991,2026-04-01,synthetic revision
5753,MUS,ECCS,1991,2026-04-01,synthetic revision
5754,MYT,ECCS,1991,2026-04-01,synthetic revision
5755,MEX,ECCS,1991,2026-04-01,synthetic revision
5756,FSM,ECCS,1991,2026-04-01,synthetic revision
5757,MCO,ECCS,1991,2026-04-01,synthetic revision
5758,MNG,ECCS,1991,2026-04-01,synthetic revision
5759,MSR,ECCS,1991,2026-04-01,synthetic revision
5760,MAR,ECCS,1991,2026-04-01,synthetic revision
5761,MOZ,ECCS,1991,2026-04-01,synthetic revision
5762,MMR,ECCS,1991,2026-04-01,synthetic revision
5763,NRU,ECCS,1991,2026-04-01,synthetic revision
5764,NPL,ECCS,1991,2026-04-01,synthetic revision
5765,NLD,ECCS,1991,2026-04-01,synthetic revision
5766,NCL,ECCS,1991,2026-04-01,synthetic revision
5767,NZL,ECCS,1991,2026-04-01,synthetic revision
5768,NIC,ECCS,1991,2026-04-01,synthetic revision
5769,NER,ECCS,1991,2026-04-01,synthetic revision
5770,NGA,ECCS,1991,2026-04-01,synthetic revision
5771,NIU,ECCS,1991,2026-04-01,synthetic revision
5772,NFK,ECCS,1991,2026-04-01,synthetic revision
5773,NOR,ECCS,1991,2026-04-01,synthetic revision
5774,OMN,ECCS,1991,2026-04-01,synthetic revision
5775,PAK,ECCS,1991,2026-04-01,synthetic revision
5776,PAN,ECCS,1991,2026-04-01,synthetic revision
5777,PNG,ECCS,1991,2026-04-01,synthetic revision
5778,PRY,ECCS,1991,2026-04-01,synthetic revision
5779,PER,ECCS,1991,2026-04-01,synthetic revision
5780,PHL,ECCS,1991,2026-04-01,synthetic revision
5781,PCN,ECCS,1991,2026-04-01,synthetic revision
5782,POL,ECCS,1991,2026-04-01,synthetic revision
5783,PRT,ECCS,1991,2026-04-01,synthetic revision
5784,PRI,ECCS,1991,2026-04-01,synthetic revision
5785,QAT,ECCS,1991,2026-04-01,synthetic revision
5786,ROU,ECCS,1991,2026-04-01,synthetic revision
5787,RWA,ECCS,1991,2026-04-01,synthetic revision
5788,SPM,ECCS,1991,2026-04-01,synthetic revision
5789,WSM,ECCS,1991,2026-04-01,synthetic revision
5790,SMR,ECCS,1991,2026-04-01,synthetic revision
5791,SAU,ECCS,1991,2026-04-01,synthetic revision
5792,SEN,ECCS,1991,2026-04-01,synthetic revision
5793,SYC,ECCS,1991,2026-04-01,synthetic revision
5794,SLE,ECCS,1991,2026-04-01,synthetic revision
5795,SGP,ECCS,1991,2026-04-01,synthetic revision
5796,SLB,ECCS,1991,2026-04-01,synthetic revision
5797,SOM,ECCS,1991,2026-04-01,synthetic revision
5798,ZAF,ECCS,1991,2026-04-01,synthetic revision
5799,ESP,ECCS,1991,2026-04-01,synthetic revision
5800,LKA,ECCS,1991,2026-04-01,synthetic revision
5801,KNA,ECCS,1991,2026-04-01,synthetic revision
5802,LCA,ECCS,1991,2026-04-01,synthetic revision
5803,VCT,ECCS,1991,2026-04-01,synthetic revision
5804,SUR,ECCS,1991,2026-04-01,synthetic revision
5805,SJM,ECCS,1991,2026-04-01,synthetic revision
5806,SWE,ECCS,1991,2026-04-01,synthetic revision
5807,CHE,ECCS,1991,2026-04-01,synthetic revision
5808,SYR,ECCS,1991,2026-04-01,synthetic revision
5809,TWN,ECCS,1991,2026-04-01,synthetic revision
5810,TZA,ECCS,1991,2026-04-01,synthetic revision
5811,THA,ECCS,1991,2026-04-01,synthetic revision
5812,TGO,ECCS,1991,2026-04-01,synthetic revision
5813,TKL,ECCS,1991,2026-04-01,synthetic revision
5814,TON,ECCS,1991,2026-04-01,synthetic revision
5815,TTO,ECCS,1991,2026-04-01,synthetic revision
5816,TUN,ECCS,1991,2026-04-01,synthetic revision
5817,TUV,ECCS,1991,2026-04-01,synthetic revision
5818,UGA,ECCS,1991,2026-04-01,synthetic revision
5819,ARE,ECCS,1991,2026-04-01,synthetic revision
5820,GBR,ECCS,1991,2026-04-01,synthetic revision
5821,USA,ECCS,1991,2026-04-01,synthetic revision
5822,VIR,ECCS,1991,2026-04-01,synthetic revision
5823,URY,ECCS,1991,2026-04-01,synthetic revision
5824,VUT,ECCS,1991,2026-04-01,synthetic revision
5825,VEN,ECCS,1991,2026-04-01,synthetic revision
5826,VNM,ECCS,1991,2026-04-01,synthetic revision
5827,WLF,ECCS,1991,2026-04-01,synthetic revision
5828,PSE,ECCS,1991,2026-04-01,synthetic revision
5829,ESH,ECCS,1991,2026-04-01,synthetic revision
5830,ZMB,ECCS,1991,2026-04-01,synthetic revision
5831,ZWE,ECCS,1991,2026-04-01,synthetic revision
5832,AFG,ECCS,1992,2026-04-01,synthetic revision
5833,ALB,ECCS,1992,2026-04-01,synthetic revision
5834,DZA,ECCS,1992,2026-04-01,synthetic revision
5835,ASM,ECCS,1992,2026-04-01,synthetic revision
5836,AND,ECCS,1992,2026-04-01,synthetic revision
5837,AGO,ECCS,1992,2026-04-01,synthetic revision
5838,AIA,ECCS,1992,2026-04-01,synthetic revision
5839,ATG,ECCS,1992,2026-04-01,synthetic revision
5840,ARG,ECCS,1992,2026-04-01,synthetic revision
5841,ARM,ECCS,1992,2026-04-01,synthetic revision
5842,ABW,ECCS,1992,2026-04-01,synthetic revision
5843,AUS,ECCS,1992,2026-04-01,synthetic revision
5844,AUT,ECCS,1992,2026-04-01,synthetic revision
5845,AZE,ECCS,1992,2026-04-01,synthetic revision
5846,BHS,ECCS,1992,2026-04-01,synthetic revision
5847,BHR,ECCS,1992,2026-04-01,synthetic revision
5848,BGD,ECCS,1992,2026-04-01,synthetic revision
5849,BRB,ECCS,1992,2026-04-01,synthetic revision
5850,BLR,ECCS,1992,2026-04-01,synthetic revision
5851,BLZ,ECCS,1992,2026-04-01,synthetic revision
5852,BEN,ECCS,1992,2026-04-01,synthetic revision
5853,BTN,ECCS,1992,2026-04-01,synthetic revision
5854,BOL,ECCS,1992,2026-04-01,synthetic revision
5855,BIH,ECCS,1992,2026-04-01,synthetic revision
5856,BWA,ECCS,1992,2026-04-01,synthetic revision
5857,BRA,ECCS,1992,2026-04-01,synthetic revision
5858,VGB,ECCS,1992,2026-04-01,synthetic revision
5859,BRN,ECCS,1992,2026-04-01,synthetic revision
5860,BGR,ECCS,1992,2026-04-01,synthetic revision
5861,BFA,ECCS,1992,2026-04-01,synthetic revision
5862,BDI,ECCS,1992,2026-04-01,synthetic revision
5863,CPV,ECCS,1992,2026-04-01,synthetic revision
5864,KHM,ECCS,1992,2026-04-01,synthetic revision
5865,CMR,ECCS,1992,2026-04-01,synthetic revision
5866,CAN,ECCS,1992,2026-04-01,synthetic revision
5867,CYM,ECCS,1992,2026-04-01,synthetic revision
5868,CAF,ECCS,1992,2026-04-01,synthetic revision
5869,TCD,ECCS,1992,2026-04-01,synthetic revision
5870,CHL,ECCS,1992,2026-04-01,synthetic revision
5871,HKG,ECCS,1992,2026-04-01,synthetic revision
5872,MAC,ECCS,1992,2026-04-01,synthetic revision
5873,CHN,ECCS,1992,2026-04-01,synthetic revision
5874,COL,ECCS,1992,2026-04-01,synthetic revision
5875,COM,ECCS,1992,2026-04-01,synthetic revision
5876,COD,ECCS,1992,2026-04-01,synthetic revision
5877,COG,ECCS,1992,2026-04-01,synthetic revision
5878,COK,ECCS,1992,2026-04-01,synthetic revision
5879,CRI,ECCS,1992,2026-04-01,synthetic revision
5880,HRV,ECCS,1992,2026-04-01,synthetic revision
5881,CUB,ECCS,1992,2026-04-01,synthetic revision
5882,CYP,ECCS,1992,2026-04-01,synthetic revision
5883,DNK,ECCS,1992,2026-04-01,synthetic revision
5884,DJI,ECCS,1992,2026-04-01,synthetic revision
5885,DMA,ECCS,1992,2026-04-01,synthetic revision
5886,DOM,ECCS,1992,2026-04-01,synthetic revision
5887,ECU,ECCS,1992,2026-04-01,synthetic revision
5888,EGY,ECCS,1992,2026-04-01,synthetic revision
5889,SLV,ECCS,1992,2026-04-01,synthetic revision
5890,GNQ,ECCS,1992,2026-04-01,synthetic revision
5891,EST,ECCS,1992,2026-04-01,synthetic revision
5892,SWZ,ECCS,1992,2026-04-01,synthetic revision
5893,FRO,ECCS,1992,2026-04-01,synthetic revision
5894,FJI,ECCS,1992,2026-04-01,synthetic revision
5895,FIN,ECCS,1992,2026-04-01,synthetic revision
5896,FRA,ECCS,1992,2026-04-01,synthetic revision
5897,PYF,ECCS,1992,2026-04-01,synthetic revision
5898,GAB,ECCS,1992,2026-04-01,synthetic revision
5899,GMB,ECCS,1992,2026-04-01,synthetic revision
5900,GEO,ECCS,1992,2026-04-01,synthetic revision
5901,DEU,ECCS,1992,2026-04-01,synthetic revision
5902,GHA,ECCS,1992,2026-04-01,synthetic revision
5903,GIB,ECCS,1992,2026-04-01,synthetic revision
5904,GRC,ECCS,1992,2026-04-01,synthetic revision
5905,GRL,ECCS,1992,2026-04-01,synthetic revision
5906,GRD,ECCS,1992,2026-04-01,synthetic revision
5907,GLP,ECCS,1992,2026-04-01,synthetic revision
5908,GTM,ECCS,1992,2026-04-01,synthetic revision
5909,GUF,ECCS,1992,2026-04-01,synthetic revision
5910,GIN,ECCS,1992,2026-04-01,synthetic revision
5911,GNB,ECCS,1992,2026-04-01,synthetic revision
5912,GUY,ECCS,1992,2026-04-01,synthetic revision
5913,HTI,ECCS,1992,2026-04-01,synthetic revision
5914,VAT,ECCS,1992,2026-04-01,synthetic revision
5915,HND,ECCS,1992,2026-04-01,synthetic revision
5916,HUN,ECCS,1992,2026-04-01,synthetic revision
5917,ISL,ECCS,1992,2026-04-01,synthetic revision
5918,IND,ECCS,1992,2026-04-01,synthetic revision
5919,IDN,ECCS,1992,2026-04-01,synthetic revision
5920,IRN,ECCS,1992,2026-04-01,synthetic revision
5921,IRQ,ECCS,1992,2026-04-01,synthetic revision
5922,IRL,ECCS,1992,2026-04-01,synthetic revision
5923,IMN,ECCS,1992,2026-04-01,synthetic revision
5924,ISR,ECCS,1992,2026-04-01,synthetic revision
5925,ITA,ECCS,1992,2026-04-01,synthetic revision
5926,JAM,ECCS,1992,2026-04-01,synthetic revision
5927,JPN,ECCS,1992,2026-04-01,synthetic revision
5928,JOR,ECCS,1992,2026-04-01,synthetic revision
5929,KAZ,ECCS,1992,2026-04-01,synthetic revision
5930,KEN,ECCS,1992,2026-04-01,synthetic revision
5931,KIR,ECCS,1992,2026-04-01,synthetic revision
5932,PRK,ECCS,1992,2026-04-01,synthetic revision
5933,KOR,ECCS,1992,2026-04-01,synthetic revision
5934,KWT,ECCS,1992,2026-04-01,synthetic revision
5935,KGZ,ECCS,1992,2026-04-01,synthetic revision
5936,LAO,ECCS,1992,2026-04-01,synthetic revision
5937,LVA,ECCS,1992,2026-04-01,synthetic revision
5938,LBN,ECCS,1992,2026-04-01,synthetic revision
5939,LSO,ECCS,1992,2026-04-01,synthetic revision
5940,LBR,ECCS,1992,2026-04-01,synthetic revision
5941,LBY,ECCS,1992,2026-04-01,synthetic revision
5942,LIE,ECCS,1992,2026-04-01,synthetic revision
5943,LTU,ECCS,1992,2026-04-01,synthetic revision
5944,MDG,ECCS,1992,2026-04-01,synthetic revision
5945,MWI,ECCS,1992,2026-04-01,synthetic revision
5946,MYS,ECCS,1992,2026-04-01,synthetic revision
5947,MDV,ECCS,1992,2026-04-01,synthetic revision
5948,MLI,ECCS,1992,2026-04-01,synthetic revision
5949,MLT,ECCS,1992,2026-04-01,synthetic revision
5950,MHL,ECCS,1992,2026-04-01,synthetic revision
5951,MTQ,ECCS,1992,2026-04-01,synthetic revision
5952,MRT,ECCS,1992,2026-04-01,synthetic revision
5953,MUS,ECCS,1992,2026-04-01,synthetic revision
5954,MYT,ECCS,1992,2026-04-01,synthetic revision
5955,MEX,ECCS,1992,2026-04-01,synthetic revision
5956,FSM,ECCS,1992,2026-04-01,synthetic revision
5957,MDA,ECCS,1992,2026-04-01,synthetic revision
5958,MCO,ECCS,1992,2026-04-01,synthetic revision
5959,MNG,ECCS,1992,2026-04-01,synthetic revision
5960,MSR,ECCS,1992,2026-04-01,synthetic revision
5961,MAR,ECCS,1992,2026-04-01,synthetic revision
5962,MOZ,ECCS,1992,2026-04-01,synthetic revision
5963,MMR,ECCS,1992,2026-04-01,synthetic revision
5964,NRU,ECCS,1992,2026-04-01,synthetic revision
5965,NPL,ECCS,1992,2026-04-01,synthetic revision
5966,NLD,ECCS,1992,2026-04-01,synthetic revision
5967,NCL,ECCS,1992,2026-04-01,synthetic revision
5968,NZL,ECCS,1992,2026-04-01,synthetic revision
5969,NIC,ECCS,1992,2026-04-01,synthetic revision
5970,NER,ECCS,1992,2026-04-01,synthetic revision
5971,NGA,ECCS,1992,2026-04-01,synthetic revision
5972,NIU,ECCS,1992,2026-04-01,synthetic revision
5973,NFK,ECCS,1992,2026-04-01,synthetic revision
5974,MKD,ECCS,1992,2026-04-01,synthetic revision
5975,NOR,ECCS,1992,2026-04-01,synthetic revision
5976,OMN,ECCS,1992,2026-04-01,synthetic revision
5977,PAK,ECCS,1992,2026-04-01,synthetic revision
5978,PLW,ECCS,1992,2026-04-01,synthetic revision
5979,PAN,ECCS,1992,2026-04-01,synthetic revision
5980,PNG,ECCS,1992,2026-04-01,synthetic revision
5981,PRY,ECCS,1992,2026-04-01,synthetic revision
5982,PER,ECCS,1992,2026-04-01,synthetic revision
5983,PHL,ECCS,1992,2026-04-01,synthetic revision
5984,PCN,ECCS,1992,2026-04-01,synthetic revision
5985,POL,ECCS,1992,2026-04-01,synthetic revision
5986,PRT,ECCS,1992,2026-04-01,synthetic revision
5987,PRI,ECCS,1992,2026-04-01,synthetic revision
5988,QAT,ECCS,1992,2026-04-01,synthetic revision
5989,ROU,ECCS,1992,2026-04-01,synthetic revision
5990,RUS,ECCS,1992,2026-04-01,synthetic revision
5991,RWA,ECCS,1992,2026-04-01,synthetic revision
5992,SPM,ECCS,1992,2026-04-01,synthetic revision
5993,WSM,ECCS,1992,2026-04-01,synthetic revision
5994,SMR,ECCS,1992,2026-04-01,synthetic revision
5995,STP,ECCS,1992,2026-04-01,synthetic revision
5996,SAU,ECCS,1992,2026-04-01,synthetic revision
5997,SEN,ECCS,1992,2026-04-01,synthetic revision
5998,SYC,ECCS,1992,2026-04-01,synthetic revision
5999,SLE,ECCS,1992,2026-04-01,synthetic revision
6000,SGP,ECCS,1992,2026-04-01,synthetic revision
6001,SVN,ECCS,1992,2026-04-01,synthetic revision
6002,SLB,ECCS,1992,2026-04-01,synthetic revision
6003,SOM,ECCS,1992,2026-04-01,synthetic revision
6004,ZAF,ECCS,1992,2026-04-01,synthetic revision
6005,ESP,ECCS,1992,2026-04-01,synthetic revision
6006,LKA,ECCS,1992,2026-04-01,synthetic revision
6007,KNA,ECCS,1992,2026-04-01,synthetic revision
6008,LCA,ECCS,1992,2026-04-01,synthetic revision
6009,VCT,ECCS,1992,2026-04-01,synthetic revision
6010,SUR,ECCS,1992,2026-04-01,synthetic revision
6011,SJM,ECCS,1992,2026-04-01,synthetic revision
6012,SWE,ECCS,1992,2026-04-01,synthetic revision
6013,CHE,ECCS,1992,2026-04-01,synthetic revision
6014,SYR,ECCS,1992,2026-04-01,synthetic revision
6015,TWN,ECCS,1992,2026-04-01,synthetic revision
6016,TJK,ECCS,1992,2026-04-01,synthetic revision
6017,TZA,ECCS,1992,2026-04-01,synthetic revision
6018,THA,ECCS,1992,2026-04-01,synthetic revision
6019,TGO,ECCS,1992,2026-04-01,synthetic revision
6020,TON,ECCS,1992,2026-04-01,synthetic revision
6021,TTO,ECCS,1992,2026-04-01,synthetic revision
6022,TUN,ECCS,1992,2026-04-01,synthetic revision
6023,TKM,ECCS,1992,2026-04-01,synthetic revision
6024,TUV,ECCS,1992,2026-04-01,synthetic revision
6025,UGA,ECCS,1992,2026-04-01,synthetic revision
6026,UKR,ECCS,1992,2026-04-01,synthetic revision
6027,ARE,ECCS,1992,2026-04-01,synthetic revision
6028,GBR,ECCS,1992,2026-04-01,synthetic revision
6029,USA,ECCS,1992,2026-04-01,synthetic revision
6030,VIR,ECCS,1992,2026-04-01,synthetic revision
6031,URY,ECCS,1992,2026-04-01,synthetic revision
6032,UZB,ECCS,1992,2026-04-01,synthetic revision
6033,VUT,ECCS,1992,2026-04-01,synthetic revision
6034,VEN,ECCS,1992,2026-04-01,synthetic revision
6035,VNM,ECCS,1992,2026-04-01,synthetic revision
6036,WLF,ECCS,1992,2026-04-01,synthetic revision
6037,PSE,ECCS,1992,2026-04-01,synthetic revision
6038,ESH,ECCS,1992,2026-04-01,synthetic revision
6039,ZMB,ECCS,1992,2026-04-01,synthetic revision
6040,ZWE,ECCS,1992,2026-04-01,synthetic revision
6041,AFG,ECCS,1993,2026-04-01,synthetic revision
6042,ALB,ECCS,1993,2026-04-01,synthetic revision
6043,DZA,ECCS,1993,2026-04-01,synthetic revision
6044,ASM,ECCS,1993,2026-04-01,synthetic revision
6045,AND,ECCS,1993,2026-04-01,synthetic revision
6046,AGO,ECCS,1993,2026-04-01,synthetic revision
6047,AIA,ECCS,1993,2026-04-01,synthetic revision
6048,ATG,ECCS,1993,2026-04-01,synthetic revision
6049,ARG,ECCS,1993,2026-04-01,synthetic revision
6050,ARM,ECCS,1993,2026-04-01,synthetic revision
6051,AUS,ECCS,1993,2026-04-01,synthetic revision
6052,AUT,ECCS,1993,2026-04-01,synthetic revision
6053,AZE,ECCS,1993,2026-04-01,synthetic revision
6054,BHS,ECCS,1993,2026-04-01,synthetic revision
6055,BHR,ECCS,1993,2026-04-01,synthetic revision
6056,BGD,ECCS,1993,2026-04-01,synthetic revision
6057,BRB,ECCS,1993,2026-04-01,synthetic revision
6058,BLR,ECCS,1993,2026-04-01,synthetic revision
6059,BLZ,ECCS,1993,2026-04-01,synthetic revision
6060,BEN,ECCS,1993,2026-04-01,synthetic revision
6061,BTN,ECCS,1993,2026-04-01,synthetic revision
6062,BOL,ECCS,1993,2026-04-01,synthetic revision
6063,BIH,ECCS,1993,2026-04-01,synthetic revision
6064,BWA,ECCS,1993,2026-04-01,synthetic revision
6065,BRA,ECCS,1993,2026-04-01,synthetic revision
6066,VGB,ECCS,1993,2026-04-01,synthetic revision
6067,BRN,ECCS,1993,2026-04-01,synthetic revision
6068,BGR,ECCS,1993,2026-04-01,synthetic revision
6069,BFA,ECCS,1993,2026-04-01,synthetic revision
6070,CPV,ECCS,1993,2026-04-01,synthetic revision
6071,KHM,ECCS,1993,2026-04-01,synthetic revision
6072,CMR,ECCS,1993,2026-04-01,synthetic revision
6073,CAN,ECCS,1993,2026-04-01,synthetic revision
6074,CYM,ECCS,1993,2026-04-01,synthetic revision
6075,CAF,ECCS,1993,2026-04-01,synthetic revision
6076,TCD,ECCS,1993,2026-04-01,synthetic revision
6077,CHL,ECCS,1993,2026-04-01,synthetic revision
6078,HKG,ECCS,1993,2026-04-01,synthetic revision
6079,MAC,ECCS,1993,2026-04-01,synthetic revision
6080,CHN,ECCS,1993,2026-04-01,synthetic revision
6081,COL,ECCS,1993,2026-04-01,synthetic revision
6082,COM,ECCS,1993,2026-04-01,synthetic revision
6083,COD,ECCS,1993,2026-04-01,synthetic revision
6084,COG,ECCS,1993,2026-04-01,synthetic revision
6085,COK,ECCS,1993,2026-04-01,synthetic revision
6086,CRI,ECCS,1993,2026-04-01,synthetic revision
6087,HRV,ECCS,1993,2026-04-01,synthetic revision
6088,CUB,ECCS,1993,2026-04-01,synthetic revision
6089,CYP,ECCS,1993,2026-04-01,synthetic revision
6090,CZE,ECCS,1993,2026-04-01,synthetic revision
6091,DNK,ECCS,1993,2026-04-01,synthetic revision
6092,DJI,ECCS,1993,2026-04-01,synthetic revision
6093,DMA,ECCS,1993,2026-04-01,synthetic revision
6094,DOM,ECCS,1993,2026-04-01,synthetic revision
6095,ECU,ECCS,1993,2026-04-01,synthetic revision
6096,EGY,ECCS,1993,2026-04-01,synthetic revision
6097,SLV,ECCS,1993,2026-04-01,synthetic revision
6098,GNQ,ECCS,1993,2026-04-01,synthetic revision
6099,EST,ECCS,1993,2026-04-01,synthetic revision
6100,SWZ,ECCS,1993,2026-04-01,synthetic revision
6101,ETH,ECCS,1993,2026-04-01,synthetic revision
6102,FRO,ECCS,1993,2026-04-01,synthetic revision
6103,FJI,ECCS,1993,2026-04-01,synthetic revision
6104,FIN,ECCS,1993,2026-04-01,synthetic revision
6105,FRA,ECCS,1993,2026-04-01,synthetic revision
6106,PYF,ECCS,1993,2026-04-01,synthetic revision
6107,GAB,ECCS,1993,2026-04-01,synthetic revision
6108,GMB,ECCS,1993,2026-04-01,synthetic revision
6109,GEO,ECCS,1993,2026-04-01,synthetic revision
6110,DEU,ECCS,1993,2026-04-01,synthetic revision
6111,GHA,ECCS,1993,2026-04-01,synthetic revision
6112,GIB,ECCS,1993,2026-04-01,synthetic revision
6113,GRC,ECCS,1993,2026-04-01,synthetic revision
6114,GRL,ECCS,1993,2026-04-01,synthetic revision
6115,GRD,ECCS,1993,2026-04-01,synthetic revision
6116,GLP,ECCS,1993,2026-04-01,synthetic revision
6117,GTM,ECCS,1993,2026-04-01,synthetic revision
6118,GUF,ECCS,1993,2026-04-01,synthetic revision
6119,GIN,ECCS,1993,2026-04-01,synthetic revision
6120,GNB,ECCS,1993,2026-04-01,synthetic revision
6121,GUY,ECCS,1993,2026-04-01,synthetic revision
6122,HTI,ECCS,1993,2026-04-01,synthetic revision
6123,VAT,ECCS,1993,2026-04-01,synthetic revision
6124,HND,ECCS,1993,2026-04-01,synthetic revision
6125,HUN,ECCS,1993,2026-04-01,synthetic revision
6126,ISL,ECCS,1993,2026-04-01,synthetic revision
6127,IND,ECCS,1993,2026-04-01,synthetic revision
6128,IDN,ECCS,1993,2026-04-01,synthetic revision
6129,IRN,ECCS,1993,2026-04-01,synthetic revision
6130,IRQ,ECCS,1993,2026-04-01,synthetic revision
6131,IRL,ECCS,1993,2026-04-01,synthetic revision
6132,IMN,ECCS,1993,2026-04-01,synthetic revision
6133,ISR,ECCS,1993,2026-04-01,synthetic revision
6134,ITA,ECCS,1993,2026-04-01,synthetic revision
6135,JAM,ECCS,1993,2026-04-01,synthetic revision
6136,JPN,ECCS,1993,2026-04-01,synthetic revision
6137,JOR,ECCS,1993,2026-04-01,synthetic revision
6138,KAZ,ECCS,1993,2026-04-01,synthetic revision
6139,KEN,ECCS,1993,2026-04-01,synthetic revision
6140,KIR,ECCS,1993,2026-04-01,synthetic revision
6141,PRK,ECCS,1993,2026-04-01,synthetic revision
6142,KOR,ECCS,1993,2026-04-01,synthetic revision
6143,KWT,ECCS,1993,2026-04-01,synthetic revision
6144,KGZ,ECCS,1993,2026-04-01,synthetic revision
6145,LAO,ECCS,1993,2026-04-01,synthetic revision
6146,LVA,ECCS,1993,2026-04-01,synthetic revision
6147,LBN,ECCS,1993,2026-04-01,synthetic revision
6148,LSO,ECCS,1993,2026-04-01,synthetic revision
6149,LBR,ECCS,1993,2026-04-01,synthetic revision
6150,LBY,ECCS,1993,2026-04-01,synthetic revision
6151,LIE,ECCS,1993,2026-04-01,synthetic revision
6152,LTU,ECCS,1993,2026-04-01,synthetic revision
6153,MDG,ECCS,1993,2026-04-01,synthetic revision
6154,MWI,ECCS,1993,2026-04-01,synthetic revision
6155,MYS,ECCS,1993,2026-04-01,synthetic revision
6156,MDV,ECCS,1993,2026-04-01,synthetic revision
6157,MLI,ECCS,1993,2026-04-01,synthetic revision
6158,MLT,ECCS,1993,2026-04-01,synthetic revision
6159,MHL,ECCS,1993,2026-04-01,synthetic revision
6160,MTQ,ECCS,1993,2026-04-01,synthetic revision
6161,MRT,ECCS,1993,2026-04-01,synthetic revision
6162,MUS,ECCS,1993,2026-04-01,synthetic revision
6163,MYT,ECCS,1993,2026-04-01,synthetic revision
6164,MEX,ECCS,1993,2026-04-01,synthetic revision
6165,FSM,ECCS,1993,2026-04-01,synthetic revision
6166,MDA,ECCS,1993,2026-04-01,synthetic revision
6167,MCO,ECCS,1993,2026-04-01,synthetic revision
6168,MNG,ECCS,1993,2026-04-01,synthetic revision
6169,MSR,ECCS,1993,2026-04-01,synthetic revision
6170,MAR,ECCS,1993,2026-04-01,synthetic revision
6171,MOZ,ECCS,1993,2026-04-01,synthetic revision
6172,MMR,ECCS,1993,2026-04-01,synthetic revision
6173,NPL,ECCS,1993,2026-04-01,synthetic revision
6174,NLD,ECCS,1993,2026-04-01,synthetic revision
6175,NCL,ECCS,1993,2026-04-01,synthetic revision
6176,NZL,ECCS,1993,2026-04-01,synthetic revision
6177,NIC,ECCS,1993,2026-04-01,synthetic revision
6178,NER,ECCS,1993,2026-04-01,synthetic revision
6179,NGA,ECCS,1993,2026-04-01,synthetic revision
6180,NFK,ECCS,1993,2026-04-01,synthetic revision
6181,MKD,ECCS,1993,2026-04-01,synthetic revision
6182,NOR,ECCS,1993,2026-04-01,synthetic revision
6183,OMN,ECCS,1993,2026-04-01,synthetic revision
6184,PAK,ECCS,1993,2026-04-01,synthetic revision
6185,PLW,ECCS,1993,2026-04-01,synthetic revision
6186,PAN,ECCS,1993,2026-04-01,synthetic revision
6187,PNG,ECCS,1993,2026-04-01,synthetic revision
6188,PRY,ECCS,1993,2026-04-01,synthetic revision
6189,PER,ECCS,1993,2026-04-01,synthetic revision
6190,PHL,ECCS,1993,2026-04-01,synthetic revision
6191,PCN,ECCS,1993,2026-04-01,synthetic revision
6192,POL,ECCS,1993,2026-04-01,synthetic revision
6193,PRT,ECCS,1993,2026-04-01,synthetic revision
6194,PRI,ECCS,1993,2026-04-01,synthetic revision
6195,QAT,ECCS,1993,2026-04-01,synthetic revision
6196,ROU,ECCS,1993,2026-04-01,synthetic revision
6197,RUS,ECCS,1993,2026-04-01,synthetic revision
6198,SPM,ECCS,1993,2026-04-01,synthetic revision
6199,WSM,ECCS,1993,2026-04-01,synthetic revision
6200,SMR,ECCS,1993,2026-04-01,synthetic revision
6201,STP,ECCS,1993,2026-04-01,synthetic revision
6202,SAU,ECCS,1993,2026-04-01,synthetic revision
6203,SEN,ECCS,1993,2026-04-01,synthetic revision
6204,SYC,ECCS,1993,2026-04-01,synthetic revision
6205,SLE,ECCS,1993,2026-04-01,synthetic revision
6206,SGP,ECCS,1993,2026-04-01,synthetic revision
6207,SVK,ECCS,1993,2026-04-01,synthetic revision
6208,SVN,ECCS,1993,2026-04-01,synthetic revision
6209,SLB,ECCS,1993,2026-04-01,synthetic revision
6210,SOM,ECCS,1993,2026-04-01,synthetic revision
6211,ZAF,ECCS,1993,2026-04-01,synthetic revision
6212,ESP,ECCS,1993,2026-04-01,synthetic revision
6213,LKA,ECCS,1993,2026-04-01,synthetic revision
6214,KNA,ECCS,1993,2026-04-01,synthetic revision
6215,LCA,ECCS,1993,2026-04-01,synthetic revision
6216,VCT,ECCS,1993,2026-04-01,synthetic revision
6217,SUR,ECCS,1993,2026-04-01,synthetic revision
6218,SJM,ECCS,1993,2026-04-01,synthetic revision
6219,SWE,ECCS,1993,2026-04-01,synthetic revision
6220,CHE,ECCS,1993,2026-04-01,synthetic revision
6221,SYR,ECCS,1993,2026-04-01,synthetic revision
6222,TWN,ECCS,1993,2026-04-01,synthetic revision
6223,TJK,ECCS,1993,2026-04-01,synthetic revision
6224,TZA,ECCS,1993,2026-04-01,synthetic revision
6225,THA,ECCS,1993,2026-04-01,synthetic revision
6226,TLS,ECCS,1993,2026-04-01,synthetic revision
6227,TGO,ECCS,1993,2026-04-01,synthetic revision
6228,TON,ECCS,1993,2026-04-01,synthetic revision
6229,TTO,ECCS,1993,2026-04-01,synthetic revision
6230,TUN,ECCS,1993,2026-04-01,synthetic revision
6231,TKM,ECCS,1993,2026-04-01,synthetic revision
6232,TUV,ECCS,1993,2026-04-01,synthetic revision
6233,UGA,ECCS,1993,2026-04-01,synthetic revision
6234,UKR,ECCS,1993,2026-04-01,synthetic revision
6235,ARE,ECCS,1993,2026-04-01,synthetic revision
6236,GBR,ECCS,1993,2026-04-01,synthetic revision
6237,USA,ECCS,1993,2026-04-01,synthetic revision
6238,VIR,ECCS,1993,2026-04-01,synthetic revision
6239,URY,ECCS,1993,2026-04-01,synthetic revision
6240,UZB,ECCS,1993,2026-04-01,synthetic revision
6241,VUT,ECCS,1993,2026-04-01,synthetic revision
6242,VEN,ECCS,1993,2026-04-01,synthetic revision
6243,VNM,ECCS,1993,2026-04-01,synthetic revision
6244,WLF,ECCS,1993,2026-04-01,synthetic revision
6245,PSE,ECCS,1993,2026-04-01,synthetic revision
6246,ESH,ECCS,1993,2026-04-01,synthetic revision
6247,ZMB,ECCS,1993,2026-04-01,synthetic revision
6248,ZWE,ECCS,1993,2026-04-01,synthetic revision
6249,AFG,ECCS,1994,2026-04-01,synthetic revision
6250,ALB,ECCS,1994,2026-04-01,synthetic revision
6251,DZA,ECCS,1994,2026-04-01,synthetic revision
6252,ASM,ECCS,1994,2026-04-01,synthetic revision
6253,AND,ECCS,1994,2026-04-01,synthetic revision
6254,AGO,ECCS,1994,2026-04-01,synthetic revision
6255,AIA,ECCS,1994,2026-04-01,synthetic revision
6256,ATG,ECCS,1994,2026-04-01,synthetic revision
6257,ARG,ECCS,1994,2026-04-01,synthetic revision
6258,ARM,ECCS,1994,2026-04-01,synthetic revision
6259,ABW,ECCS,1994,2026-04-01,synthetic revision
6260,AUS,ECCS,1994,2026-04-01,synthetic revision
6261,AUT,ECCS,1994,2026-04-01,synthetic revision
6262,AZE,ECCS,1994,2026-04-01,synthetic revision
6263,BHS,ECCS,1994,2026-04-01,synthetic revision
6264,BHR,ECCS,1994,2026-04-01,synthetic revision
6265,BGD,ECCS,1994,2026-04-01,synthetic revision
6266,BRB,ECCS,1994,2026-04-01,synthetic revision
6267,BLR,ECCS,1994,2026-04-01,synthetic revision
6268,BLZ,ECCS,1994,2026-04-01,synthetic revision
6269,BEN,ECCS,1994,2026-04-01,synthetic revision
6270,BTN,ECCS,1994,2026-04-01,synthetic revision
6271,BOL,ECCS,1994,2026-04-01,synthetic revision
6272,BIH,ECCS,1994,2026-04-01,synthetic revision
6273,BWA,ECCS,1994,2026-04-01,synthetic revision
6274,BRA,ECCS,1994,2026-04-01,synthetic revision
6275,VGB,ECCS,1994,2026-04-01,synthetic revision
6276,BRN,ECCS,1994,2026-04-01,synthetic revision
6277,BGR,ECCS,1994,2026-04-01,synthetic revision
6278,BFA,ECCS,1994,2026-04-01,synthetic revision
6279,CPV,ECCS,1994,2026-04-01,synthetic revision
6280,KHM,ECCS,1994,2026-04-01,synthetic revision
6281,CMR,ECCS,1994,2026-04-01,synthetic revision
6282,CAN,ECCS,1994,2026-04-01,synthetic revision
6283,CYM,ECCS,1994,2026-04-01,synthetic revision
6284,CAF,ECCS,1994,2026-04-01,synthetic revision
6285,TCD,ECCS,1994,2026-04-01,synthetic revision
6286,CHL,ECCS,1994,2026-04-01,synthetic revision
6287,HKG,ECCS,1994,2026-04-01,synthetic revision
6288,MAC,ECCS,1994,2026-04-01,synthetic revision
6289,CHN,ECCS,1994,2026-04-01,synthetic revision
6290,COL,ECCS,1994,2026-04-01,synthetic revision
6291,COM,ECCS,1994,2026-04-01,synthetic revision
6292,COD,ECCS,1994,2026-04-01,synthetic revision
6293,COG,ECCS,1994,2026-04-01,synthetic revision
6294,COK,ECCS,1994,2026-04-01,synthetic revision
6295,CRI,ECCS,1994,2026-04-01,synthetic revision
6296,HRV,ECCS,1994,2026-04-01,synthetic revision
6297,CUB,ECCS,1994,2026-04-01,synthetic revision
6298,CYP,ECCS,1994,2026-04-01,synthetic revision
6299,CZE,ECCS,1994,2026-04-01,synthetic revision
6300,DNK,ECCS,1994,2026-04-01,synthetic revision
6301,DJI,ECCS,1994,2026-04-01,synthetic revision
6302,DMA,ECCS,1994,2026-04-01,synthetic revision
6303,DOM,ECCS,1994,2026-04-01,synthetic revision
6304,ECU,ECCS,1994,2026-04-01,synthetic revision
6305,EGY,ECCS,1994,2026-04-01,synthetic revision
6306,SLV,ECCS,1994,2026-04-01,synthetic revision
6307,GNQ,ECCS,1994,2026-04-01,synthetic revision
6308,EST,ECCS,1994,2026-04-01,synthetic revision
6309,SWZ,ECCS,1994,2026-04-01,synthetic revision
6310,ETH,ECCS,1994,2026-04-01,synthetic revision
6311,FRO,ECCS,1994,2026-04-01,synthetic revision
6312,FJI,ECCS,1994,2026-04-01,synthetic revision
6313,FIN,ECCS,1994,2026-04-01,synthetic revision
6314,FRA,ECCS,1994,2026-04-01,synthetic revision
6315,PYF,ECCS,1994,2026-04-01,synthetic revision
6316,GAB,ECCS,1994,2026-04-01,synthetic revision
6317,GMB,ECCS,1994,2026-04-01,synthetic revision
6318,GEO,ECCS,1994,2026-04-01,synthetic revision
6319,DEU,ECCS,1994,2026-04-01,synthetic revision
6320,GHA,ECCS,1994,2026-04-01,synthetic revision
6321,GIB,ECCS,1994,2026-04-01,synthetic revision
6322,GRC,ECCS,1994,2026-04-01,synthetic revision
6323,GRL,ECCS,1994,2026-04-01,synthetic revision
6324,GRD,ECCS,1994,2026-04-01,synthetic revision
6325,GLP,ECCS,1994,2026-04-01,synthetic revision
6326,GTM,ECCS,1994,2026-04-01,synthetic revision
6327,GUF,ECCS,1994,2026-04-01,synthetic revision
6328,GIN,ECCS,1994,2026-04-01,synthetic revision
6329,GNB,ECCS,1994,2026-04-01,synthetic revision
6330,GUY,ECCS,1994,2026-04-01,synthetic revision
6331,HTI,ECCS,1994,2026-04-01,synthetic revision
6332,VAT,ECCS,1994,2026-04-01,synthetic revision
6333,HND,ECCS,1994,2026-04-01,synthetic revision
6334,HUN,ECCS,1994,2026-04-01,synthetic revision
6335,ISL,ECCS,1994,2026-04-01,synthetic revision
6336,IND,ECCS,1994,2026-04-01,synthetic revision
6337,IDN,ECCS,1994,2026-04-01,synthetic revision
6338,IRN,ECCS,1994,2026-04-01,synthetic revision
6339,IRQ,ECCS,1994,2026-04-01,synthetic revision
6340,IRL,ECCS,1994,2026-04-01,synthetic revision
6341,IMN,ECCS,1994,2026-04-01,synthetic revision
6342,ISR,ECCS,1994,2026-04-01,synthetic revision
6343,ITA,ECCS,1994,2026-04-01,synthetic revision
6344,JAM,ECCS,1994,2026-04-01,synthetic revision
6345,JPN,ECCS,1994,2026-04-01,synthetic revision
6346,JOR,ECCS,1994,2026-04-01,synthetic revision
6347,KAZ,ECCS,1994,2026-04-01,synthetic revision
6348,KEN,ECCS,1994,2026-04-01,synthetic revision
6349,KIR,ECCS,1994,2026-04-01,synthetic revision
6350,PRK,ECCS,1994,2026-04-01,synthetic revision
6351,KOR,ECCS,1994,2026-04-01,synthetic revision
6352,KWT,ECCS,1994,2026-04-01,synthetic revision
6353,KGZ,ECCS,1994,2026-04-01,synthetic revision
6354,LAO,ECCS,1994,2026-04-01,synthetic revision
6355,LVA,ECCS,1994,2026-04-01,synthetic revision
6356,LBN,ECCS,1994,2026-04-01,synthetic revision
6357,LSO,ECCS,1994,2026-04-01,synthetic revision
6358,LBR,ECCS,1994,2026-04-01,synthetic revision
6359,LBY,ECCS,1994,2026-04-01,synthetic revision
6360,LIE,ECCS,1994,2026-04-01,synthetic revision
6361,LTU,ECCS,1994,2026-04-01,synthetic revision
6362,MDG,ECCS,1994,2026-04-01,synthetic revision
6363,MWI,ECCS,1994,2026-04-01,synthetic revision
6364,MYS,ECCS,1994,2026-04-01,synthetic revision
6365,MDV,ECCS,1994,2026-04-01,synthetic revision
6366,MLI,ECCS,1994,2026-04-01,synthetic revision
6367,MLT,ECCS,1994,2026-04-01,synthetic revision
6368,MHL,ECCS,1994,2026-04-01,synthetic revision
6369,MTQ,ECCS,1994,2026-04-01,synthetic revision
6370,MRT,ECCS,1994,2026-04-01,synthetic revision
6371,MUS,ECCS,1994,2026-04-01,synthetic revision
6372,MYT,ECCS,1994,2026-04-01,synthetic revision
6373,MEX,ECCS,1994,2026-04-01,synthetic revision
6374,FSM,ECCS,1994,2026-04-01,synthetic revision
6375,MDA,ECCS,1994,2026-04-01,synthetic revision
6376,MCO,ECCS,1994,2026-04-01,synthetic revision
6377,MNG,ECCS,1994,2026-04-01,synthetic revision
6378,MSR,ECCS,1994,2026-04-01,synthetic revision
6379,MAR,ECCS,1994,2026-04-01,synthetic revision
6380,MOZ,ECCS,1994,2026-04-01,synthetic revision
6381,MMR,ECCS,1994,2026-04-01,synthetic revision
6382,NPL,ECCS,1994,2026-04-01,synthetic revision
6383,NLD,ECCS,1994,2026-04-01,synthetic revision
6384,NCL,ECCS,1994,2026-04-01,synthetic revision
6385,NZL,ECCS,1994,2026-04-01,synthetic revision
6386,NIC,ECCS,1994,2026-04-01,synthetic revision
6387,NER,ECCS,1994,2026-04-01,synthetic revision
6388,NGA,ECCS,1994,2026-04-01,synthetic revision
6389,NFK,ECCS,1994,2026-04-01,synthetic revision
6390,MKD,ECCS,1994,2026-04-01,synthetic revision
6391,NOR,ECCS,1994,2026-04-01,synthetic revision
6392,OMN,ECCS,1994,2026-04-01,synthetic revision
6393,PAK,ECCS,1994,2026-04-01,synthetic revision
6394,PLW,ECCS,1994,2026-04-01,synthetic revision
6395,PAN,ECCS,1994,2026-04-01,synthetic revision
6396,PNG,ECCS,1994,2026-04-01,synthetic revision
6397,PRY,ECCS,1994,2026-04-01,synthetic revision
6398,PER,ECCS,1994,2026-04-01,synthetic revision
6399,PHL,ECCS,1994,2026-04-01,synthetic revision
6400,PCN,ECCS,1994,2026-04-01,synthetic revision
6401,POL,ECCS,1994,2026-04-01,synthetic revision
6402,PRT,ECCS,1994,2026-04-01,synthetic revision
6403,PRI,ECCS,1994,2026-04-01,synthetic revision
6404,QAT,ECCS,1994,2026-04-01,synthetic revision
6405,ROU,ECCS,1994,2026-04-01,synthetic revision
6406,RUS,ECCS,1994,2026-04-01,synthetic revision
6407,SPM,ECCS,1994,2026-04-01,synthetic revision
6408,WSM,ECCS,1994,2026-04-01,synthetic revision
6409,SMR,ECCS,1994,2026-04-01,synthetic revision
6410,STP,ECCS,1994,2026-04-01,synthetic revision
6411,SAU,ECCS,1994,2026-04-01,synthetic revision
6412,SEN,ECCS,1994,2026-04-01,synthetic revision
6413,SYC,ECCS,1994,2026-04-01,synthetic revision
6414,SLE,ECCS,1994,2026-04-01,synthetic revision
6415,SGP,ECCS,1994,2026-04-01,synthetic revision
6416,SVK,ECCS,1994,2026-04-01,synthetic revision
6417,SVN,ECCS,1994,2026-04-01,synthetic revision
6418,SLB,ECCS,1994,2026-04-01,synthetic revision
6419,SOM,ECCS,1994,2026-04-01,synthetic revision
6420,ZAF,ECCS,1994,2026-04-01,synthetic revision
6421,ESP,ECCS,1994,2026-04-01,synthetic revision
6422,LKA,ECCS,1994,2026-04-01,synthetic revision
6423,KNA,ECCS,1994,2026-04-01,synthetic revision
6424,LCA,ECCS,1994,2026-04-01,synthetic revision
6425,VCT,ECCS,1994,2026-04-01,synthetic revision
6426,SUR,ECCS,1994,2026-04-01,synthetic revision
6427,SJM,ECCS,1994,2026-04-01,synthetic revision
6428,SWE,ECCS,1994,2026-04-01,synthetic revision
6429,CHE,ECCS,1994,2026-04-01,synthetic revision
6430,SYR,ECCS,1994,2026-04-01,synthetic revision
6431,TWN,ECCS,1994,2026-04-01,synthetic revision
6432,TJK,ECCS,1994,2026-04-01,synthetic revision
6433,TZA,ECCS,1994,2026-04-01,synthetic revision
6434,THA,ECCS,1994,2026-04-01,synthetic revision
6435,TGO,ECCS,1994,2026-04-01,synthetic revision
6436,TON,ECCS,1994,2026-04-01,synthetic revision
6437,TTO,ECCS,1994,2026-04-01,synthetic revision
6438,TUN,ECCS,1994,2026-04-01,synthetic revision
6439,TKM,ECCS,1994,2026-04-01,synthetic revision
6440,UGA,ECCS,1994,2026-04-01,synthetic revision
6441,UKR,ECCS,1994,2026-04-01,synthetic revision
6442,ARE,ECCS,1994,2026-04-01,synthetic revision
6443,GBR,ECCS,1994,2026-04-01,synthetic revision
6444,USA,ECCS,1994,2026-04-01,synthetic revision
6445,VIR,ECCS,1994,2026-04-01,synthetic revision
6446,URY,ECCS,1994,2026-04-01,synthetic revision
6447,UZB,ECCS,1994,2026-04-01,synthetic revision
6448,VUT,ECCS,1994,2026-04-01,synthetic revision
6449,VEN,ECCS,1994,2026-04-01,synthetic revision
6450,VNM,ECCS,1994,2026-04-01,synthetic revision
6451,WLF,ECCS,1994,2026-04-01,synthetic revision
6452,PSE,ECCS,1994,2026-04-01,synthetic revision
6453,ESH,ECCS,1994,2026-04-01,synthetic revision
6454,ZMB,ECCS,1994,2026-04-01,synthetic revision
6455,ZWE,ECCS,1994,2026-04-01,synthetic revision
6456,AFG,ECCS,1995,2026-04-01,synthetic revision
6457,ALB,ECCS,1995,2026-04-01,synthetic revision
6458,DZA,ECCS,1995,2026-04-01,synthetic revision
6459,ASM,ECCS,1995,2026-04-01,synthetic revision
6460,AND,ECCS,1995,2026-04-01,synthetic revision
6461,AGO,ECCS,1995,2026-04-01,synthetic revision
6462,AIA,ECCS,1995,2026-04-01,synthetic revision
6463,ATG,ECCS,1995,2026-04-01,synthetic revision
6464,ARG,ECCS,1995,2026-04-01,synthetic revision
6465,ARM,ECCS,1995,2026-04-01,synthetic revision
6466,ABW,ECCS,1995,2026-04-01,synthetic revision
6467,AUS,ECCS,1995,2026-04-01,synthetic revision
6468,AUT,ECCS,1995,2026-04-01,synthetic revision
6469,AZE,ECCS,1995,2026-04-01,synthetic revision
6470,BHS,ECCS,1995,2026-04-01,synthetic revision
6471,BHR,ECCS,1995,2026-04-01,synthetic revision
6472,BGD,ECCS,1995,2026-04-01,synthetic revision
6473,BRB,ECCS,1995,2026-04-01,synthetic revision
6474,BLR,ECCS,1995,2026-04-01,synthetic revision
6475,BLZ,ECCS,1995,2026-04-01,synthetic revision
6476,BEN,ECCS,1995,2026-04-01,synthetic revision
6477,BTN,ECCS,1995,2026-04-01,synthetic revision
6478,BOL,ECCS,1995,2026-04-01,synthetic revision
6479,BIH,ECCS,1995,2026-04-01,synthetic revision
6480,BWA,ECCS,1995,2026-04-01,synthetic revision
6481,BRA,ECCS,1995,2026-04-01,synthetic revision
6482,VGB,ECCS,1995,2026-04-01,synthetic revision
6483,BRN,ECCS,1995,2026-04-01,synthetic revision
6484,BGR,ECCS,1995,2026-04-01,synthetic revision
6485,BFA,ECCS,1995,2026-04-01,synthetic revision
6486,CPV,ECCS,1995,2026-04-01,synthetic revision
6487,KHM,ECCS,1995,2026-04-01,synthetic revision
6488,CMR,ECCS,1995,2026-04-01,synthetic revision
6489,CAN,ECCS,1995,2026-04-01,synthetic revision
6490,CYM,ECCS,1995,2026-04-01,synthetic revision
6491,CAF,ECCS,1995,2026-04-01,synthetic revision
6492,TCD,ECCS,1995,2026-04-01,synthetic revision
6493,CHL,ECCS,1995,2026-04-01,synthetic revision
6494,HKG,ECCS,1995,2026-04-01,synthetic revision
6495,MAC,ECCS,1995,2026-04-01,synthetic revision
6496,CHN,ECCS,1995,2026-04-01,synthetic revision
6497,COL,ECCS,1995,2026-04-01,synthetic revision
6498,COM,ECCS,1995,2026-04-01,synthetic revision
6499,COD,ECCS,1995,2026-04-01,synthetic revision
6500,COG,ECCS,1995,2026-04-01,synthetic revision
6501,COK,ECCS,1995,2026-04-01,synthetic revision
6502,CRI,ECCS,1995,2026-04-01,synthetic revision
6503,HRV,ECCS,1995,2026-04-01,synthetic revision
6504,CUB,ECCS,1995,2026-04-01,synthetic revision
6505,CYP,ECCS,1995,2026-04-01,synthetic revision
6506,CZE,ECCS,1995,2026-04-01,synthetic revision
6507,DNK,ECCS,1995,2026-04-01,synthetic revision
6508,DJI,ECCS,1995,2026-04-01,synthetic revision
6509,DMA,ECCS,1995,2026-04-01,synthetic revision
6510,DOM,ECCS,1995,2026-04-01,synthetic revision
6511,ECU,ECCS,1995,2026-04-01,synthetic revision
6512,EGY,ECCS,1995,2026-04-01,synthetic revision
6513,SLV,ECCS,1995,2026-04-01,synthetic revision
6514,GNQ,ECCS,1995,2026-04-01,synthetic revision
6515,EST,ECCS,1995,2026-04-01,synthetic revision
6516,SWZ,ECCS,1995,2026-04-01,synthetic revision
6517,ETH,ECCS,1995,2026-04-01,synthetic revision
6518,FRO,ECCS,1995,2026-04-01,synthetic revision
6519,FJI,ECCS,1995,2026-04-01,synthetic revision
6520,FIN,ECCS,1995,2026-04-01,synthetic revision
6521,FRA,ECCS,1995,2026-04-01,synthetic revision
6522,PYF,ECCS,1995,2026-04-01,synthetic revision
6523,GAB,ECCS,1995,2026-04-01,synthetic revision
6524,GMB,ECCS,1995,2026-04-01,synthetic revision
6525,GEO,ECCS,1995,2026-04-01,synthetic revision
6526,DEU,ECCS,1995,2026-04-01,synthetic revision
6527,GHA,ECCS,1995,2026-04-01,synthetic revision
6528,GIB,ECCS,1995,2026-04-01,synthetic revision
6529,GRC,ECCS,1995,2026-04-01,synthetic revision
6530,GRL,ECCS,1995,2026-04-01,synthetic revision
6531,GRD,ECCS,1995,2026-04-01,synthetic revision
6532,GLP,ECCS,1995,2026-04-01,synthetic revision
6533,GTM,ECCS,1995,2026-04-01,synthetic revision
6534,GUF,ECCS,1995,2026-04-01,synthetic revision
6535,GIN,ECCS,1995,2026-04-01,synthetic revision
6536,GNB,ECCS,1995,2026-04-01,synthetic revision
6537,GUY,ECCS,1995,2026-04-01,synthetic revision
6538,HTI,ECCS,1995,2026-04-01,synthetic revision
6539,VAT,ECCS,1995,2026-04-01,synthetic revision
6540,HND,ECCS,1995,2026-04-01,synthetic revision
6541,HUN,ECCS,1995,2026-04-01,synthetic revision
6542,ISL,ECCS,1995,2026-04-01,synthetic revision
6543,IND,ECCS,1995,2026-04-01,synthetic revision
6544,IDN,ECCS,1995,2026-04-01,synthetic revision
6545,IRN,ECCS,1995,2026-04-01,synthetic revision
6546,IRQ,ECCS,1995,2026-04-01,synthetic revision
6547,IRL,ECCS,1995,2026-04-01,synthetic revision
6548,IMN,ECCS,1995,2026-04-01,synthetic revision
6549,ISR,ECCS,1995,2026-04-01,synthetic revision
6550,ITA,ECCS,1995,2026-04-01,synthetic revision
6551,JAM,ECCS,1995,2026-04-01,synthetic revision
6552,JPN,ECCS,1995,2026-04-01,synthetic revision
6553,JOR,ECCS,1995,2026-04-01,synthetic revision
6554,KAZ,ECCS,1995,2026-04-01,synthetic revision
6555,KEN,ECCS,1995,2026-04-01,synthetic revision
6556,KIR,ECCS,1995,2026-04-01,synthetic revision
6557,PRK,ECCS,1995,2026-04-01,synthetic revision
6558,KOR,ECCS,1995,2026-04-01,synthetic revision
6559,KWT,ECCS,1995,2026-04-01,synthetic revision
6560,KGZ,ECCS,1995,2026-04-01,synthetic revision
6561,LAO,ECCS,1995,2026-04-01,synthetic revision
6562,LVA,ECCS,1995,2026-04-01,synthetic revision
6563,LBN,ECCS,1995,2026-04-01,synthetic revision
6564,LSO,ECCS,1995,2026-04-01,synthetic revision
6565,LBR,ECCS,1995,2026-04-01,synthetic revision
6566,LBY,ECCS,1995,2026-04-01,synthetic revision
6567,LIE,ECCS,1995,2026-04-01,synthetic revision
6568,LTU,ECCS,1995,2026-04-01,synthetic revision
6569,MDG,ECCS,1995,2026-04-01,synthetic revision
6570,MWI,ECCS,1995,2026-04-01,synthetic revision
6571,MYS,ECCS,1995,2026-04-01,synthetic revision
6572,MDV,ECCS,1995,2026-04-01,synthetic revision
6573,MLI,ECCS,1995,2026-04-01,synthetic revision
6574,MLT,ECCS,1995,2026-04-01,synthetic revision
6575,MHL,ECCS,1995,2026-04-01,synthetic revision
6576,MTQ,ECCS,1995,2026-04-01,synthetic revision
6577,MRT,ECCS,1995,2026-04-01,synthetic revision
6578,MUS,ECCS,1995,2026-04-01,synthetic revision
6579,MYT,ECCS,1995,2026-04-01,synthetic revision
6580,MEX,ECCS,1995,2026-04-01,synthetic revision
6581,FSM,ECCS,1995,2026-04-01,synthetic revision
6582,MDA,ECCS,1995,2026-04-01,synthetic revision
6583,MCO,ECCS,1995,2026-04-01,synthetic revision
6584,MNG,ECCS,1995,2026-04-01,synthetic revision
6585,MSR,ECCS,1995,2026-04-01,synthetic revision
6586,MAR,ECCS,1995,2026-04-01,synthetic revision
6587,MOZ,ECCS,1995,2026-04-01,synthetic revision
6588,MMR,ECCS,1995,2026-04-01,synthetic revision
6589,NPL,ECCS,1995,2026-04-01,synthetic revision
6590,NLD,ECCS,1995,2026-04-01,synthetic revision
6591,NCL,ECCS,1995,2026-04-01,synthetic revision
6592,NZL,ECCS,1995,2026-04-01,synthetic revision
6593,NIC,ECCS,1995,2026-04-01,synthetic revision
6594,NER,ECCS,1995,2026-04-01,synthetic revision
6595,NGA,ECCS,1995,2026-04-01,synthetic revision
6596,NFK,ECCS,1995,2026-04-01,synthetic revision
6597,MKD,ECCS,1995,2026-04-01,synthetic revision
6598,NOR,ECCS,1995,2026-04-01,synthetic revision
6599,OMN,ECCS,1995,2026-04-01,synthetic revision
6600,PAK,ECCS,1995,2026-04-01,synthetic revision
6601,PLW,ECCS,1995,2026-04-01,synthetic revision
6602,PAN,ECCS,1995,2026-04-01,synthetic revision
6603,PNG,ECCS,1995,2026-04-01,synthetic revision
6604,PRY,ECCS,1995,2026-04-01,synthetic revision
6605,PER,ECCS,1995,2026-04-01,synthetic revision
6606,PHL,ECCS,1995,2026-04-01,synthetic revision
6607,PCN,ECCS,1995,2026-04-01,synthetic revision
6608,POL,ECCS,1995,2026-04-01,synthetic revision
6609,PRT,ECCS,1995,2026-04-01,synthetic revision
6610,PRI,ECCS,1995,2026-04-01,synthetic revision
6611,QAT,ECCS,1995,2026-04-01,synthetic revision
6612,ROU,ECCS,1995,2026-04-01,synthetic revision
6613,RUS,ECCS,1995,2026-04-01,synthetic revision
6614,SPM,ECCS,1995,2026-04-01,synthetic revision
6615,WSM,ECCS,1995,2026-04-01,synthetic revision
6616,SMR,ECCS,1995,2026-04-01,synthetic revision
6617,STP,ECCS,1995,2026-04-01,synthetic revision
6618,SAU,ECCS,1995,2026-04-01,synthetic revision
6619,SEN,ECCS,1995,2026-04-01,synthetic revision
6620,SYC,ECCS,1995,2026-04-01,synthetic revision
6621,SLE,ECCS,1995,2026-04-01,synthetic revision
6622,SGP,ECCS,1995,2026-04-01,synthetic revision
6623,SVK,ECCS,1995,2026-04-01,synthetic revision
6624,SVN,ECCS,1995,2026-04-01,synthetic revision
6625,SLB,ECCS,1995,2026-04-01,synthetic revision
6626,SOM,ECCS,1995,2026-04-01,synthetic revision
6627,ZAF,ECCS,1995,2026-04-01,synthetic revision
6628,ESP,ECCS,1995,2026-04-01,synthetic revision
6629,LKA,ECCS,1995,2026-04-01,synthetic revision
6630,KNA,ECCS,1995,2026-04-01,synthetic revision
6631,LCA,ECCS,1995,2026-04-01,synthetic revision
6632,VCT,ECCS,1995,2026-04-01,synthetic revision
6633,SUR,ECCS,1995,2026-04-01,synthetic revision
6634,SJM,ECCS,1995,2026-04-01,synthetic revision
6635,SWE,ECCS,1995,2026-04-01,synthetic revision
6636,CHE,ECCS,1995,2026-04-01,synthetic revision
6637,SYR,ECCS,1995,2026-04-01,synthetic revision
6638,TWN,ECCS,1995,2026-04-01,synthetic revision
6639,TJK,ECCS,1995,2026-04-01,synthetic revision
6640,TZA,ECCS,1995,2026-04-01,synthetic revision
6641,THA,ECCS,1995,2026-04-01,synthetic revision
6642,TLS,ECCS,1995,2026-04-01,synthetic revision
6643,TGO,ECCS,1995,2026-04-01,synthetic revision
6644,TON,ECCS,1995,2026-04-01,synthetic revision
6645,TTO,ECCS,1995,2026-04-01,synthetic revision
6646,TUN,ECCS,1995,2026-04-01,synthetic revision
6647,TKM,ECCS,1995,2026-04-01,synthetic revision
6648,TUV,ECCS,1995,2026-04-01,synthetic revision
6649,UGA,ECCS,1995,2026-04-01,synthetic revision
6650,UKR,ECCS,1995,2026-04-01,synthetic revision
6651,ARE,ECCS,1995,2026-04-01,synthetic revision
6652,GBR,ECCS,1995,2026-04-01,synthetic revision
6653,USA,ECCS,1995,2026-04-01,synthetic revision
6654,VIR,ECCS,1995,2026-04-01,synthetic revision
6655,URY,ECCS,1995,2026-04-01,synthetic revision
6656,UZB,ECCS,1995,2026-04-01,synthetic revision
6657,VUT,ECCS,1995,2026-04-01,synthetic revision
6658,VEN,ECCS,1995,2026-04-01,synthetic revision
6659,VNM,ECCS,1995,2026-04-01,synthetic revision
6660,WLF,ECCS,1995,2026-04-01,synthetic revision
6661,PSE,ECCS,1995,2026-04-01,synthetic revision
6662,ESH,ECCS,1995,2026-04-01,synthetic revision
6663,ZMB,ECCS,1995,2026-04-01,synthetic revision
6664,ZWE,ECCS,1995,2026-04-01,synthetic revision
6665,AFG,ECCS,1996,2026-04-01,synthetic revision
6666,ALB,ECCS,1996,2026-04-01,synthetic revision
6667,DZA,ECCS,1996,2026-04-01,synthetic revision
6668,ASM,ECCS,1996,2026-04-01,synthetic revision
6669,AND,ECCS,1996,2026-04-01,synthetic revision
6670,AGO,ECCS,1996,2026-04-01,synthetic revision
6671,AIA,ECCS,1996,2026-04-01,synthetic revision
6672,ATG,ECCS,1996,2026-04-01,synthetic revision
6673,ARG,ECCS,1996,2026-04-01,synthetic revision
6674,ARM,ECCS,1996,2026-04-01,synthetic revision
6675,ABW,ECCS,1996,2026-04-01,synthetic revision
6676,AUS,ECCS,1996,2026-04-01,synthetic revision
6677,AUT,ECCS,1996,2026-04-01,synthetic revision
6678,AZE,ECCS,1996,2026-04-01,synthetic revision
6679,BHS,ECCS,1996,2026-04-01,synthetic revision
6680,BHR,ECCS,1996,2026-04-01,synthetic revision
6681,BGD,ECCS,1996,2026-04-01,synthetic revision
6682,BRB,ECCS,1996,2026-04-01,synthetic revision
6683,BLR,ECCS,1996,2026-04-01,synthetic revision
6684,BLZ,ECCS,1996,2026-04-01,synthetic revision
6685,BEN,ECCS,1996,2026-04-01,synthetic revision
6686,BTN,ECCS,1996,2026-04-01,synthetic revision
6687,BOL,ECCS,1996,2026-04-01,synthetic revision
6688,BIH,ECCS,1996,2026-04-01,synthetic revision
6689,BWA,ECCS,1996,2026-04-01,synthetic revision
6690,BRA,ECCS,1996,2026-04-01,synthetic revision
6691,VGB,ECCS,1996,2026-04-01,synthetic revision
6692,BRN,ECCS,1996,2026-04-01,synthetic revision
6693,BGR,ECCS,1996,2026-04-01,synthetic revision
6694,BFA,ECCS,1996,2026-04-01,synthetic revision
6695,CPV,ECCS,1996,2026-04-01,synthetic revision
6696,KHM,ECCS,1996,2026-04-01,synthetic revision
6697,CMR,ECCS,1996,2026-04-01,synthetic revision
6698,CAN,ECCS,1996,2026-04-01,synthetic revision
6699,CYM,ECCS,1996,2026-04-01,synthetic revision
6700,CAF,ECCS,1996,2026-04-01,synthetic revision
6701,TCD,ECCS,1996,2026-04-01,synthetic revision
6702,CHL,ECCS,1996,2026-04-01,synthetic revision
6703,HKG,ECCS,1996,2026-04-01,synthetic revision
6704,MAC,ECCS,1996,2026-04-01,synthetic revision
6705,CHN,ECCS,1996,2026-04-01,synthetic revision
6706,COL,ECCS,1996,2026-04-01,synthetic revision
6707,COM,ECCS,1996,2026-04-01,synthetic revision
6708,COD,ECCS,1996,2026-04-01,synthetic revision
6709,COG,ECCS,1996,2026-04-01,synthetic revision
6710,COK,ECCS,1996,2026-04-01,synthetic revision
6711,CRI,ECCS,1996,2026-04-01,synthetic revision
6712,HRV,ECCS,1996,2026-04-01,synthetic revision
6713,CUB,ECCS,1996,2026-04-01,synthetic revision
6714,CYP,ECCS,1996,2026-04-01,synthetic revision
6715,CZE,ECCS,1996,2026-04-01,synthetic revision
6716,DNK,ECCS,1996,2026-04-01,synthetic revision
6717,DJI,ECCS,1996,2026-04-01,synthetic revision
6718,DMA,ECCS,1996,2026-04-01,synthetic revision
6719,DOM,ECCS,1996,2026-04-01,synthetic revision
6720,ECU,ECCS,1996,2026-04-01,synthetic revision
6721,EGY,ECCS,1996,2026-04-01,synthetic revision
6722,SLV,ECCS,1996,2026-04-01,synthetic revision
6723,GNQ,ECCS,1996,2026-04-01,synthetic revision
6724,ERI,ECCS,1996,2026-04-01,synthetic revision
6725,EST,ECCS,1996,2026-04-01,synthetic revision
6726,SWZ,ECCS,1996,2026-04-01,synthetic revision
6727,ETH,ECCS,1996,2026-04-01,synthetic revision
6728,FRO,ECCS,1996,2026-04-01,synthetic revision
6729,FJI,ECCS,1996,2026-04-01,synthetic revision
6730,FIN,ECCS,1996,2026-04-01,synthetic revision
6731,FRA,ECCS,1996,2026-04-01,synthetic revision
6732,PYF,ECCS,1996,2026-04-01,synthetic revision
6733,GAB,ECCS,1996,2026-04-01,synthetic revision
6734,GMB,ECCS,1996,2026-04-01,synthetic revision
6735,GEO,ECCS,1996,2026-04-01,synthetic revision
6736,DEU,ECCS,1996,2026-04-01,synthetic revision
6737,GHA,ECCS,1996,2026-04-01,synthetic revision
6738,GIB,ECCS,1996,2026-04-01,synthetic revision
6739,GRC,ECCS,1996,2026-04-01,synthetic revision
6740,GRL,ECCS,1996,2026-04-01,synthetic revision
6741,GRD,ECCS,1996,2026-04-01,synthetic revision
6742,GLP,ECCS,1996,2026-04-01,synthetic revision
6743,GTM,ECCS,1996,2026-04-01,synthetic revision
6744,GUF,ECCS,1996,2026-04-01,synthetic revision
6745,GIN,ECCS,1996,2026-04-01,synthetic revision
6746,GNB,ECCS,1996,2026-04-01,synthetic revision
6747,GUY,ECCS,1996,2026-04-01,synthetic revision
6748,HTI,ECCS,1996,2026-04-01,synthetic revision
6749,VAT,ECCS,1996,2026-04-01,synthetic revision
6750,HND,ECCS,1996,2026-04-01,synthetic revision
6751,HUN,ECCS,1996,2026-04-01,synthetic revision
6752,ISL,ECCS,1996,2026-04-01,synthetic revision
6753,IND,ECCS,1996,2026-04-01,synthetic revision
6754,IDN,ECCS,1996,2026-04-01,synthetic revision
6755,IRN,ECCS,1996,2026-04-01,synthetic revision
6756,IRQ,ECCS,1996,2026-04-01,synthetic revision
6757,IRL,ECCS,1996,2026-04-01,synthetic revision
6758,IMN,ECCS,1996,2026-04-01,synthetic revision
6759,ISR,ECCS,1996,2026-04-01,synthetic revision
6760,ITA,ECCS,1996,2026-04-01,synthetic revision
6761,JAM,ECCS,1996,2026-04-01,synthetic revision
6762,JPN,ECCS,1996,2026-04-01,synthetic revision
6763,JOR,ECCS,1996,2026-04-01,synthetic revision
6764,KAZ,ECCS,1996,2026-04-01,synthetic revision
6765,KEN,ECCS,1996,2026-04-01,synthetic revision
6766,KIR,ECCS,1996,2026-04-01,synthetic revision
6767,PRK,ECCS,1996,2026-04-01,synthetic revision
6768,KOR,ECCS,1996,2026-04-01,synthetic revision
6769,KWT,ECCS,1996,2026-04-01,synthetic revision
6770,KGZ,ECCS,1996,2026-04-01,synthetic revision
6771,LAO,ECCS,1996,2026-04-01,synthetic revision
6772,LVA,ECCS,1996,2026-04-01,synthetic revision
6773,LBN,ECCS,1996,2026-04-01,synthetic revision
6774,LSO,ECCS,1996,2026-04-01,synthetic revision
6775,LBR,ECCS,1996,2026-04-01,synthetic revision
6776,LBY,ECCS,1996,2026-04-01,synthetic revision
6777,LIE,ECCS,1996,2026-04-01,synthetic revision
6778,LTU,ECCS,1996,2026-04-01,synthetic revision
6779,MDG,ECCS,1996,2026-04-01,synthetic revision
6780,MWI,ECCS,1996,2026-04-01,synthetic revision
6781,MYS,ECCS,1996,2026-04-01,synthetic revision
6782,MDV,ECCS,1996,2026-04-01,synthetic revision
6783,MLI,ECCS,1996,2026-04-01,synthetic revision
6784,MLT,ECCS,1996,2026-04-01,synthetic revision
6785,MHL,ECCS,1996,2026-04-01,synthetic revision
6786,MTQ,ECCS,1996,2026-04-01,synthetic revision
6787,MRT,ECCS,1996,2026-04-01,synthetic revision
6788,MUS,ECCS,1996,2026-04-01,synthetic revision
6789,MYT,ECCS,1996,2026-04-01,synthetic revision
6790,MEX,ECCS,1996,2026-04-01,synthetic revision
6791,FSM,ECCS,1996,2026-04-01,synthetic revision
6792,MDA,ECCS,1996,2026-04-01,synthetic revision
6793,MCO,ECCS,1996,2026-04-01,synthetic revision
6794,MNG,ECCS,1996,2026-04-01,synthetic revision
6795,MSR,ECCS,1996,2026-04-01,synthetic revision
6796,MAR,ECCS,1996,2026-04-01,synthetic revision
6797,MOZ,ECCS,1996,2026-04-01,synthetic revision
6798,MMR,ECCS,1996,2026-04-01,synthetic revision
6799,NPL,ECCS,1996,2026-04-01,synthetic revision
6800,NLD,ECCS,1996,2026-04-01,synthetic revision
6801,NCL,ECCS,1996,2026-04-01,synthetic revision
6802,NZL,ECCS,1996,2026-04-01,synthetic revision
6803,NIC,ECCS,1996,2026-04-01,synthetic revision
6804,NER,ECCS,1996,2026-04-01,synthetic revision
6805,NGA,ECCS,1996,2026-04-01,synthetic revision
6806,NFK,ECCS,1996,2026-04-01,synthetic revision
6807,MKD,ECCS,1996,2026-04-01,synthetic revision
6808,NOR,ECCS,1996,2026-04-01,synthetic revision
6809,OMN,ECCS,1996,2026-04-01,synthetic revision
6810,PAK,ECCS,1996,2026-04-01,synthetic revision
6811,PLW,ECCS,1996,2026-04-01,synthetic revision
6812,PAN,ECCS,1996,2026-04-01,synthetic revision
6813,PNG,ECCS,1996,2026-04-01,synthetic revision
6814,PRY,ECCS,1996,2026-04-01,synthetic revision
6815,PER,ECCS,1996,2026-04-01,synthetic revision
6816,PHL,ECCS,1996,2026-04-01,synthetic revision
6817,PCN,ECCS,1996,2026-04-01,synthetic revision
6818,POL,ECCS,1996,2026-04-01,synthetic revision
6819,PRT,ECCS,1996,2026-04-01,synthetic revision
6820,PRI,ECCS,1996,2026-04-01,synthetic revision
6821,QAT,ECCS,1996,2026-04-01,synthetic revision
6822,ROU,ECCS,1996,2026-04-01,synthetic revision
6823,RUS,ECCS,1996,2026-04-01,synthetic revision
6824,SPM,ECCS,1996,2026-04-01,synthetic revision
6825,WSM,ECCS,1996,2026-04-01,synthetic revision
6826,SMR,ECCS,1996,2026-04-01,synthetic revision
6827,SAU,ECCS,1996,2026-04-01,synthetic revision
6828,SEN,ECCS,1996,2026-04-01,synthetic revision
6829,SYC,ECCS,1996,2026-04-01,synthetic revision
6830,SLE,ECCS,1996,2026-04-01,synthetic revision
6831,SGP,ECCS,1996,2026-04-01,synthetic revision
6832,SVK,ECCS,1996,2026-04-01,synthetic revision
6833,SVN,ECCS,1996,2026-04-01,synthetic revision
6834,SLB,ECCS,1996,2026-04-01,synthetic revision
6835,SOM,ECCS,1996,2026-04-01,synthetic revision
6836,ZAF,ECCS,1996,2026-04-01,synthetic revision
6837,ESP,ECCS,1996,2026-04-01,synthetic revision
6838,LKA,ECCS,1996,2026-04-01,synthetic revision
6839,KNA,ECCS,1996,2026-04-01,synthetic revision
6840,LCA,ECCS,1996,2026-04-01,synthetic revision
6841,VCT,ECCS,1996,2026-04-01,synthetic revision
6842,SUR,ECCS,1996,2026-04-01,synthetic revision
6843,SJM,ECCS,1996,2026-04-01,synthetic revision
6844,SWE,ECCS,1996,2026-04-01,synthetic revision
6845,CHE,ECCS,1996,2026-04-01,synthetic revision
6846,SYR,ECCS,1996,2026-04-01,synthetic revision
6847,TWN,ECCS,1996,2026-04-01,synthetic revision
6848,TJK,ECCS,1996,2026-04-01,synthetic revision
6849,TZA,ECCS,1996,2026-04-01,synthetic revision
6850,THA,ECCS,1996,2026-04-01,synthetic revision
6851,TLS,ECCS,1996,2026-04-01,synthetic revision
6852,TGO,ECCS,1996,2026-04-01,synthetic revision
6853,TON,ECCS,1996,2026-04-01,synthetic revision
6854,TTO,ECCS,1996,2026-04-01,synthetic revision
6855,TUN,ECCS,1996,2026-04-01,synthetic revision
6856,TKM,ECCS,1996,2026-04-01,synthetic revision
6857,TUV,ECCS,1996,2026-04-01,synthetic revision
6858,UGA,ECCS,1996,2026-04-01,synthetic revision
6859,UKR,ECCS,1996,2026-04-01,synthetic revision
6860,ARE,ECCS,1996,2026-04-01,synthetic revision
6861,GBR,ECCS,1996,2026-04-01,synthetic revision
6862,USA,ECCS,1996,2026-04-01,synthetic revision
6863,VIR,ECCS,1996,2026-04-01,synthetic revision
6864,URY,ECCS,1996,2026-04-01,synthetic revision
6865,UZB,ECCS,1996,2026-04-01,synthetic revision
6866,VUT,ECCS,1996,2026-04-01,synthetic revision
6867,VEN,ECCS,1996,2026-04-01,synthetic revision
6868,VNM,ECCS,1996,2026-04-01,synthetic revision
6869,WLF,ECCS,1996,2026-04-01,synthetic revision
6870,PSE,ECCS,1996,2026-04-01,synthetic revision
6871,ESH,ECCS,1996,2026-04-01,synthetic revision
6872,ZMB,ECCS,1996,2026-04-01,synthetic revision
6873,ZWE,ECCS,1996,2026-04-01,synthetic revision
6874,AFG,ECCS,1997,2026-04-01,synthetic revision
6875,ALB,ECCS,1997,2026-04-01,synthetic revision
6876,DZA,ECCS,1997,2026-04-01,synthetic revision
6877,AND,ECCS,1997,2026-04-01,synthetic revision
6878,AGO,ECCS,1997,2026-04-01,synthetic revision
6879,AIA,ECCS,1997,2026-04-01,synthetic revision
6880,ATG,ECCS,1997,2026-04-01,synthetic revision
6881,ARG,ECCS,1997,2026-04-01,synthetic revision
6882,ARM,ECCS,1997,2026-04-01,synthetic revision
6883,ABW,ECCS,1997,2026-04-01,synthetic revision
6884,AUS,ECCS,1997,2026-04-01,synthetic revision
6885,AUT,ECCS,1997,2026-04-01,synthetic revision
6886,AZE,ECCS,1997,2026-04-01,synthetic revision
6887,BHS,ECCS,1997,2026-04-01,synthetic revision
6888,BHR,ECCS,1997,2026-04-01,synthetic revision
6889,BGD,ECCS,1997,2026-04-01,synthetic revision
6890,BRB,ECCS,1997,2026-04-01,synthetic revision
6891,BLR,ECCS,1997,2026-04-01,synthetic revision
6892,BLZ,ECCS,1997,2026-04-01,synthetic revision
6893,BEN,ECCS,1997,2026-04-01,synthetic revision
6894,BTN,ECCS,1997,2026-04-01,synthetic revision
6895,BOL,ECCS,1997,2026-04-01,synthetic revision
6896,BIH,ECCS,1997,2026-04-01,synthetic revision
6897,BWA,ECCS,1997,2026-04-01,synthetic revision
6898,BRA,ECCS,1997,2026-04-01,synthetic revision
6899,VGB,ECCS,1997,2026-04-01,synthetic revision
6900,BRN,ECCS,1997,2026-04-01,synthetic revision
6901,BGR,ECCS,1997,2026-04-01,synthetic revision
6902,BFA,ECCS,1997,2026-04-01,synthetic revision
6903,CPV,ECCS,1997,2026-04-01,synthetic revision
6904,KHM,ECCS,1997,2026-04-01,synthetic revision
6905,CMR,ECCS,1997,2026-04-01,synthetic revision
6906,CAN,ECCS,1997,2026-04-01,synthetic revision
6907,CYM,ECCS,1997,2026-04-01,synthetic revision
6908,CAF,ECCS,1997,2026-04-01,synthetic revision
6909,TCD,ECCS,1997,2026-04-01,synthetic revision
6910,CHL,ECCS,1997,2026-04-01,synthetic revision
6911,HKG,ECCS,1997,2026-04-01,synthetic revision
6912,MAC,ECCS,1997,2026-04-01,synthetic revision
6913,CHN,ECCS,1997,2026-04-01,synthetic revision
6914,COL,ECCS,1997,2026-04-01,synthetic revision
6915,COM,ECCS,1997,2026-04-01,synthetic revision
6916,COD,ECCS,1997,2026-04-01,synthetic revision
6917,COK,ECCS,1997,2026-04-01,synthetic revision
6918,CRI,ECCS,1997,2026-04-01,synthetic revision
6919,HRV,ECCS,1997,2026-04-01,synthetic revision
6920,CUB,ECCS,1997,2026-04-01,synthetic revision
6921,CYP,ECCS,1997,2026-04-01,synthetic revision
6922,CZE,ECCS,1997,2026-04-01,synthetic revision
6923,DNK,ECCS,1997,2026-04-01,synthetic revision
6924,DJI,ECCS,1997,2026-04-01,synthetic revision
6925,DMA,ECCS,1997,2026-04-01,synthetic revision
6926,DOM,ECCS,1997,2026-04-01,synthetic revision
6927,ECU,ECCS,1997,2026-04-01,synthetic revision
6928,EGY,ECCS,1997,2026-04-01,synthetic revision
6929,SLV,ECCS,1997,2026-04-01,synthetic revision
6930,ERI,ECCS,1997,2026-04-01,synthetic revision
6931,EST,ECCS,1997,2026-04-01,synthetic revision
6932,SWZ,ECCS,1997,2026-04-01,synthetic revision
6933,ETH,ECCS,1997,2026-04-01,synthetic revision
6934,FRO,ECCS,1997,2026-04-01,synthetic revision
6935,FJI,ECCS,1997,2026-04-01,synthetic revision
6936,FIN,ECCS,1997,2026-04-01,synthetic revision
6937,FRA,ECCS,1997,2026-04-01,synthetic revision
6938,PYF,ECCS,1997,2026-04-01,synthetic revision
6939,GAB,ECCS,1997,2026-04-01,synthetic revision
6940,GMB,ECCS,1997,2026-04-01,synthetic revision
6941,GEO,ECCS,1997,2026-04-01,synthetic revision
6942,DEU,ECCS,1997,2026-04-01,synthetic revision
6943,GHA,ECCS,1997,2026-04-01,synthetic revision
6944,GIB,ECCS,1997,2026-04-01,synthetic revision
6945,GRC,ECCS,1997,2026-04-01,synthetic revision
6946,GRL,ECCS,1997,2026-04-01,synthetic revision
6947,GRD,ECCS,1997,2026-04-01,synthetic revision
6948,GLP,ECCS,1997,2026-04-01,synthetic revision
6949,GTM,ECCS,1997,2026-04-01,synthetic revision
6950,GUF,ECCS,1997,2026-04-01,synthetic revision
6951,GIN,ECCS,1997,2026-04-01,synthetic revision
6952,GNB,ECCS,1997,2026-04-01,synthetic revision
6953,GUY,ECCS,1997,2026-04-01,synthetic revision
6954,HTI,ECCS,1997,2026-04-01,synthetic revision
6955,VAT,ECCS,1997,2026-04-01,synthetic revision
6956,HND,ECCS,1997,2026-04-01,synthetic revision
6957,HUN,ECCS,1997,2026-04-01,synthetic revision
6958,ISL,ECCS,1997,2026-04-01,synthetic revision
6959,IND,ECCS,1997,2026-04-01,synthetic revision
6960,IDN,ECCS,1997,2026-04-01,synthetic revision
6961,IRN,ECCS,1997,2026-04-01,synthetic revision
6962,IRQ,ECCS,1997,2026-04-01,synthetic revision
6963,IRL,ECCS,1997,2026-04-01,synthetic revision
6964,IMN,ECCS,1997,2026-04-01,synthetic revision
6965,ISR,ECCS,1997,2026-04-01,synthetic revision
6966,ITA,ECCS,1997,2026-04-01,synthetic revision
6967,JAM,ECCS,1997,2026-04-01,synthetic revision
6968,JPN,ECCS,1997,2026-04-01,synthetic revision
6969,JOR,ECCS,1997,2026-04-01,synthetic revision
6970,KAZ,ECCS,1997,2026-04-01,synthetic revision
6971,KEN,ECCS,1997,2026-04-01,synthetic revision
6972,KIR,ECCS,1997,2026-04-01,synthetic revision
6973,PRK,ECCS,1997,2026-04-01,synthetic revision
6974,KOR,ECCS,1997,2026-04-01,synthetic revision
6975,KWT,ECCS,1997,2026-04-01,synthetic revision
6976,KGZ,ECCS,1997,2026-04-01,synthetic revision
6977,LAO,ECCS,1997,2026-04-01,synthetic revision
6978,LVA,ECCS,1997,2026-04-01,synthetic revision
6979,LBN,ECCS,1997,2026-04-01,synthetic revision
6980,LSO,ECCS,1997,2026-04-01,synthetic revision
6981,LBR,ECCS,1997,2026-04-01,synthetic revision
6982,LBY,ECCS,1997,2026-04-01,synthetic revision
6983,LIE,ECCS,1997,2026-04-01,synthetic revision
6984,LTU,ECCS,1997,2026-04-01,synthetic revision
6985,MDG,ECCS,1997,2026-04-01,synthetic revision
6986,MWI,ECCS,1997,2026-04-01,synthetic revision
6987,MYS,ECCS,1997,2026-04-01,synthetic revision
6988,MDV,ECCS,1997,2026-04-01,synthetic revision
6989,MLI,ECCS,1997,2026-04-01,synthetic revision
6990,MLT,ECCS,1997,2026-04-01,synthetic revision
6991,MHL,ECCS,1997,2026-04-01,synthetic revision
6992,MTQ,ECCS,1997,2026-04-01,synthetic revision
6993,MRT,ECCS,1997,2026-04-01,synthetic revision
6994,MUS,ECCS,1997,2026-04-01,synthetic revision
6995,MYT,ECCS,1997,2026-04-01,synthetic revision
6996,MEX,ECCS,1997,2026-04-01,synthetic revision
6997,FSM,ECCS,1997,2026-04-01,synthetic revision
6998,MDA,ECCS,1997,2026-04-01,synthetic revision
6999,MCO,ECCS,1997,2026-04-01,synthetic revision
7000,MNG,ECCS,1997,2026-04-01,synthetic revision
7001,MSR,ECCS,1997,2026-04-01,synthetic revision
7002,MAR,ECCS,1997,2026-04-01,synthetic revision
7003,MOZ,ECCS,1997,2026-04-01,synthetic revision
7004,MMR,ECCS,1997,2026-04-01,synthetic revision
7005,NPL,ECCS,1997,2026-04-01,synthetic revision
7006,NLD,ECCS,1997,2026-04-01,synthetic revision
7007,NCL,ECCS,1997,2026-04-01,synthetic revision
7008,NZL,ECCS,1997,2026-04-01,synthetic revision
7009,NIC,ECCS,1997,2026-04-01,synthetic revision
7010,NER,ECCS,1997,2026-04-01,synthetic revision
7011,NGA,ECCS,1997,2026-04-01,synthetic revision
7012,NFK,ECCS,1997,2026-04-01,synthetic revision
7013,MKD,ECCS,1997,2026-04-01,synthetic revision
7014,NOR,ECCS,1997,2026-04-01,synthetic revision
7015,OMN,ECCS,1997,2026-04-01,synthetic revision
7016,PAK,ECCS,1997,2026-04-01,synthetic revision
7017,PLW,ECCS,1997,2026-04-01,synthetic revision
7018,PAN,ECCS,1997,2026-04-01,synthetic revision
7019,PNG,ECCS,1997,2026-04-01,synthetic revision
7020,PRY,ECCS,1997,2026-04-01,synthetic revision
7021,PER,ECCS,1997,2026-04-01,synthetic revision
7022,PHL,ECCS,1997,2026-04-01,synthetic revision
7023,PCN,ECCS,1997,2026-04-01,synthetic revision
7024,POL,ECCS,1997,2026-04-01,synthetic revision
7025,PRT,ECCS,1997,2026-04-01,synthetic revision
7026,PRI,ECCS,1997,2026-04-01,synthetic revision
7027,QAT,ECCS,1997,2026-04-01,synthetic revision
7028,ROU,ECCS,1997,2026-04-01,synthetic revision
7029,RUS,ECCS,1997,2026-04-01,synthetic revision
7030,SPM,ECCS,1997,2026-04-01,synthetic revision
7031,SMR,ECCS,1997,2026-04-01,synthetic revision
7032,SAU,ECCS,1997,2026-04-01,synthetic revision
7033,SEN,ECCS,1997,2026-04-01,synthetic revision
7034,SYC,ECCS,1997,2026-04-01,synthetic revision
7035,SLE,ECCS,1997,2026-04-01,synthetic revision
7036,SGP,ECCS,1997,2026-04-01,synthetic revision
7037,SVK,ECCS,1997,2026-04-01,synthetic revision
7038,SVN,ECCS,1997,2026-04-01,synthetic revision
7039,SLB,ECCS,1997,2026-04-01,synthetic revision
7040,SOM,ECCS,1997,2026-04-01,synthetic revision
7041,ZAF,ECCS,1997,2026-04-01,synthetic revision
7042,ESP,ECCS,1997,2026-04-01,synthetic revision
7043,LKA,ECCS,1997,2026-04-01,synthetic revision
7044,KNA,ECCS,1997,2026-04-01,synthetic revision
7045,LCA,ECCS,1997,2026-04-01,synthetic revision
7046,VCT,ECCS,1997,2026-04-01,synthetic revision
7047,SUR,ECCS,1997,2026-04-01,synthetic revision
7048,SJM,ECCS,1997,2026-04-01,synthetic revision
7049,SWE,ECCS,1997,2026-04-01,synthetic revision
7050,CHE,ECCS,1997,2026-04-01,synthetic revision
7051,SYR,ECCS,1997,2026-04-01,synthetic revision
7052,TWN,ECCS,1997,2026-04-01,synthetic revision
7053,TJK,ECCS,1997,2026-04-01,synthetic revision
7054,TZA,ECCS,1997,2026-04-01,synthetic revision
7055,THA,ECCS,1997,2026-04-01,synthetic revision
7056,TLS,ECCS,1997,2026-04-01,synthetic revision
7057,TGO,ECCS,1997,2026-04-01,synthetic revision
7058,TON,ECCS,1997,2026-04-01,synthetic revision
7059,TTO,ECCS,1997,2026-04-01,synthetic revision
7060,TUN,ECCS,1997,2026-04-01,synthetic revision
7061,TKM,ECCS,1997,2026-04-01,synthetic revision
7062,TUV,ECCS,1997,2026-04-01,synthetic revision
7063,UGA,ECCS,1997,2026-04-01,synthetic revision
7064,UKR,ECCS,1997,2026-04-01,synthetic revision
7065,ARE,ECCS,1997,2026-04-01,synthetic revision
7066,GBR,ECCS,1997,2026-04-01,synthetic revision
7067,USA,ECCS,1997,2026-04-01,synthetic revision
7068,VIR,ECCS,1997,2026-04-01,synthetic revision
7069,URY,ECCS,1997,2026-04-01,synthetic revision
7070,UZB,ECCS,1997,2026-04-01,synthetic revision
7071,VUT,ECCS,1997,2026-04-01,synthetic revision
7072,VEN,ECCS,1997,2026-04-01,synthetic revision
7073,VNM,ECCS,1997,2026-04-01,synthetic revision
7074,WLF,ECCS,1997,2026-04-01,synthetic revision
7075,PSE,ECCS,1997,2026-04-01,synthetic revision
7076,ESH,ECCS,1997,2026-04-01,synthetic revision
7077,YEM,ECCS,1997,2026-04-01,synthetic revision
7078,ZMB,ECCS,1997,2026-04-01,synthetic revision
7079,ZWE,ECCS,1997,2026-04-01,synthetic revision
7080,AFG,ECCS,1998,2026-04-01,synthetic revision
7081,ALB,ECCS,1998,2026-04-01,synthetic revision
7082,DZA,ECCS,1998,2026-04-01,synthetic revision
7083,AND,ECCS,1998,2026-04-01,synthetic revision
7084,AGO,ECCS,1998,2026-04-01,synthetic revision
7085,AIA,ECCS,1998,2026-04-01,synthetic revision
7086,ATG,ECCS,1998,2026-04-01,synthetic revision
7087,ARG,ECCS,1998,2026-04-01,synthetic revision
7088,ARM,ECCS,1998,2026-04-01,synthetic revision
7089,ABW,ECCS,1998,2026-04-01,synthetic revision
7090,AUS,ECCS,1998,2026-04-01,synthetic revision
7091,AUT,ECCS,1998,2026-04-01,synthetic revision
7092,AZE,ECCS,1998,2026-04-01,synthetic revision
7093,BHS,ECCS,1998,2026-04-01,synthetic revision
7094,BHR,ECCS,1998,2026-04-01,synthetic revision
7095,BGD,ECCS,1998,2026-04-01,synthetic revision
7096,BRB,ECCS,1998,2026-04-01,synthetic revision
7097,BLR,ECCS,1998,2026-04-01,synthetic revision
7098,BLZ,ECCS,1998,2026-04-01,synthetic revision
7099,BEN,ECCS,1998,2026-04-01,synthetic revision
7100,BTN,ECCS,1998,2026-04-01,synthetic revision
7101,BOL,ECCS,1998,2026-04-01,synthetic revision
7102,BIH,ECCS,1998,2026-04-01,synthetic revision
7103,BWA,ECCS,1998,2026-04-01,synthetic revision
7104,BRA,ECCS,1998,2026-04-01,synthetic revision
7105,VGB,ECCS,1998,2026-04-01,synthetic revision
7106,BRN,ECCS,1998,2026-04-01,synthetic revision
7107,BGR,ECCS,1998,2026-04-01,synthetic revision
7108,BFA,ECCS,1998,2026-04-01,synthetic revision
7109,BDI,ECCS,1998,2026-04-01,synthetic revision
7110,CPV,ECCS,1998,2026-04-01,synthetic revision
7111,KHM,ECCS,1998,2026-04-01,synthetic revision
7112,CMR,ECCS,1998,2026-04-01,synthetic revision
7113,CAN,ECCS,1998,2026-04-01,synthetic revision
7114,CYM,ECCS,1998,2026-04-01,synthetic revision
7115,CAF,ECCS,1998,2026-04-01,synthetic revision
7116,TCD,ECCS,1998,2026-04-01,synthetic revision
7117,CHL,ECCS,1998,2026-04-01,synthetic revision
7118,HKG,ECCS,1998,2026-04-01,synthetic revision
7119,MAC,ECCS,1998,2026-04-01,synthetic revision
7120,CHN,ECCS,1998,2026-04-01,synthetic revision
7121,COL,ECCS,1998,2026-04-01,synthetic revision
7122,COM,ECCS,1998,2026-04-01,synthetic revision
7123,COD,ECCS,1998,2026-04-01,synthetic revision
7124,COG,ECCS,1998,2026-04-01,synthetic revision
7125,CRI,ECCS,1998,2026-04-01,synthetic revision
7126,HRV,ECCS,1998,2026-04-01,synthetic revision
7127,CUB,ECCS,1998,2026-04-01,synthetic revision
7128,CYP,ECCS,1998,2026-04-01,synthetic revision
7129,CZE,ECCS,1998,2026-04-01,synthetic revision
7130,DNK,ECCS,1998,2026-04-01,synthetic revision
7131,DJI,ECCS,1998,2026-04-01,synthetic revision
7132,DMA,ECCS,1998,2026-04-01,synthetic revision
7133,DOM,ECCS,1998,2026-04-01,synthetic revision
7134,ECU,ECCS,1998,2026-04-01,synthetic revision
7135,EGY,ECCS,1998,2026-04-01,synthetic revision
7136,SLV,ECCS,1998,2026-04-01,synthetic revision
7137,GNQ,ECCS,1998,2026-04-01,synthetic revision
7138,ERI,ECCS,1998,2026-04-01,synthetic revision
7139,EST,ECCS,1998,2026-04-01,synthetic revision
7140,SWZ,ECCS,1998,2026-04-01,synthetic revision
7141,ETH,ECCS,1998,2026-04-01,synthetic revision
7142,FRO,ECCS,1998,2026-04-01,synthetic revision
7143,FJI,ECCS,1998,2026-04-01,synthetic revision
7144,FIN,ECCS,1998,2026-04-01,synthetic revision
7145,FRA,ECCS,1998,2026-04-01,synthetic revision
7146,PYF,ECCS,1998,2026-04-01,synthetic revision
7147,GAB,ECCS,1998,2026-04-01,synthetic revision
7148,GMB,ECCS,1998,2026-04-01,synthetic revision
7149,GEO,ECCS,1998,2026-04-01,synthetic revision
7150,DEU,ECCS,1998,2026-04-01,synthetic revision
7151,GHA,ECCS,1998,2026-04-01,synthetic revision
7152,GIB,ECCS,1998,2026-04-01,synthetic revision
7153,GRC,ECCS,1998,2026-04-01,synthetic revision
7154,GRL,ECCS,1998,2026-04-01,synthetic revision
7155,GRD,ECCS,1998,2026-04-01,synthetic revision
7156,GLP,ECCS,1998,2026-04-01,synthetic revision
7157,GTM,ECCS,1998,2026-04-01,synthetic revision
7158,GUF,ECCS,1998,2026-04-01,synthetic revision
7159,GIN,ECCS,1998,2026-04-01,synthetic revision
7160,GNB,ECCS,1998,2026-04-01,synthetic revision
7161,GUY,ECCS,1998,2026-04-01,synthetic revision
7162,HTI,ECCS,1998,2026-04-01,synthetic revision
7163,VAT,ECCS,1998,2026-04-01,synthetic revision
7164,HND,ECCS,1998,2026-04-01,synthetic revision
7165,HUN,ECCS,1998,2026-04-01,synthetic revision
7166,ISL,ECCS,1998,2026-04-01,synthetic revision
7167,IND,ECCS,1998,2026-04-01,synthetic revision
7168,IDN,ECCS,1998,2026-04-01,synthetic revision
7169,IRN,ECCS,1998,2026-04-01,synthetic revision
7170,IRQ,ECCS,1998,2026-04-01,synthetic revision
7171,IRL,ECCS,1998,2026-04-01,synthetic revision
7172,IMN,ECCS,1998,2026-04-01,synthetic revision
7173,ISR,ECCS,1998,2026-04-01,synthetic revision
7174,ITA,ECCS,1998,2026-04-01,synthetic revision
7175,JAM,ECCS,1998,2026-04-01,synthetic revision
7176,JPN,ECCS,1998,2026-04-01,synthetic revision
7177,JOR,ECCS,1998,2026-04-01,synthetic revision
7178,KAZ,ECCS,1998,2026-04-01,synthetic revision
7179,KEN,ECCS,1998,2026-04-01,synthetic revision
7180,KIR,ECCS,1998,2026-04-01,synthetic revision
7181,PRK,ECCS,1998,2026-04-01,synthetic revision
7182,KOR,ECCS,1998,2026-04-01,synthetic revision
7183,KWT,ECCS,1998,2026-04-01,synthetic revision
7184,KGZ,ECCS,1998,2026-04-01,synthetic revision
7185,LAO,ECCS,1998,2026-04-01,synthetic revision
7186,LVA,ECCS,1998,2026-04-01,synthetic revision
7187,LBN,ECCS,1998,2026-04-01,synthetic revision
7188,LSO,ECCS,1998,2026-04-01,synthetic revision
7189,LBR,ECCS,1998,2026-04-01,synthetic revision
7190,LBY,ECCS,1998,2026-04-01,synthetic revision
7191,LIE,ECCS,1998,2026-04-01,synthetic revision
7192,LTU,ECCS,1998,2026-04-01,synthetic revision
7193,MDG,ECCS,1998,2026-04-01,synthetic revision
7194,MWI,ECCS,1998,2026-04-01,synthetic revision
7195,MYS,ECCS,1998,2026-04-01,synthetic revision
7196,MDV,ECCS,1998,2026-04-01,synthetic revision
7197,MLI,ECCS,1998,2026-04-01,synthetic revision
7198,MLT,ECCS,1998,2026-04-01,synthetic revision
7199,MHL,ECCS,1998,2026-04-01,synthetic revision
7200,MTQ,ECCS,1998,2026-04-01,synthetic revision
7201,MRT,ECCS,1998,2026-04-01,synthetic revision
7202,MUS,ECCS,1998,2026-04-01,synthetic revision
7203,MYT,ECCS,1998,2026-04-01,synthetic revision
7204,MEX,ECCS,1998,2026-04-01,synthetic revision
7205,FSM,ECCS,1998,2026-04-01,synthetic revision
7206,MDA,ECCS,1998,2026-04-01,synthetic revision
7207,MCO,ECCS,1998,2026-04-01,synthetic revision
7208,MNG,ECCS,1998,2026-04-01,synthetic revision
7209,MSR,ECCS,1998,2026-04-01,synthetic revision
7210,MAR,ECCS,1998,2026-04-01,synthetic revision
7211,MOZ,ECCS,1998,2026-04-01,synthetic revision
7212,MMR,ECCS,1998,2026-04-01,synthetic revision
7213,NPL,ECCS,1998,2026-04-01,synthetic revision
7214,NLD,ECCS,1998,2026-04-01,synthetic revision
7215,NCL,ECCS,1998,2026-04-01,synthetic revision
7216,NZL,ECCS,1998,2026-04-01,synthetic revision
7217,NIC,ECCS,1998,2026-04-01,synthetic revision
7218,NER,ECCS,1998,2026-04-01,synthetic revision
7219,NGA,ECCS,1998,2026-04-01,synthetic revision
7220,NFK,ECCS,1998,2026-04-01,synthetic revision
7221,MKD,ECCS,1998,2026-04-01,synthetic revision
7222,NOR,ECCS,1998,2026-04-01,synthetic revision
7223,OMN,ECCS,1998,2026-04-01,synthetic revision
7224,PAK,ECCS,1998,2026-04-01,synthetic revision
7225,PLW,ECCS,1998,2026-04-01,synthetic revision
7226,PAN,ECCS,1998,2026-04-01,synthetic revision
7227,PNG,ECCS,1998,2026-04-01,synthetic revision
7228,PRY,ECCS,1998,2026-04-01,synthetic revision
7229,PER,ECCS,1998,2026-04-01,synthetic revision
7230,PHL,ECCS,1998,2026-04-01,synthetic revision
7231,PCN,ECCS,1998,2026-04-01,synthetic revision
7232,POL,ECCS,1998,2026-04-01,synthetic revision
7233,PRT,ECCS,1998,2026-04-01,synthetic revision
7234,PRI,ECCS,1998,2026-04-01,synthetic revision
7235,QAT,ECCS,1998,2026-04-01,synthetic revision
7236,ROU,ECCS,1998,2026-04-01,synthetic revision
7237,RUS,ECCS,1998,2026-04-01,synthetic revision
7238,RWA,ECCS,1998,2026-04-01,synthetic revision
7239,SPM,ECCS,1998,2026-04-01,synthetic revision
7240,SMR,ECCS,1998,2026-04-01,synthetic revision
7241,STP,ECCS,1998,2026-04-01,synthetic revision
7242,SAU,ECCS,1998,2026-04-01,synthetic revision
7243,SEN,ECCS,1998,2026-04-01,synthetic revision
7244,SYC,ECCS,1998,2026-04-01,synthetic revision
7245,SLE,ECCS,1998,2026-04-01,synthetic revision
7246,SGP,ECCS,1998,2026-04-01,synthetic revision
7247,SVK,ECCS,1998,2026-04-01,synthetic revision
7248,SVN,ECCS,1998,2026-04-01,synthetic revision
7249,SLB,ECCS,1998,2026-04-01,synthetic revision
7250,SOM,ECCS,1998,2026-04-01,synthetic revision
7251,ZAF,ECCS,1998,2026-04-01,synthetic revision
7252,ESP,ECCS,1998,2026-04-01,synthetic revision
7253,LKA,ECCS,1998,2026-04-01,synthetic revision
7254,KNA,ECCS,1998,2026-04-01,synthetic revision
7255,LCA,ECCS,1998,2026-04-01,synthetic revision
7256,VCT,ECCS,1998,2026-04-01,synthetic revision
7257,SUR,ECCS,1998,2026-04-01,synthetic revision
7258,SJM,ECCS,1998,2026-04-01,synthetic revision
7259,SWE,ECCS,1998,2026-04-01,synthetic revision
7260,CHE,ECCS,1998,2026-04-01,synthetic revision
7261,SYR,ECCS,1998,2026-04-01,synthetic revision
7262,TWN,ECCS,1998,2026-04-01,synthetic revision
7263,TJK,ECCS,1998,2026-04-01,synthetic revision
7264,TZA,ECCS,1998,2026-04-01,synthetic revision
7265,THA,ECCS,1998,2026-04-01,synthetic revision
7266,TLS,ECCS,1998,2026-04-01,synthetic revision
7267,TGO,ECCS,1998,2026-04-01,synthetic revision
7268,TON,ECCS,1998,2026-04-01,synthetic revision
7269,TTO,ECCS,1998,2026-04-01,synthetic revision
7270,TUN,ECCS,1998,2026-04-01,synthetic revision
7271,TKM,ECCS,1998,2026-04-01,synthetic revision
7272,TUV,ECCS,1998,2026-04-01,synthetic revision
7273,UGA,ECCS,1998,2026-04-01,synthetic revision
7274,UKR,ECCS,1998,2026-04-01,synthetic revision
7275,ARE,ECCS,1998,2026-04-01,synthetic revision
7276,GBR,ECCS,1998,2026-04-01,synthetic revision
7277,USA,ECCS,1998,2026-04-01,synthetic revision
7278,VIR,ECCS,1998,2026-04-01,synthetic revision
7279,URY,ECCS,1998,2026-04-01,synthetic revision
7280,UZB,ECCS,1998,2026-04-01,synthetic revision
7281,VUT,ECCS,1998,2026-04-01,synthetic revision
7282,VEN,ECCS,1998,2026-04-01,synthetic revision
7283,VNM,ECCS,1998,2026-04-01,synthetic revision
7284,WLF,ECCS,1998,2026-04-01,synthetic revision
7285,PSE,ECCS,1998,2026-04-01,synthetic revision
7286,ESH,ECCS,1998,2026-04-01,synthetic revision
7287,ZMB,ECCS,1998,2026-04-01,synthetic revision
7288,ZWE,ECCS,1998,2026-04-01,synthetic revision
7289,AFG,ECCS,1999,2026-04-01,synthetic revision
7290,ALB,ECCS,1999,2026-04-01,synthetic revision
7291,DZA,ECCS,1999,2026-04-01,synthetic revision
7292,ASM,ECCS,1999,2026-04-01,synthetic revision
7293,AND,ECCS,1999,2026-04-01,synthetic revision
7294,AGO,ECCS,1999,2026-04-01,synthetic revision
7295,AIA,ECCS,1999,2026-04-01,synthetic revision
7296,ATG,ECCS,1999,2026-04-01,synthetic revision
7297,ARG,ECCS,1999,2026-04-01,synthetic revision
7298,ARM,ECCS,1999,2026-04-01,synthetic revision
7299,ABW,ECCS,1999,2026-04-01,synthetic revision
7300,AUS,ECCS,1999,2026-04-01,synthetic revision
7301,AUT,ECCS,1999,2026-04-01,synthetic revision
7302,AZE,ECCS,1999,2026-04-01,synthetic revision
7303,BHS,ECCS,1999,2026-04-01,synthetic revision
7304,BHR,ECCS,1999,2026-04-01,synthetic revision
7305,BGD,ECCS,1999,2026-04-01,synthetic revision
7306,BRB,ECCS,1999,2026-04-01,synthetic revision
7307,BLR,ECCS,1999,2026-04-01,synthetic revision
7308,BLZ,ECCS,1999,2026-04-01,synthetic revision
7309,BEN,ECCS,1999,2026-04-01,synthetic revision
7310,BTN,ECCS,1999,2026-04-01,synthetic revision
7311,BOL,ECCS,1999,2026-04-01,synthetic revision
7312,BIH,ECCS,1999,2026-04-01,synthetic revision
7313,BWA,ECCS,1999,2026-04-01,synthetic revision
7314,BRA,ECCS,1999,2026-04-01,synthetic revision
7315,VGB,ECCS,1999,2026-04-01,synthetic revision
7316,BRN,ECCS,1999,2026-04-01,synthetic revision
7317,BGR,ECCS,1999,2026-04-01,synthetic revision
7318,BFA,ECCS,1999,2026-04-01,synthetic revision
7319,CPV,ECCS,1999,2026-04-01,synthetic revision
7320,KHM,ECCS,1999,2026-04-01,synthetic revision
7321,CMR,ECCS,1999,2026-04-01,synthetic revision
7322,CAN,ECCS,1999,2026-04-01,synthetic revision
7323,CYM,ECCS,1999,2026-04-01,synthetic revision
7324,CAF,ECCS,1999,2026-04-01,synthetic revision
7325,TCD,ECCS,1999,2026-04-01,synthetic revision
7326,CHL,ECCS,1999,2026-04-01,synthetic revision
7327,HKG,ECCS,1999,2026-04-01,synthetic revision
7328,MAC,ECCS,1999,2026-04-01,synthetic revision
7329,CHN,ECCS,1999,2026-04-01,synthetic revision
7330,COL,ECCS,1999,2026-04-01,synthetic revision
7331,COM,ECCS,1999,2026-04-01,synthetic revision
7332,COD,ECCS,1999,2026-04-01,synthetic revision
7333,COG,ECCS,1999,2026-04-01,synthetic revision
7334,COK,ECCS,1999,2026-04-01,synthetic revision
7335,CRI,ECCS,1999,2026-04-01,synthetic revision
7336,HRV,ECCS,1999,2026-04-01,synthetic revision
7337,CUB,ECCS,1999,2026-04-01,synthetic revision
7338,CYP,ECCS,1999,2026-04-01,synthetic revision
7339,CZE,ECCS,1999,2026-04-01,synthetic revision
7340,DNK,ECCS,1999,2026-04-01,synthetic revision
7341,DJI,ECCS,1999,2026-04-01,synthetic revision
7342,DMA,ECCS,1999,2026-04-01,synthetic revision
7343,DOM,ECCS,1999,2026-04-01,synthetic revision
7344,ECU,ECCS,1999,2026-04-01,synthetic revision
7345,EGY,ECCS,1999,2026-04-01,synthetic revision
7346,SLV,ECCS,1999,2026-04-01,synthetic revision
7347,GNQ,ECCS,1999,2026-04-01,synthetic revision
7348,ERI,ECCS,1999,2026-04-01,synthetic revision
7349,EST,ECCS,1999,2026-04-01,synthetic revision
7350,SWZ,ECCS,1999,2026-04-01,synthetic revision
7351,ETH,ECCS,1999,2026-04-01,synthetic revision
7352,FRO,ECCS,1999,2026-04-01,synthetic revision
7353,FJI,ECCS,1999,2026-04-01,synthetic revision
7354,FIN,ECCS,1999,2026-04-01,synthetic revision
7355,FRA,ECCS,1999,2026-04-01,synthetic revision
7356,PYF,ECCS,1999,2026-04-01,synthetic revision
7357,GAB,ECCS,1999,2026-04-01,synthetic revision
7358,GMB,ECCS,1999,2026-04-01,synthetic revision
7359,GEO,ECCS,1999,2026-04-01,synthetic revision
7360,DEU,ECCS,1999,2026-04-01,synthetic revision
7361,GHA,ECCS,1999,2026-04-01,synthetic revision
7362,GIB,ECCS,1999,2026-04-01,synthetic revision
7363,GRC,ECCS,1999,2026-04-01,synthetic revision
7364,GRL,ECCS,1999,2026-04-01,synthetic revision
7365,GRD,ECCS,1999,2026-04-01,synthetic revision
7366,GLP,ECCS,1999,2026-04-01,synthetic revision
7367,GTM,ECCS,1999,2026-04-01,synthetic revision
7368,GUF,ECCS,1999,2026-04-01,synthetic revision
7369,GIN,ECCS,1999,2026-04-01,synthetic revision
7370,GNB,ECCS,1999,2026-04-01,synthetic revision
7371,GUY,ECCS,1999,2026-04-01,synthetic revision
7372,HTI,ECCS,1999,2026-04-01,synthetic revision
7373,VAT,ECCS,1999,2026-04-01,synthetic revision
7374,HND,ECCS,1999,2026-04-01,synthetic revision
7375,HUN,ECCS,1999,2026-04-01,synthetic revision
7376,ISL,ECCS,1999,2026-04-01,synthetic revision
7377,IND,ECCS,1999,2026-04-01,synthetic revision
7378,IDN,ECCS,1999,2026-04-01,synthetic revision
7379,IRN,ECCS,1999,2026-04-01,synthetic revision
7380,IRQ,ECCS,1999,2026-04-01,synthetic revision
7381,IRL,ECCS,1999,2026-04-01,synthetic revision
7382,IMN,ECCS,1999,2026-04-01,synthetic revision
7383,ISR,ECCS,1999,2026-04-01,synthetic revision
7384,ITA,ECCS,1999,2026-04-01,synthetic revision
7385,JAM,ECCS,1999,2026-04-01,synthetic revision
7386,JPN,ECCS,1999,2026-04-01,synthetic revision
7387,JOR,ECCS,1999,2026-04-01,synthetic revision
7388,KAZ,ECCS,1999,2026-04-01,synthetic revision
7389,KEN,ECCS,1999,2026-04-01,synthetic revision
7390,KIR,ECCS,1999,2026-04-01,synthetic revision
7391,PRK,ECCS,1999,2026-04-01,synthetic revision
7392,KOR,ECCS,1999,2026-04-01,synthetic revision
7393,KWT,ECCS,1999,2026-04-01,synthetic revision
7394,KGZ,ECCS,1999,2026-04-01,synthetic revision
7395,LAO,ECCS,1999,2026-04-01,synthetic revision
7396,LVA,ECCS,1999,2026-04-01,synthetic revision
7397,LBN,ECCS,1999,2026-04-01,synthetic revision
7398,LSO,ECCS,1999,2026-04-01,synthetic revision
7399,LBR,ECCS,1999,2026-04-01,synthetic revision
7400,LBY,ECCS,1999,2026-04-01,synthetic revision
7401,LIE,ECCS,1999,2026-04-01,synthetic revision
7402,LTU,ECCS,1999,2026-04-01,synthetic revision
7403,MDG,ECCS,1999,2026-04-01,synthetic revision
7404,MWI,ECCS,1999,2026-04-01,synthetic revision
7405,MYS,ECCS,1999,2026-04-01,synthetic revision
7406,MDV,ECCS,1999,2026-04-01,synthetic revision
7407,MLI,ECCS,1999,2026-04-01,synthetic revision
7408,MLT,ECCS,1999,2026-04-01,synthetic revision
7409,MHL,ECCS,1999,2026-04-01,synthetic revision
7410,MTQ,ECCS,1999,2026-04-01,synthetic revision
7411,MRT,ECCS,1999,2026-04-01,synthetic revision
7412,MUS,ECCS,1999,2026-04-01,synthetic revision
7413,MYT,ECCS,1999,2026-04-01,synthetic revision
7414,MEX,ECCS,1999,2026-04-01,synthetic revision
7415,FSM,ECCS,1999,2026-04-01,synthetic revision
7416,MDA,ECCS,1999,2026-04-01,synthetic revision
7417,MCO,ECCS,1999,2026-04-01,synthetic revision
7418,MNG,ECCS,1999,2026-04-01,synthetic revision
7419,MSR,ECCS,1999,2026-04-01,synthetic revision
7420,MAR,ECCS,1999,2026-04-01,synthetic revision
7421,MOZ,ECCS,1999,2026-04-01,synthetic revision
7422,MMR,ECCS,1999,2026-04-01,synthetic revision
7423,NPL,ECCS,1999,2026-04-01,synthetic revision
7424,NLD,ECCS,1999,2026-04-01,synthetic revision
7425,NCL,ECCS,1999,2026-04-01,synthetic revision
7426,NZL,ECCS,1999,2026-04-01,synthetic revision
7427,NIC,ECCS,1999,2026-04-01,synthetic revision
7428,NER,ECCS,1999,2026-04-01,synthetic revision
7429,NGA,ECCS,1999,2026-04-01,synthetic revision
7430,MKD,ECCS,1999,2026-04-01,synthetic revision
7431,NOR,ECCS,1999,2026-04-01,synthetic revision
7432,OMN,ECCS,1999,2026-04-01,synthetic revision
7433,PAK,ECCS,1999,2026-04-01,synthetic revision
7434,PLW,ECCS,1999,2026-04-01,synthetic revision
7435,PAN,ECCS,1999,2026-04-01,synthetic revision
7436,PNG,ECCS,1999,2026-04-01,synthetic revision
7437,PRY,ECCS,1999,2026-04-01,synthetic revision
7438,PER,ECCS,1999,2026-04-01,synthetic revision
7439,PHL,ECCS,1999,2026-04-01,synthetic revision
7440,POL,ECCS,1999,2026-04-01,synthetic revision
7441,PRT,ECCS,1999,2026-04-01,synthetic revision
7442,PRI,ECCS,1999,2026-04-01,synthetic revision
7443,QAT,ECCS,1999,2026-04-01,synthetic revision
7444,ROU,ECCS,1999,2026-04-01,synthetic revision
7445,RUS,ECCS,1999,2026-04-01,synthetic revision
7446,SPM,ECCS,1999,2026-04-01,synthetic revision
7447,WSM,ECCS,1999,2026-04-01,synthetic revision
7448,SMR,ECCS,1999,2026-04-01,synthetic revision
7449,STP,ECCS,1999,2026-04-01,synthetic revision
7450,SAU,ECCS,1999,2026-04-01,synthetic revision
7451,SEN,ECCS,1999,2026-04-01,synthetic revision
7452,SYC,ECCS,1999,2026-04-01,synthetic revision
7453,SLE,ECCS,1999,2026-04-01,synthetic revision
7454,SGP,ECCS,1999,2026-04-01,synthetic revision
7455,SVK,ECCS,1999,2026-04-01,synthetic revision
7456,SVN,ECCS,1999,2026-04-01,synthetic revision
7457,SLB,ECCS,1999,2026-04-01,synthetic revision
7458,SOM,ECCS,1999,2026-04-01,synthetic revision
7459,ZAF,ECCS,1999,2026-04-01,synthetic revision
7460,ESP,ECCS,1999,2026-04-01,synthetic revision
7461,LKA,ECCS,1999,2026-04-01,synthetic revision
7462,KNA,ECCS,1999,2026-04-01,synthetic revision
7463,LCA,ECCS,1999,2026-04-01,synthetic revision
7464,VCT,ECCS,1999,2026-04-01,synthetic revision
7465,SUR,ECCS,1999,2026-04-01,synthetic revision
7466,SJM,ECCS,1999,2026-04-01,synthetic revision
7467,SWE,ECCS,1999,2026-04-01,synthetic revision
7468,CHE,ECCS,1999,2026-04-01,synthetic revision
7469,SYR,ECCS,1999,2026-04-01,synthetic revision
7470,TWN,ECCS,1999,2026-04-01,synthetic revision
7471,TJK,ECCS,1999,2026-04-01,synthetic revision
7472,TZA,ECCS,1999,2026-04-01,synthetic revision
7473,THA,ECCS,1999,2026-04-01,synthetic revision
7474,TLS,ECCS,1999,2026-04-01,synthetic revision
7475,TGO,ECCS,1999,2026-04-01,synthetic revision
7476,TON,ECCS,1999,2026-04-01,synthetic revision
7477,TTO,ECCS,1999,2026-04-01,synthetic revision
7478,TUN,ECCS,1999,2026-04-01,synthetic revision
7479,TKM,ECCS,1999,2026-04-01,synthetic revision
7480,TUV,ECCS,1999,2026-04-01,synthetic revision
7481,UGA,ECCS,1999,2026-04-01,synthetic revision
7482,UKR,ECCS,1999,2026-04-01,synthetic revision
7483,ARE,ECCS,1999,2026-04-01,synthetic revision
7484,GBR,ECCS,1999,2026-04-01,synthetic revision
7485,USA,ECCS,1999,2026-04-01,synthetic revision
7486,VIR,ECCS,1999,2026-04-01,synthetic revision
7487,URY,ECCS,1999,2026-04-01,synthetic revision
7488,UZB,ECCS,1999,2026-04-01,synthetic revision
7489,VUT,ECCS,1999,2026-04-01,synthetic revision
7490,VEN,ECCS,1999,2026-04-01,synthetic revision
7491,VNM,ECCS,1999,2026-04-01,synthetic revision
7492,WLF,ECCS,1999,2026-04-01,synthetic revision
7493,PSE,ECCS,1999,2026-04-01,synthetic revision
7494,ESH,ECCS,1999,2026-04-01,synthetic revision
7495,ZMB,ECCS,1999,2026-04-01,synthetic revision
7496,ZWE,ECCS,1999,2026-04-01,synthetic revision
7497,AFG,ECCS,2000,2026-04-01,synthetic revision
7498,ALB,ECCS,2000,2026-04-01,synthetic revision
7499,DZA,ECCS,2000,2026-04-01,synthetic revision
7500,ASM,ECCS,2000,2026-04-01,synthetic revision
7501,AND,ECCS,2000,2026-04-01,synthetic revision
7502,AGO,ECCS,2000,2026-04-01,synthetic revision
7503,AIA,ECCS,2000,2026-04-01,synthetic revision
7504,ATG,ECCS,2000,2026-04-01,synthetic revision
7505,ARG,ECCS,2000,2026-04-01,synthetic revision
7506,ARM,ECCS,2000,2026-04-01,synthetic revision
7507,ABW,ECCS,2000,2026-04-01,synthetic revision
7508,AUS,ECCS,2000,2026-04-01,synthetic revision
7509,AUT,ECCS,2000,2026-04-01,synthetic revision
7510,AZE,ECCS,2000,2026-04-01,synthetic revision
7511,BHS,ECCS,2000,2026-04-01,synthetic revision
7512,BHR,ECCS,2000,2026-04-01,synthetic revision
7513,BGD,ECCS,2000,2026-04-01,synthetic revision
7514,BRB,ECCS,2000,2026-04-01,synthetic revision
7515,BLR,ECCS,2000,2026-04-01,synthetic revision
7516,BEL,ECCS,2000,2026-04-01,synthetic revision
7517,BLZ,ECCS,2000,2026-04-01,synthetic revision
7518,BEN,ECCS,2000,2026-04-01,synthetic revision
7519,BTN,ECCS,2000,2026-04-01,synthetic revision
7520,BOL,ECCS,2000,2026-04-01,synthetic revision
7521,BIH,ECCS,2000,2026-04-01,synthetic revision
7522,BWA,ECCS,2000,2026-04-01,synthetic revision
7523,BRA,ECCS,2000,2026-04-01,synthetic revision
7524,VGB,ECCS,2000,2026-04-01,synthetic revision
7525,BRN,ECCS,2000,2026-04-01,synthetic revision
7526,BGR,ECCS,2000,2026-04-01,synthetic revision
7527,BFA,ECCS,2000,2026-04-01,synthetic revision
7528,CPV,ECCS,2000,2026-04-01,synthetic revision
7529,KHM,ECCS,2000,2026-04-01,synthetic revision
7530,CMR,ECCS,2000,2026-04-01,synthetic revision
7531,CAN,ECCS,2000,2026-04-01,synthetic revision
7532,CAF,ECCS,2000,2026-04-01,synthetic revision
7533,TCD,ECCS,2000,2026-04-01,synthetic revision
7534,CHL,ECCS,2000,2026-04-01,synthetic revision
7535,HKG,ECCS,2000,2026-04-01,synthetic revision
7536,MAC,ECCS,2000,2026-04-01,synthetic revision
7537,CHN,ECCS,2000,2026-04-01,synthetic revision
7538,COL,ECCS,2000,2026-04-01,synthetic revision
7539,COM,ECCS,2000,2026-04-01,synthetic revision
7540,COD,ECCS,2000,2026-04-01,synthetic revision
7541,COG,ECCS,2000,2026-04-01,synthetic revision
7542,COK,ECCS,2000,2026-04-01,synthetic revision
7543,CRI,ECCS,2000,2026-04-01,synthetic revision
7544,HRV,ECCS,2000,2026-04-01,synthetic revision
7545,CUB,ECCS,2000,2026-04-01,synthetic revision
7546,CYP,ECCS,2000,2026-04-01,synthetic revision
7547,CZE,ECCS,2000,2026-04-01,synthetic revision
7548,DNK,ECCS,2000,2026-04-01,synthetic revision
7549,DJI,ECCS,2000,2026-04-01,synthetic revision
7550,DMA,ECCS,2000,2026-04-01,synthetic revision
7551,DOM,ECCS,2000,2026-04-01,synthetic revision
7552,ECU,ECCS,2000,2026-04-01,synthetic revision
7553,EGY,ECCS,2000,2026-04-01,synthetic revision
7554,SLV,ECCS,2000,2026-04-01,synthetic revision
7555,GNQ,ECCS,2000,2026-04-01,synthetic revision
7556,ERI,ECCS,2000,2026-04-01,synthetic revision
7557,EST,ECCS,2000,2026-04-01,synthetic revision
7558,SWZ,ECCS,2000,2026-04-01,synthetic revision
7559,ETH,ECCS,2000,2026-04-01,synthetic revision
7560,FRO,ECCS,2000,2026-04-01,synthetic revision
7561,FJI,ECCS,2000,2026-04-01,synthetic revision
7562,FIN,ECCS,2000,2026-04-01,synthetic revision
7563,FRA,ECCS,2000,2026-04-01,synthetic revision
7564,PYF,ECCS,2000,2026-04-01,synthetic revision
7565,GAB,ECCS,2000,2026-04-01,synthetic revision
7566,GMB,ECCS,2000,2026-04-01,synthetic revision
7567,GEO,ECCS,2000,2026-04-01,synthetic revision
7568,DEU,ECCS,2000,2026-04-01,synthetic revision
7569,GHA,ECCS,2000,2026-04-01,synthetic revision
7570,GIB,ECCS,2000,2026-04-01,synthetic revision
7571,GRC,ECCS,2000,2026-04-01,synthetic revision
7572,GRL,ECCS,2000,2026-04-01,synthetic revision
7573,GRD,ECCS,2000,2026-04-01,synthetic revision
7574,GLP,ECCS,2000,2026-04-01,synthetic revision
7575,GTM,ECCS,2000,2026-04-01,synthetic revision
7576,GUF,ECCS,2000,2026-04-01,synthetic revision
7577,GIN,ECCS,2000,2026-04-01,synthetic revision
7578,GNB,ECCS,2000,2026-04-01,synthetic revision
7579,GUY,ECCS,2000,2026-04-01,synthetic revision
7580,VAT,ECCS,2000,2026-04-01,synthetic revision
7581,HND,ECCS,2000,2026-04-01,synthetic revision
7582,HUN,ECCS,2000,2026-04-01,synthetic revision
7583,ISL,ECCS,2000,2026-04-01,synthetic revision
7584,IND,ECCS,2000,2026-04-01,synthetic revision
7585,IDN,ECCS,2000,2026-04-01,synthetic revision
7586,IRN,ECCS,2000,2026-04-01,synthetic revision
7587,IRQ,ECCS,2000,2026-04-01,synthetic revision
7588,IRL,ECCS,2000,2026-04-01,synthetic revision
7589,IMN,ECCS,2000,2026-04-01,synthetic revision
7590,ISR,ECCS,2000,2026-04-01,synthetic revision
7591,ITA,ECCS,2000,2026-04-01,synthetic revision
7592,JAM,ECCS,2000,2026-04-01,synthetic revision
7593,JPN,ECCS,2000,2026-04-01,synthetic revision
7594,JOR,ECCS,2000,2026-04-01,synthetic revision
7595,KAZ,ECCS,2000,2026-04-01,synthetic revision
7596,KEN,ECCS,2000,2026-04-01,synthetic revision
7597,KIR,ECCS,2000,2026-04-01,synthetic revision
7598,PRK,ECCS,2000,2026-04-01,synthetic revision
7599,KOR,ECCS,2000,2026-04-01,synthetic revision
7600,KWT,ECCS,2000,2026-04-01,synthetic revision
7601,KGZ,ECCS,2000,2026-04-01,synthetic revision
7602,LAO,ECCS,2000,2026-04-01,synthetic revision
7603,LVA,ECCS,2000,2026-04-01,synthetic revision
7604,LBN,ECCS,2000,2026-04-01,synthetic revision
7605,LSO,ECCS,2000,2026-04-01,synthetic revision
7606,LBR,ECCS,2000,2026-04-01,synthetic revision
7607,LBY,ECCS,2000,2026-04-01,synthetic revision
7608,LIE,ECCS,2000,2026-04-01,synthetic revision
7609,LTU,ECCS,2000,2026-04-01,synthetic revision
7610,LUX,ECCS,2000,2026-04-01,synthetic revision
7611,MDG,ECCS,2000,2026-04-01,synthetic revision
7612,MWI,ECCS,2000,2026-04-01,synthetic revision
7613,MYS,ECCS,2000,2026-04-01,synthetic revision
7614,MDV,ECCS,2000,2026-04-01,synthetic revision
7615,MLI,ECCS,2000,2026-04-01,synthetic revision
7616,MLT,ECCS,2000,2026-04-01,synthetic revision
7617,MHL,ECCS,2000,2026-04-01,synthetic revision
7618,MTQ,ECCS,2000,2026-04-01,synthetic revision
7619,MRT,ECCS,2000,2026-04-01,synthetic revision
7620,MUS,ECCS,2000,2026-04-01,synthetic revision
7621,MYT,ECCS,2000,2026-04-01,synthetic revision
7622,MEX,ECCS,2000,2026-04-01,synthetic revision
7623,FSM,ECCS,2000,2026-04-01,synthetic revision
7624,MDA,ECCS,2000,2026-04-01,synthetic revision
7625,MCO,ECCS,2000,2026-04-01,synthetic revision
7626,MNG,ECCS,2000,2026-04-01,synthetic revision
7627,MSR,ECCS,2000,2026-04-01,synthetic revision
7628,MAR,ECCS,2000,2026-04-01,synthetic revision
7629,MOZ,ECCS,2000,2026-04-01,synthetic revision
7630,MMR,ECCS,2000,2026-04-01,synthetic revision
7631,NPL,ECCS,2000,2026-04-01,synthetic revision
7632,NLD,ECCS,2000,2026-04-01,synthetic revision
7633,NCL,ECCS,2000,2026-04-01,synthetic revision
7634,NZL,ECCS,2000,2026-04-01,synthetic revision
7635,NIC,ECCS,2000,2026-04-01,synthetic revision
7636,NER,ECCS,2000,2026-04-01,synthetic revision
7637,NGA,ECCS,2000,2026-04-01,synthetic revision
7638,NFK,ECCS,2000,2026-04-01,synthetic revision
7639,MKD,ECCS,2000,2026-04-01,synthetic revision
7640,NOR,ECCS,2000,2026-04-01,synthetic revision
7641,OMN,ECCS,2000,2026-04-01,synthetic revision
7642,PAK,ECCS,2000,2026-04-01,synthetic revision
7643,PLW,ECCS,2000,2026-04-01,synthetic revision
7644,PAN,ECCS,2000,2026-04-01,synthetic revision
7645,PNG,ECCS,2000,2026-04-01,synthetic revision
7646,PRY,ECCS,2000,2026-04-01,synthetic revision
7647,PER,ECCS,2000,2026-04-01,synthetic revision
7648,PHL,ECCS,2000,2026-04-01,synthetic revision
7649,PCN,ECCS,2000,2026-04-01,synthetic revision
7650,POL,ECCS,2000,2026-04-01,synthetic revision
7651,PRT,ECCS,2000,2026-04-01,synthetic revision
7652,PRI,ECCS,2000,2026-04-01,synthetic revision
7653,QAT,ECCS,2000,2026-04-01,synthetic revision
7654,ROU,ECCS,2000,2026-04-01,synthetic revision
7655,RUS,ECCS,2000,2026-04-01,synthetic revision
7656,SPM,ECCS,2000,2026-04-01,synthetic revision
7657,WSM,ECCS,2000,2026-04-01,synthetic revision
7658,SMR,ECCS,2000,2026-04-01,synthetic revision
7659,STP,ECCS,2000,2026-04-01,synthetic revision
7660,SAU,ECCS,2000,2026-04-01,synthetic revision
7661,SEN,ECCS,2000,2026-04-01,synthetic revision
7662,SYC,ECCS,2000,2026-04-01,synthetic revision
7663,SGP,ECCS,2000,2026-04-01,synthetic revision
7664,SVK,ECCS,2000,2026-04-01,synthetic revision
7665,SVN,ECCS,2000,2026-04-01,synthetic revision
7666,SLB,ECCS,2000,2026-04-01,synthetic revision
7667,SOM,ECCS,2000,2026-04-01,synthetic revision
7668,ZAF,ECCS,2000,2026-04-01,synthetic revision
7669,ESP,ECCS,2000,2026-04-01,synthetic revision
7670,LKA,ECCS,2000,2026-04-01,synthetic revision
7671,KNA,ECCS,2000,2026-04-01,synthetic revision
7672,LCA,ECCS,2000,2026-04-01,synthetic revision
7673,VCT,ECCS,2000,2026-04-01,synthetic revision
7674,SUR,ECCS,2000,2026-04-01,synthetic revision
7675,SJM,ECCS,2000,2026-04-01,synthetic revision
7676,SWE,ECCS,2000,2026-04-01,synthetic revision
7677,CHE,ECCS,2000,2026-04-01,synthetic revision
7678,SYR,ECCS,2000,2026-04-01,synthetic revision
7679,TWN,ECCS,2000,2026-04-01,synthetic revision
7680,TJK,ECCS,2000,2026-04-01,synthetic revision
7681,TZA,ECCS,2000,2026-04-01,synthetic revision
7682,THA,ECCS,2000,2026-04-01,synthetic revision
7683,TGO,ECCS,2000,2026-04-01,synthetic revision
7684,TON,ECCS,2000,2026-04-01,synthetic revision
7685,TTO,ECCS,2000,2026-04-01,synthetic revision
7686,TUN,ECCS,2000,2026-04-01,synthetic revision
7687,TKM,ECCS,2000,2026-04-01,synthetic revision
7688,TUV,ECCS,2000,2026-04-01,synthetic revision
7689,UGA,ECCS,2000,2026-04-01,synthetic revision
7690,UKR,ECCS,2000,2026-04-01,synthetic revision
7691,ARE,ECCS,2000,2026-04-01,synthetic revision
7692,GBR,ECCS,2000,2026-04-01,synthetic revision
7693,USA,ECCS,2000,2026-04-01,synthetic revision
7694,VIR,ECCS,2000,2026-04-01,synthetic revision
7695,URY,ECCS,2000,2026-04-01,synthetic revision
7696,UZB,ECCS,2000,2026-04-01,synthetic revision
7697,VUT,ECCS,2000,2026-04-01,synthetic revision
7698,VEN,ECCS,2000,2026-04-01,synthetic revision
7699,VNM,ECCS,2000,2026-04-01,synthetic revision
7700,WLF,ECCS,2000,2026-04-01,synthetic revision
7701,PSE,ECCS,2000,2026-04-01,synthetic revision
7702,ESH,ECCS,2000,2026-04-01,synthetic revision
7703,ZMB,ECCS,2000,2026-04-01,synthetic revision
7704,ZWE,ECCS,2000,2026-04-01,synthetic revision
7705,AFG,ECCS,2001,2026-04-01,synthetic revision
7706,ALB,ECCS,2001,2026-04-01,synthetic revision
7707,DZA,ECCS,2001,2026-04-01,synthetic revision
7708,ASM,ECCS,2001,2026-04-01,synthetic revision
7709,AND,ECCS,2001,2026-04-01,synthetic revision
7710,AGO,ECCS,2001,2026-04-01,synthetic revision
7711,AIA,ECCS,2001,2026-04-01,synthetic revision
7712,ARG,ECCS,2001,2026-04-01,synthetic revision
7713,ARM,ECCS,2001,2026-04-01,synthetic revision
7714,ABW,ECCS,2001,2026-04-01,synthetic revision
7715,AUS,ECCS,2001,2026-04-01,synthetic revision
7716,AUT,ECCS,2001,2026-04-01,synthetic revision
7717,AZE,ECCS,2001,2026-04-01,synthetic revision
7718,BHS,ECCS,2001,2026-04-01,synthetic revision
7719,BHR,ECCS,2001,2026-04-01,synthetic revision
7720,BGD,ECCS,2001,2026-04-01,synthetic revision
7721,BRB,ECCS,2001,2026-04-01,synthetic revision
7722,BLR,ECCS,2001,2026-04-01,synthetic revision
7723,BEL,ECCS,2001,2026-04-01,synthetic revision
7724,BLZ,ECCS,2001,2026-04-01,synthetic revision
7725,BEN,ECCS,2001,2026-04-01,synthetic revision
7726,BTN,ECCS,2001,2026-04-01,synthetic revision
7727,BOL,ECCS,2001,2026-04-01,synthetic revision
7728,BIH,ECCS,2001,2026-04-01,synthetic revision
7729,BWA,ECCS,2001,2026-04-01,synthetic revision
7730,BRA,ECCS,2001,2026-04-01,synthetic revision
7731,VGB,ECCS,2001,2026-04-01,synthetic revision
7732,BRN,ECCS,2001,2026-04-01,synthetic revision
7733,BGR,ECCS,2001,2026-04-01,synthetic revision
7734,BFA,ECCS,2001,2026-04-01,synthetic revision
7735,BDI,ECCS,2001,2026-04-01,synthetic revision
7736,CPV,ECCS,2001,2026-04-01,synthetic revision
7737,KHM,ECCS,2001,2026-04-01,synthetic revision
7738,CMR,ECCS,2001,2026-04-01,synthetic revision
7739,CAN,ECCS,2001,2026-04-01,synthetic revision
7740,CAF,ECCS,2001,2026-04-01,synthetic revision
7741,TCD,ECCS,2001,2026-04-01,synthetic revision
7742,CHL,ECCS,2001,2026-04-01,synthetic revision
7743,HKG,ECCS,2001,2026-04-01,synthetic revision
7744,MAC,ECCS,2001,2026-04-01,synthetic revision
7745,CHN,ECCS,2001,2026-04-01,synthetic revision
7746,COL,ECCS,2001,2026-04-01,synthetic revision
7747,COM,ECCS,2001,2026-04-01,synthetic revision
7748,COD,ECCS,2001,2026-04-01,synthetic revision
7749,COG,ECCS,2001,2026-04-01,synthetic revision
7750,COK,ECCS,2001,2026-04-01,synthetic revision
7751,CRI,ECCS,2001,2026-04-01,synthetic revision
7752,HRV,ECCS,2001,2026-04-01,synthetic revision
7753,CUB,ECCS,2001,2026-04-01,synthetic revision
7754,CYP,ECCS,2001,2026-04-01,synthetic revision
7755,CZE,ECCS,2001,2026-04-01,synthetic revision
7756,DNK,ECCS,2001,2026-04-01,synthetic revision
7757,DJI,ECCS,2001,2026-04-01,synthetic revision
7758,DOM,ECCS,2001,2026-04-01,synthetic revision
7759,ECU,ECCS,2001,2026-04-01,synthetic revision
7760,EGY,ECCS,2001,2026-04-01,synthetic revision
7761,SLV,ECCS,2001,2026-04-01,synthetic revision
7762,GNQ,ECCS,2001,2026-04-01,synthetic revision
7763,ERI,ECCS,2001,2026-04-01,synthetic revision
7764,EST,ECCS,2001,2026-04-01,synthetic revision
7765,SWZ,ECCS,2001,2026-04-01,synthetic revision
7766,ETH,ECCS,2001,2026-04-01,synthetic revision
7767,FRO,ECCS,2001,2026-04-01,synthetic revision
7768,FJI,ECCS,2001,2026-04-01,synthetic revision
7769,FIN,ECCS,2001,2026-04-01,synthetic revision
7770,FRA,ECCS,2001,2026-04-01,synthetic revision
7771,PYF,ECCS,2001,2026-04-01,synthetic revision
7772,GAB,ECCS,2001,2026-04-01,synthetic revision
7773,GMB,ECCS,2001,2026-04-01,synthetic revision
7774,GEO,ECCS,2001,2026-04-01,synthetic revision
7775,DEU,ECCS,2001,2026-04-01,synthetic revision
7776,GHA,ECCS,2001,2026-04-01,synthetic revision
7777,GIB,ECCS,2001,2026-04-01,synthetic revision
7778,GRC,ECCS,2001,2026-04-01,synthetic revision
7779,GRL,ECCS,2001,2026-04-01,synthetic revision
7780,GRD,ECCS,2001,2026-04-01,synthetic revision
7781,GLP,ECCS,2001,2026-04-01,synthetic revision
7782,GTM,ECCS,2001,2026-04-01,synthetic revision
7783,GUF,ECCS,2001,2026-04-01,synthetic revision
7784,GIN,ECCS,2001,2026-04-01,synthetic revision
7785,GNB,ECCS,2001,2026-04-01,synthetic revision
7786,GUY,ECCS,2001,2026-04-01,synthetic revision
7787,HTI,ECCS,2001,2026-04-01,synthetic revision
7788,VAT,ECCS,2001,2026-04-01,synthetic revision
7789,HND,ECCS,2001,2026-04-01,synthetic revision
7790,HUN,ECCS,2001,2026-04-01,synthetic revision
7791,ISL,ECCS,2001,2026-04-01,synthetic revision
7792,IND,ECCS,2001,2026-04-01,synthetic revision
7793,IDN,ECCS,2001,2026-04-01,synthetic revision
7794,IRN,ECCS,2001,2026-04-01,synthetic revision
7795,IRQ,ECCS,2001,2026-04-01,synthetic revision
7796,IRL,ECCS,2001,2026-04-01,synthetic revision
7797,IMN,ECCS,2001,2026-04-01,synthetic revision
7798,ISR,ECCS,2001,2026-04-01,synthetic revision
7799,ITA,ECCS,2001,2026-04-01,synthetic revision
7800,JAM,ECCS,2001,2026-04-01,synthetic revision
7801,JPN,ECCS,2001,2026-04-01,synthetic revision
7802,JOR,ECCS,2001,2026-04-01,synthetic revision
7803,KAZ,ECCS,2001,2026-04-01,synthetic revision
7804,KEN,ECCS,2001,2026-04-01,synthetic revision
7805,KIR,ECCS,2001,2026-04-01,synthetic revision
7806,PRK,ECCS,2001,2026-04-01,synthetic revision
7807,KOR,ECCS,2001,2026-04-01,synthetic revision
7808,KWT,ECCS,2001,2026-04-01,synthetic revision
7809,KGZ,ECCS,2001,2026-04-01,synthetic revision
7810,LAO,ECCS,2001,2026-04-01,synthetic revision
7811,LVA,ECCS,2001,2026-04-01,synthetic revision
7812,LBN,ECCS,2001,2026-04-01,synthetic revision
7813,LSO,ECCS,2001,2026-04-01,synthetic revision
7814,LBR,ECCS,2001,2026-04-01,synthetic revision
7815,LBY,ECCS,2001,2026-04-01,synthetic revision
7816,LIE,ECCS,2001,2026-04-01,synthetic revision
7817,LTU,ECCS,2001,2026-04-01,synthetic revision
7818,LUX,ECCS,2001,2026-04-01,synthetic revision
7819,MDG,ECCS,2001,2026-04-01,synthetic revision
7820,MWI,ECCS,2001,2026-04-01,synthetic revision
7821,MYS,ECCS,2001,2026-04-01,synthetic revision
7822,MDV,ECCS,2001,2026-04-01,synthetic revision
7823,MLI,ECCS,2001,2026-04-01,synthetic revision
7824,MLT,ECCS,2001,2026-04-01,synthetic revision
7825,MHL,ECCS,2001,2026-04-01,synthetic revision
7826,MTQ,ECCS,2001,2026-04-01,synthetic revision
7827,MRT,ECCS,2001,2026-04-01,synthetic revision
7828,MUS,ECCS,2001,2026-04-01,synthetic revision
7829,MYT,ECCS,2001,2026-04-01,synthetic revision
7830,MEX,ECCS,2001,2026-04-01,synthetic revision
7831,FSM,ECCS,2001,2026-04-01,synthetic revision
7832,MDA,ECCS,2001,2026-04-01,synthetic revision
7833,MCO,ECCS,2001,2026-04-01,synthetic revision
7834,MNG,ECCS,2001,2026-04-01,synthetic revision
7835,MAR,ECCS,2001,2026-04-01,synthetic revision
7836,MOZ,ECCS,2001,2026-04-01,synthetic revision
7837,MMR,ECCS,2001,2026-04-01,synthetic revision
7838,NPL,ECCS,2001,2026-04-01,synthetic revision
7839,NLD,ECCS,2001,2026-04-01,synthetic revision
7840,NCL,ECCS,2001,2026-04-01,synthetic revision
7841,NZL,ECCS,2001,2026-04-01,synthetic revision
7842,NIC,ECCS,2001,2026-04-01,synthetic revision
7843,NER,ECCS,2001,2026-04-01,synthetic revision
7844,NGA,ECCS,2001,2026-04-01,synthetic revision
7845,NFK,ECCS,2001,2026-04-01,synthetic revision
7846,MKD,ECCS,2001,2026-04-01,synthetic revision
7847,NOR,ECCS,2001,2026-04-01,synthetic revision
7848,OMN,ECCS,2001,2026-04-01,synthetic revision
7849,PAK,ECCS,2001,2026-04-01,synthetic revision
7850,PLW,ECCS,2001,2026-04-01,synthetic revision
7851,PAN,ECCS,2001,2026-04-01,synthetic revision
7852,PNG,ECCS,2001,2026-04-01,synthetic revision
7853,PRY,ECCS,2001,2026-04-01,synthetic revision
7854,PER,ECCS,2001,2026-04-01,synthetic revision
7855,PHL,ECCS,2001,2026-04-01,synthetic revision
7856,PCN,ECCS,2001,2026-04-01,synthetic revision
7857,POL,ECCS,2001,2026-04-01,synthetic revision
7858,PRT,ECCS,2001,2026-04-01,synthetic revision
7859,PRI,ECCS,2001,2026-04-01,synthetic revision
7860,QAT,ECCS,2001,2026-04-01,synthetic revision
7861,ROU,ECCS,2001,2026-04-01,synthetic revision
7862,RUS,ECCS,2001,2026-04-01,synthetic revision
7863,RWA,ECCS,2001,2026-04-01,synthetic revision
7864,SPM,ECCS,2001,2026-04-01,synthetic revision
7865,WSM,ECCS,2001,2026-04-01,synthetic revision
7866,SMR,ECCS,2001,2026-04-01,synthetic revision
7867,STP,ECCS,2001,2026-04-01,synthetic revision
7868,SAU,ECCS,2001,2026-04-01,synthetic revision
7869,SEN,ECCS,2001,2026-04-01,synthetic revision
7870,SYC,ECCS,2001,2026-04-01,synthetic revision
7871,SLE,ECCS,2001,2026-04-01,synthetic revision
7872,SGP,ECCS,2001,2026-04-01,synthetic revision
7873,SVK,ECCS,2001,2026-04-01,synthetic revision
7874,SVN,ECCS,2001,2026-04-01,synthetic revision
7875,SOM,ECCS,2001,2026-04-01,synthetic revision
7876,ZAF,ECCS,2001,2026-04-01,synthetic revision
7877,ESP,ECCS,2001,2026-04-01,synthetic revision
7878,LKA,ECCS,2001,2026-04-01,synthetic revision
7879,LCA,ECCS,2001,2026-04-01,synthetic revision
7880,VCT,ECCS,2001,2026-04-01,synthetic revision
7881,SUR,ECCS,2001,2026-04-01,synthetic revision
7882,SJM,ECCS,2001,2026-04-01,synthetic revision
7883,SWE,ECCS,2001,2026-04-01,synthetic revision
7884,CHE,ECCS,2001,2026-04-01,synthetic revision
7885,SYR,ECCS,2001,2026-04-01,synthetic revision
7886,TWN,ECCS,2001,2026-04-01,synthetic revision
7887,TJK,ECCS,2001,2026-04-01,synthetic revision
7888,TZA,ECCS,2001,2026-04-01,synthetic revision
7889,THA,ECCS,2001,2026-04-01,synthetic revision
7890,TGO,ECCS,2001,2026-04-01,synthetic revision
7891,TON,ECCS,2001,2026-04-01,synthetic revision
7892,TTO,ECCS,2001,2026-04-01,synthetic revision
7893,TUN,ECCS,2001,2026-04-01,synthetic revision
7894,TKM,ECCS,2001,2026-04-01,synthetic revision
7895,TUV,ECCS,2001,2026-04-01,synthetic revision
7896,UGA,ECCS,2001,2026-04-01,synthetic revision
7897,UKR,ECCS,2001,2026-04-01,synthetic revision
7898,ARE,ECCS,2001,2026-04-01,synthetic revision
7899,GBR,ECCS,2001,2026-04-01,synthetic revision
7900,USA,ECCS,2001,2026-04-01,synthetic revision
7901,VIR,ECCS,2001,2026-04-01,synthetic revision
7902,URY,ECCS,2001,2026-04-01,synthetic revision
7903,UZB,ECCS,2001,2026-04-01,synthetic revision
7904,VUT,ECCS,2001,2026-04-01,synthetic revision
7905,VEN,ECCS,2001,2026-04-01,synthetic revision
7906,VNM,ECCS,2001,2026-04-01,synthetic revision
7907,WLF,ECCS,2001,2026-04-01,synthetic revision
7908,PSE,ECCS,2001,2026-04-01,synthetic revision
7909,ESH,ECCS,2001,2026-04-01,synthetic revision
7910,ZMB,ECCS,2001,2026-04-01,synthetic revision
7911,ZWE,ECCS,2001,2026-04-01,synthetic revision
7912,AFG,ECCS,2002,2026-04-01,synthetic revision
7913,ALB,ECCS,2002,2026-04-01,synthetic revision
7914,DZA,ECCS,2002,2026-04-01,synthetic revision
7915,ASM,ECCS,2002,2026-04-01,synthetic revision
7916,AND,ECCS,2002,2026-04-01,synthetic revision
7917,AGO,ECCS,2002,2026-04-01,synthetic revision
7918,AIA,ECCS,2002,2026-04-01,synthetic revision
7919,ATG,ECCS,2002,2026-04-01,synthetic revision
7920,ARG,ECCS,2002,2026-04-01,synthetic revision
7921,ARM,ECCS,2002,2026-04-01,synthetic revision
7922,ABW,ECCS,2002,2026-04-01,synthetic revision
7923,AUS,ECCS,2002,2026-04-01,synthetic revision
7924,AUT,ECCS,2002,2026-04-01,synthetic revision
7925,AZE,ECCS,2002,2026-04-01,synthetic revision
7926,BHS,ECCS,2002,2026-04-01,synthetic revision
7927,BHR,ECCS,2002,2026-04-01,synthetic revision
7928,BGD,ECCS,2002,2026-04-01,synthetic revision
7929,BRB,ECCS,2002,2026-04-01,synthetic revision
7930,BLR,ECCS,2002,2026-04-01,synthetic revision
7931,BEL,ECCS,2002,2026-04-01,synthetic revision
7932,BLZ,ECCS,2002,2026-04-01,synthetic revision
7933,BEN,ECCS,2002,2026-04-01,synthetic revision
7934,BTN,ECCS,2002,2026-04-01,synthetic revision
7935,BOL,ECCS,2002,2026-04-01,synthetic revision
7936,BIH,ECCS,2002,2026-04-01,synthetic revision
7937,BWA,ECCS,2002,2026-04-01,synthetic revision
7938,BRA,ECCS,2002,2026-04-01,synthetic revision
7939,VGB,ECCS,2002,2026-04-01,synthetic revision
7940,BRN,ECCS,2002,2026-04-01,synthetic revision
7941,BGR,ECCS,2002,2026-04-01,synthetic revision
7942,BFA,ECCS,2002,2026-04-01,synthetic revision
7943,BDI,ECCS,2002,2026-04-01,synthetic revision
7944,CPV,ECCS,2002,2026-04-01,synthetic revision
7945,KHM,ECCS,2002,2026-04-01,synthetic revision
7946,CMR,ECCS,2002,2026-04-01,synthetic revision
7947,CAN,ECCS,2002,2026-04-01,synthetic revision
7948,CAF,ECCS,2002,2026-04-01,synthetic revision
7949,TCD,ECCS,2002,2026-04-01,synthetic revision
7950,CHL,ECCS,2002,2026-04-01,synthetic revision
7951,HKG,ECCS,2002,2026-04-01,synthetic revision
7952,MAC,ECCS,2002,2026-04-01,synthetic revision
7953,CHN,ECCS,2002,2026-04-01,synthetic revision
7954,COL,ECCS,2002,2026-04-01,synthetic revision
7955,COM,ECCS,2002,2026-04-01,synthetic revision
7956,COD,ECCS,2002,2026-04-01,synthetic revision
7957,COG,ECCS,2002,2026-04-01,synthetic revision
7958,COK,ECCS,2002,2026-04-01,synthetic revision
7959,CRI,ECCS,2002,2026-04-01,synthetic revision
7960,HRV,ECCS,2002,2026-04-01,synthetic revision
7961,CUB,ECCS,2002,2026-04-01,synthetic revision
7962,CYP,ECCS,2002,2026-04-01,synthetic revision
7963,CZE,ECCS,2002,2026-04-01,synthetic revision
7964,DNK,ECCS,2002,2026-04-01,synthetic revision
7965,DJI,ECCS,2002,2026-04-01,synthetic revision
7966,DMA,ECCS,2002,2026-04-01,synthetic revision
7967,DOM,ECCS,2002,2026-04-01,synthetic revision
7968,ECU,ECCS,2002,2026-04-01,synthetic revision
7969,EGY,ECCS,2002,2026-04-01,synthetic revision
7970,SLV,ECCS,2002,2026-04-01,synthetic revision
7971,GNQ,ECCS,2002,2026-04-01,synthetic revision
7972,ERI,ECCS,2002,2026-04-01,synthetic revision
7973,EST,ECCS,2002,2026-04-01,synthetic revision
7974,SWZ,ECCS,2002,2026-04-01,synthetic revision
7975,ETH,ECCS,2002,2026-04-01,synthetic revision
7976,FRO,ECCS,2002,2026-04-01,synthetic revision
7977,FJI,ECCS,2002,2026-04-01,synthetic revision
7978,FIN,ECCS,2002,2026-04-01,synthetic revision
7979,FRA,ECCS,2002,2026-04-01,synthetic revision
7980,PYF,ECCS,2002,2026-04-01,synthetic revision
7981,GAB,ECCS,2002,2026-04-01,synthetic revision
7982,GMB,ECCS,2002,2026-04-01,synthetic revision
7983,GEO,ECCS,2002,2026-04-01,synthetic revision
7984,DEU,ECCS,2002,2026-04-01,synthetic revision
7985,GHA,ECCS,2002,2026-04-01,synthetic revision
7986,GIB,ECCS,2002,2026-04-01,synthetic revision
7987,GRC,ECCS,2002,2026-04-01,synthetic revision
7988,GRL,ECCS,2002,2026-04-01,synthetic revision
7989,GRD,ECCS,2002,2026-04-01,synthetic revision
7990,GLP,ECCS,2002,2026-04-01,synthetic revision
7991,GTM,ECCS,2002,2026-04-01,synthetic revision
7992,GUF,ECCS,2002,2026-04-01,synthetic revision
7993,GIN,ECCS,2002,2026-04-01,synthetic revision
7994,GNB,ECCS,2002,2026-04-01,synthetic revision
7995,GUY,ECCS,2002,2026-04-01,synthetic revision
7996,HTI,ECCS,2002,2026-04-01,synthetic revision
7997,VAT,ECCS,2002,2026-04-01,synthetic revision
7998,HND,ECCS,2002,2026-04-01,synthetic revision
7999,HUN,ECCS,2002,2026-04-01,synthetic revision
8000,ISL,ECCS,2002,2026-04-01,synthetic revision
8001,IND,ECCS,2002,2026-04-01,synthetic revision
8002,IDN,ECCS,2002,2026-04-01,synthetic revision
8003,IRN,ECCS,2002,2026-04-01,synthetic revision
8004,IRQ,ECCS,2002,2026-04-01,synthetic revision
8005,IRL,ECCS,2002,2026-04-01,synthetic revision
8006,IMN,ECCS,2002,2026-04-01,synthetic revision
8007,ISR,ECCS,2002,2026-04-01,synthetic revision
8008,ITA,ECCS,2002,2026-04-01,synthetic revision
8009,JAM,ECCS,2002,2026-04-01,synthetic revision
8010,JPN,ECCS,2002,2026-04-01,synthetic revision
8011,JOR,ECCS,2002,2026-04-01,synthetic revision
8012,KAZ,ECCS,2002,2026-04-01,synthetic revision
8013,KEN,ECCS,2002,2026-04-01,synthetic revision
8014,KIR,ECCS,2002,2026-04-01,synthetic revision
8015,PRK,ECCS,2002,2026-04-01,synthetic revision
8016,KOR,ECCS,2002,2026-04-01,synthetic revision
8017,KWT,ECCS,2002,2026-04-01,synthetic revision
8018,KGZ,ECCS,2002,2026-04-01,synthetic revision
8019,LAO,ECCS,2002,2026-04-01,synthetic revision
8020,LVA,ECCS,2002,2026-04-01,synthetic revision
8021,LBN,ECCS,2002,2026-04-01,synthetic revision
8022,LSO,ECCS,2002,2026-04-01,synthetic revision
8023,LBR,ECCS,2002,2026-04-01,synthetic revision
8024,LBY,ECCS,2002,2026-04-01,synthetic revision
8025,LIE,ECCS,2002,2026-04-01,synthetic revision
8026,LTU,ECCS,2002,2026-04-01,synthetic revision
8027,LUX,ECCS,2002,2026-04-01,synthetic revision
8028,MDG,ECCS,2002,2026-04-01,synthetic revision
8029,MWI,ECCS,2002,2026-04-01,synthetic revision
8030,MYS,ECCS,2002,2026-04-01,synthetic revision
8031,MDV,ECCS,2002,2026-04-01,synthetic revision
8032,MLI,ECCS,2002,2026-04-01,synthetic revision
8033,MLT,ECCS,2002,2026-04-01,synthetic revision
8034,MHL,ECCS,2002,2026-04-01,synthetic revision
8035,MTQ,ECCS,2002,2026-04-01,synthetic revision
8036,MRT,ECCS,2002,2026-04-01,synthetic revision
8037,MUS,ECCS,2002,2026-04-01,synthetic revision
8038,MYT,ECCS,2002,2026-04-01,synthetic revision
8039,MEX,ECCS,2002,2026-04-01,synthetic revision
8040,FSM,ECCS,2002,2026-04-01,synthetic revision
8041,MDA,ECCS,2002,2026-04-01,synthetic revision
8042,MCO,ECCS,2002,2026-04-01,synthetic revision
8043,MNG,ECCS,2002,2026-04-01,synthetic revision
8044,MSR,ECCS,2002,2026-04-01,synthetic revision
8045,MAR,ECCS,2002,2026-04-01,synthetic revision
8046,MOZ,ECCS,2002,2026-04-01,synthetic revision
8047,MMR,ECCS,2002,2026-04-01,synthetic revision
8048,NPL,ECCS,2002,2026-04-01,synthetic revision
8049,NLD,ECCS,2002,2026-04-01,synthetic revision
8050,NCL,ECCS,2002,2026-04-01,synthetic revision
8051,NZL,ECCS,2002,2026-04-01,synthetic revision
8052,NIC,ECCS,2002,2026-04-01,synthetic revision
8053,NER,ECCS,2002,2026-04-01,synthetic revision
8054,NGA,ECCS,2002,2026-04-01,synthetic revision
8055,NFK,ECCS,2002,2026-04-01,synthetic revision
8056,MKD,ECCS,2002,2026-04-01,synthetic revision
8057,NOR,ECCS,2002,2026-04-01,synthetic revision
8058,OMN,ECCS,2002,2026-04-01,synthetic revision
8059,PAK,ECCS,2002,2026-04-01,synthetic revision
8060,PLW,ECCS,2002,2026-04-01,synthetic revision
8061,PAN,ECCS,2002,2026-04-01,synthetic revision
8062,PNG,ECCS,2002,2026-04-01,synthetic revision
8063,PRY,ECCS,2002,2026-04-01,synthetic revision
8064,PER,ECCS,2002,2026-04-01,synthetic revision
8065,PHL,ECCS,2002,2026-04-01,synthetic revision
8066,PCN,ECCS,2002,2026-04-01,synthetic revision
8067,POL,ECCS,2002,2026-04-01,synthetic revision
8068,PRT,ECCS,2002,2026-04-01,synthetic revision
8069,PRI,ECCS,2002,2026-04-01,synthetic revision
8070,QAT,ECCS,2002,2026-04-01,synthetic revision
8071,ROU,ECCS,2002,2026-04-01,synthetic revision
8072,RUS,ECCS,2002,2026-04-01,synthetic revision
8073,RWA,ECCS,2002,2026-04-01,synthetic revision
8074,SPM,ECCS,2002,2026-04-01,synthetic revision
8075,WSM,ECCS,2002,2026-04-01,synthetic revision
8076,SMR,ECCS,2002,2026-04-01,synthetic revision
8077,STP,ECCS,2002,2026-04-01,synthetic revision
8078,SAU,ECCS,2002,2026-04-01,synthetic revision
8079,SEN,ECCS,2002,2026-04-01,synthetic revision
8080,SYC,ECCS,2002,2026-04-01,synthetic revision
8081,SLE,ECCS,2002,2026-04-01,synthetic revision
8082,SGP,ECCS,2002,2026-04-01,synthetic revision
8083,SVK,ECCS,2002,2026-04-01,synthetic revision
8084,SVN,ECCS,2002,2026-04-01,synthetic revision
8085,SOM,ECCS,2002,2026-04-01,synthetic revision
8086,ZAF,ECCS,2002,2026-04-01,synthetic revision
8087,ESP,ECCS,2002,2026-04-01,synthetic revision
8088,LKA,ECCS,2002,2026-04-01,synthetic revision
8089,KNA,ECCS,2002,2026-04-01,synthetic revision
8090,LCA,ECCS,2002,2026-04-01,synthetic revision
8091,VCT,ECCS,2002,2026-04-01,synthetic revision
8092,SUR,ECCS,2002,2026-04-01,synthetic revision
8093,SJM,ECCS,2002,2026-04-01,synthetic revision
8094,SWE,ECCS,2002,2026-04-01,synthetic revision
8095,CHE,ECCS,2002,2026-04-01,synthetic revision
8096,SYR,ECCS,2002,2026-04-01,synthetic revision
8097,TWN,ECCS,2002,2026-04-01,synthetic revision
8098,TJK,ECCS,2002,2026-04-01,synthetic revision
8099,TZA,ECCS,2002,2026-04-01,synthetic revision
8100,THA,ECCS,2002,2026-04-01,synthetic revision
8101,TGO,ECCS,2002,2026-04-01,synthetic revision
8102,TON,ECCS,2002,2026-04-01,synthetic revision
8103,TTO,ECCS,2002,2026-04-01,synthetic revision
8104,TUN,ECCS,2002,2026-04-01,synthetic revision
8105,TKM,ECCS,2002,2026-04-01,synthetic revision
8106,TUV,ECCS,2002,2026-04-01,synthetic revision
8107,UGA,ECCS,2002,2026-04-01,synthetic revision
8108,UKR,ECCS,2002,2026-04-01,synthetic revision
8109,ARE,ECCS,2002,2026-04-01,synthetic revision
8110,GBR,ECCS,2002,2026-04-01,synthetic revision
8111,USA,ECCS,2002,2026-04-01,synthetic revision
8112,VIR,ECCS,2002,2026-04-01,synthetic revision
8113,URY,ECCS,2002,2026-04-01,synthetic revision
8114,UZB,ECCS,2002,2026-04-01,synthetic revision
8115,VUT,ECCS,2002,2026-04-01,synthetic revision
8116,VEN,ECCS,2002,2026-04-01,synthetic revision
8117,VNM,ECCS,2002,2026-04-01,synthetic revision
8118,WLF,ECCS,2002,2026-04-01,synthetic revision
8119,PSE,ECCS,2002,2026-04-01,synthetic revision
8120,ESH,ECCS,2002,2026-04-01,synthetic revision
8121,ZMB,ECCS,2002,2026-04-01,synthetic revision
8122,ZWE,ECCS,2002,2026-04-01,synthetic revision
8123,AFG,ECCS,2003,2026-04-01,synthetic revision
8124,ALB,ECCS,2003,2026-04-01,synthetic revision
8125,DZA,ECCS,2003,2026-04-01,synthetic revision
8126,ASM,ECCS,2003,2026-04-01,synthetic revision
8127,AND,ECCS,2003,2026-04-01,synthetic revision
8128,AGO,ECCS,2003,2026-04-01,synthetic revision
8129,AIA,ECCS,2003,2026-04-01,synthetic revision
8130,ATG,ECCS,2003,2026-04-01,synthetic revision
8131,ARG,ECCS,2003,2026-04-01,synthetic revision
8132,ARM,ECCS,2003,2026-04-01,synthetic revision
8133,ABW,ECCS,2003,2026-04-01,synthetic revision
8134,AUS,ECCS,2003,2026-04-01,synthetic revision
8135,AUT,ECCS,2003,2026-04-01,synthetic revision
8136,AZE,ECCS,2003,2026-04-01,synthetic revision
8137,BHS,ECCS,2003,2026-04-01,synthetic revision
8138,BHR,ECCS,2003,2026-04-01,synthetic revision
8139,BGD,ECCS,2003,2026-04-01,synthetic revision
8140,BRB,ECCS,2003,2026-04-01,synthetic revision
8141,BLR,ECCS,2003,2026-04-01,synthetic revision
8142,BEL,ECCS,2003,2026-04-01,synthetic revision
8143,BLZ,ECCS,2003,2026-04-01,synthetic revision
8144,BEN,ECCS,2003,2026-04-01,synthetic revision
8145,BTN,ECCS,2003,2026-04-01,synthetic revision
8146,BOL,ECCS,2003,2026-04-01,synthetic revision
8147,BIH,ECCS,2003,2026-04-01,synthetic revision
8148,BWA,ECCS,2003,2026-04-01,synthetic revision
8149,BRA,ECCS,2003,2026-04-01,synthetic revision
8150,VGB,ECCS,2003,2026-04-01,synthetic revision
8151,BRN,ECCS,2003,2026-04-01,synthetic revision
8152,BGR,ECCS,2003,2026-04-01,synthetic revision
8153,BFA,ECCS,2003,2026-04-01,synthetic revision
8154,BDI,ECCS,2003,2026-04-01,synthetic revision
8155,CPV,ECCS,2003,2026-04-01,synthetic revision
8156,KHM,ECCS,2003,2026-04-01,synthetic revision
8157,CMR,ECCS,2003,2026-04-01,synthetic revision
8158,CAN,ECCS,2003,2026-04-01,synthetic revision
8159,CAF,ECCS,2003,2026-04-01,synthetic revision
8160,TCD,ECCS,2003,2026-04-01,synthetic revision
8161,CHL,ECCS,2003,2026-04-01,synthetic revision
8162,HKG,ECCS,2003,2026-04-01,synthetic revision
8163,MAC,ECCS,2003,2026-04-01,synthetic revision
8164,CHN,ECCS,2003,2026-04-01,synthetic revision
8165,COL,ECCS,2003,2026-04-01,synthetic revision
8166,COM,ECCS,2003,2026-04-01,synthetic revision
8167,COD,ECCS,2003,2026-04-01,synthetic revision
8168,COG,ECCS,2003,2026-04-01,synthetic revision
8169,COK,ECCS,2003,2026-04-01,synthetic revision
8170,CRI,ECCS,2003,2026-04-01,synthetic revision
8171,HRV,ECCS,2003,2026-04-01,synthetic revision
8172,CUB,ECCS,2003,2026-04-01,synthetic revision
8173,CYP,ECCS,2003,2026-04-01,synthetic revision
8174,CZE,ECCS,2003,2026-04-01,synthetic revision
8175,DNK,ECCS,2003,2026-04-01,synthetic revision
8176,DJI,ECCS,2003,2026-04-01,synthetic revision
8177,DMA,ECCS,2003,2026-04-01,synthetic revision
8178,DOM,ECCS,2003,2026-04-01,synthetic revision
8179,ECU,ECCS,2003,2026-04-01,synthetic revision
8180,EGY,ECCS,2003,2026-04-01,synthetic revision
8181,SLV,ECCS,2003,2026-04-01,synthetic revision
8182,GNQ,ECCS,2003,2026-04-01,synthetic revision
8183,ERI,ECCS,2003,2026-04-01,synthetic revision
8184,EST,ECCS,2003,2026-04-01,synthetic revision
8185,SWZ,ECCS,2003,2026-04-01,synthetic revision
8186,ETH,ECCS,2003,2026-04-01,synthetic revision
8187,FRO,ECCS,2003,2026-04-01,synthetic revision
8188,FJI,ECCS,2003,2026-04-01,synthetic revision
8189,FIN,ECCS,2003,2026-04-01,synthetic revision
8190,FRA,ECCS,2003,2026-04-01,synthetic revision
8191,PYF,ECCS,2003,2026-04-01,synthetic revision
8192,GAB,ECCS,2003,2026-04-01,synthetic revision
8193,GMB,ECCS,2003,2026-04-01,synthetic revision
8194,GEO,ECCS,2003,2026-04-01,synthetic revision
8195,DEU,ECCS,2003,2026-04-01,synthetic revision
8196,GHA,ECCS,2003,2026-04-01,synthetic revision
8197,GIB,ECCS,2003,2026-04-01,synthetic revision
8198,GRC,ECCS,2003,2026-04-01,synthetic revision
8199,GRL,ECCS,2003,2026-04-01,synthetic revision
8200,GRD,ECCS,2003,2026-04-01,synthetic revision
8201,GLP,ECCS,2003,2026-04-01,synthetic revision
8202,GTM,ECCS,2003,2026-04-01,synthetic revision
8203,GUF,ECCS,2003,2026-04-01,synthetic revision
8204,GIN,ECCS,2003,2026-04-01,synthetic revision
8205,GNB,ECCS,2003,2026-04-01,synthetic revision
8206,GUY,ECCS,2003,2026-04-01,synthetic revision
8207,HTI,ECCS,2003,2026-04-01,synthetic revision
8208,VAT,ECCS,2003,2026-04-01,synthetic revision
8209,HND,ECCS,2003,2026-04-01,synthetic revision
8210,HUN,ECCS,2003,2026-04-01,synthetic revision
8211,ISL,ECCS,2003,2026-04-01,synthetic revision
8212,IND,ECCS,2003,2026-04-01,synthetic revision
8213,IDN,ECCS,2003,2026-04-01,synthetic revision
8214,IRN,ECCS,2003,2026-04-01,synthetic revision
8215,IRQ,ECCS,2003,2026-04-01,synthetic revision
8216,IRL,ECCS,2003,2026-04-01,synthetic revision
8217,IMN,ECCS,2003,2026-04-01,synthetic revision
8218,ISR,ECCS,2003,2026-04-01,synthetic revision
8219,ITA,ECCS,2003,2026-04-01,synthetic revision
8220,JAM,ECCS,2003,2026-04-01,synthetic revision
8221,JPN,ECCS,2003,2026-04-01,synthetic revision
8222,JOR,ECCS,2003,2026-04-01,synthetic revision
8223,KAZ,ECCS,2003,2026-04-01,synthetic revision
8224,KEN,ECCS,2003,2026-04-01,synthetic revision
8225,KIR,ECCS,2003,2026-04-01,synthetic revision
8226,PRK,ECCS,2003,2026-04-01,synthetic revision
8227,KOR,ECCS,2003,2026-04-01,synthetic revision
8228,KWT,ECCS,2003,2026-04-01,synthetic revision
8229,KGZ,ECCS,2003,2026-04-01,synthetic revision
8230,LAO,ECCS,2003,2026-04-01,synthetic revision
8231,LVA,ECCS,2003,2026-04-01,synthetic revision
8232,LBN,ECCS,2003,2026-04-01,synthetic revision
8233,LSO,ECCS,2003,2026-04-01,synthetic revision
8234,LBR,ECCS,2003,2026-04-01,synthetic revision
8235,LBY,ECCS,2003,2026-04-01,synthetic revision
8236,LIE,ECCS,2003,2026-04-01,synthetic revision
8237,LTU,ECCS,2003,2026-04-01,synthetic revision
8238,LUX,ECCS,2003,2026-04-01,synthetic revision
8239,MDG,ECCS,2003,2026-04-01,synthetic revision
8240,MWI,ECCS,2003,2026-04-01,synthetic revision
8241,MYS,ECCS,2003,2026-04-01,synthetic revision
8242,MDV,ECCS,2003,2026-04-01,synthetic revision
8243,MLI,ECCS,2003,2026-04-01,synthetic revision
8244,MLT,ECCS,2003,2026-04-01,synthetic revision
8245,MHL,ECCS,2003,2026-04-01,synthetic revision
8246,MTQ,ECCS,2003,2026-04-01,synthetic revision
8247,MRT,ECCS,2003,2026-04-01,synthetic revision
8248,MUS,ECCS,2003,2026-04-01,synthetic revision
8249,MYT,ECCS,2003,2026-04-01,synthetic revision
8250,MEX,ECCS,2003,2026-04-01,synthetic revision
8251,FSM,ECCS,2003,2026-04-01,synthetic revision
8252,MDA,ECCS,2003,2026-04-01,synthetic revision
8253,MCO,ECCS,2003,2026-04-01,synthetic revision
8254,MNG,ECCS,2003,2026-04-01,synthetic revision
8255,MSR,ECCS,2003,2026-04-01,synthetic revision
8256,MAR,ECCS,2003,2026-04-01,synthetic revision
8257,MOZ,ECCS,2003,2026-04-01,synthetic revision
8258,MMR,ECCS,2003,2026-04-01,synthetic revision
8259,NPL,ECCS,2003,2026-04-01,synthetic revision
8260,NLD,ECCS,2003,2026-04-01,synthetic revision
8261,NCL,ECCS,2003,2026-04-01,synthetic revision
8262,NZL,ECCS,2003,2026-04-01,synthetic revision
8263,NIC,ECCS,2003,2026-04-01,synthetic revision
8264,NER,ECCS,2003,2026-04-01,synthetic revision
8265,NGA,ECCS,2003,2026-04-01,synthetic revision
8266,NFK,ECCS,2003,2026-04-01,synthetic revision
8267,MKD,ECCS,2003,2026-04-01,synthetic revision
8268,NOR,ECCS,2003,2026-04-01,synthetic revision
8269,OMN,ECCS,2003,2026-04-01,synthetic revision
8270,PAK,ECCS,2003,2026-04-01,synthetic revision
8271,PLW,ECCS,2003,2026-04-01,synthetic revision
8272,PAN,ECCS,2003,2026-04-01,synthetic revision
8273,PNG,ECCS,2003,2026-04-01,synthetic revision
8274,PRY,ECCS,2003,2026-04-01,synthetic revision
8275,PER,ECCS,2003,2026-04-01,synthetic revision
8276,PHL,ECCS,2003,2026-04-01,synthetic revision
8277,PCN,ECCS,2003,2026-04-01,synthetic revision
8278,POL,ECCS,2003,2026-04-01,synthetic revision
8279,PRT,ECCS,2003,2026-04-01,synthetic revision
8280,PRI,ECCS,2003,2026-04-01,synthetic revision
8281,QAT,ECCS,2003,2026-04-01,synthetic revision
8282,ROU,ECCS,2003,2026-04-01,synthetic revision
8283,RUS,ECCS,2003,2026-04-01,synthetic revision
8284,RWA,ECCS,2003,2026-04-01,synthetic revision
8285,SPM,ECCS,2003,2026-04-01,synthetic revision
8286,WSM,ECCS,2003,2026-04-01,synthetic revision
8287,SMR,ECCS,2003,2026-04-01,synthetic revision
8288,STP,ECCS,2003,2026-04-01,synthetic revision
8289,SAU,ECCS,2003,2026-04-01,synthetic revision
8290,SEN,ECCS,2003,2026-04-01,synthetic revision
8291,SYC,ECCS,2003,2026-04-01,synthetic revision
8292,SLE,ECCS,2003,2026-04-01,synthetic revision
8293,SGP,ECCS,2003,2026-04-01,synthetic revision
8294,SVK,ECCS,2003,2026-04-01,synthetic revision
8295,SVN,ECCS,2003,2026-04-01,synthetic revision
8296,SLB,ECCS,2003,2026-04-01,synthetic revision
8297,SOM,ECCS,2003,2026-04-01,synthetic revision
8298,ZAF,ECCS,2003,2026-04-01,synthetic revision
8299,ESP,ECCS,2003,2026-04-01,synthetic revision
8300,LKA,ECCS,2003,2026-04-01,synthetic revision
8301,KNA,ECCS,2003,2026-04-01,synthetic revision
8302,LCA,ECCS,2003,2026-04-01,synthetic revision
8303,VCT,ECCS,2003,2026-04-01,synthetic revision
8304,SUR,ECCS,2003,2026-04-01,synthetic revision
8305,SJM,ECCS,2003,2026-04-01,synthetic revision
8306,SWE,ECCS,2003,2026-04-01,synthetic revision
8307,CHE,ECCS,2003,2026-04-01,synthetic revision
8308,SYR,ECCS,2003,2026-04-01,synthetic revision
8309,TWN,ECCS,2003,2026-04-01,synthetic revision
8310,TJK,ECCS,2003,2026-04-01,synthetic revision
8311,TZA,ECCS,2003,2026-04-01,synthetic revision
8312,THA,ECCS,2003,2026-04-01,synthetic revision
8313,TLS,ECCS,2003,2026-04-01,synthetic revision
8314,TGO,ECCS,2003,2026-04-01,synthetic revision
8315,TON,ECCS,2003,2026-04-01,synthetic revision
8316,TTO,ECCS,2003,2026-04-01,synthetic revision
8317,TUN,ECCS,2003,2026-04-01,synthetic revision
8318,TKM,ECCS,2003,2026-04-01,synthetic revision
8319,TUV,ECCS,2003,2026-04-01,synthetic revision
8320,UGA,ECCS,2003,2026-04-01,synthetic revision
8321,UKR,ECCS,2003,2026-04-01,synthetic revision
8322,ARE,ECCS,2003,2026-04-01,synthetic revision
8323,GBR,ECCS,2003,2026-04-01,synthetic revision
8324,USA,ECCS,2003,2026-04-01,synthetic revision
8325,VIR,ECCS,2003,2026-04-01,synthetic revision
8326,URY,ECCS,2003,2026-04-01,synthetic revision
8327,UZB,ECCS,2003,2026-04-01,synthetic revision
8328,VUT,ECCS,2003,2026-04-01,synthetic revision
8329,VEN,ECCS,2003,2026-04-01,synthetic revision
8330,VNM,ECCS,2003,2026-04-01,synthetic revision
8331,WLF,ECCS,2003,2026-04-01,synthetic revision
8332,PSE,ECCS,2003,2026-04-01,synthetic revision
8333,ESH,ECCS,2003,2026-04-01,synthetic revision
8334,ZMB,ECCS,2003,2026-04-01,synthetic revision
8335,ZWE,ECCS,2003,2026-04-01,synthetic revision
8336,AFG,ECCS,2004,2026-04-01,synthetic revision
8337,ALB,ECCS,2004,2026-04-01,synthetic revision
8338,DZA,ECCS,2004,2026-04-01,synthetic revision
8339,ASM,ECCS,2004,2026-04-01,synthetic revision
8340,AND,ECCS,2004,2026-04-01,synthetic revision
8341,AGO,ECCS,2004,2026-04-01,synthetic revision
8342,AIA,ECCS,2004,2026-04-01,synthetic revision
8343,ATG,ECCS,2004,2026-04-01,synthetic revision
8344,ARG,ECCS,2004,2026-04-01,synthetic revision
8345,ARM,ECCS,2004,2026-04-01,synthetic revision
8346,ABW,ECCS,2004,2026-04-01,synthetic revision
8347,AUS,ECCS,2004,2026-04-01,synthetic revision
8348,AUT,ECCS,2004,2026-04-01,synthetic revision
8349,AZE,ECCS,2004,2026-04-01,synthetic revision
8350,BHS,ECCS,2004,2026-04-01,synthetic revision
8351,BHR,ECCS,2004,2026-04-01,synthetic revision
8352,BGD,ECCS,2004,2026-04-01,synthetic revision
8353,BRB,ECCS,2004,2026-04-01,synthetic revision
8354,BLR,ECCS,2004,2026-04-01,synthetic revision
8355,BEL,ECCS,2004,2026-04-01,synthetic revision
8356,BLZ,ECCS,2004,2026-04-01,synthetic revision
8357,BEN,ECCS,2004,2026-04-01,synthetic revision
8358,BTN,ECCS,2004,2026-04-01,synthetic revision
8359,BOL,ECCS,2004,2026-04-01,synthetic revision
8360,BIH,ECCS,2004,2026-04-01,synthetic revision
8361,BWA,ECCS,2004,2026-04-01,synthetic revision
8362,BRA,ECCS,2004,2026-04-01,synthetic revision
8363,VGB,ECCS,2004,2026-04-01,synthetic revision
8364,BRN,ECCS,2004,2026-04-01,synthetic revision
8365,BGR,ECCS,2004,2026-04-01,synthetic revision
8366,BFA,ECCS,2004,2026-04-01,synthetic revision
8367,BDI,ECCS,2004,2026-04-01,synthetic revision
8368,CPV,ECCS,2004,2026-04-01,synthetic revision
8369,KHM,ECCS,2004,2026-04-01,synthetic revision
8370,CMR,ECCS,2004,2026-04-01,synthetic revision
8371,CAN,ECCS,2004,2026-04-01,synthetic revision
8372,CAF,ECCS,2004,2026-04-01,synthetic revision
8373,TCD,ECCS,2004,2026-04-01,synthetic revision
8374,CHL,ECCS,2004,2026-04-01,synthetic revision
8375,HKG,ECCS,2004,2026-04-01,synthetic revision
8376,MAC,ECCS,2004,2026-04-01,synthetic revision
8377,CHN,ECCS,2004,2026-04-01,synthetic revision
8378,COL,ECCS,2004,2026-04-01,synthetic revision
8379,COM,ECCS,2004,2026-04-01,synthetic revision
8380,COD,ECCS,2004,2026-04-01,synthetic revision
8381,COG,ECCS,2004,2026-04-01,synthetic revision
8382,COK,ECCS,2004,2026-04-01,synthetic revision
8383,CRI,ECCS,2004,2026-04-01,synthetic revision
8384,HRV,ECCS,2004,2026-04-01,synthetic revision
8385,CUB,ECCS,2004,2026-04-01,synthetic revision
8386,CYP,ECCS,2004,2026-04-01,synthetic revision
8387,CZE,ECCS,2004,2026-04-01,synthetic revision
8388,DNK,ECCS,2004,2026-04-01,synthetic revision
8389,DJI,ECCS,2004,2026-04-01,synthetic revision
8390,DMA,ECCS,2004,2026-04-01,synthetic revision
8391,DOM,ECCS,2004,2026-04-01,synthetic revision
8392,ECU,ECCS,2004,2026-04-01,synthetic revision
8393,EGY,ECCS,2004,2026-04-01,synthetic revision
8394,SLV,ECCS,2004,2026-04-01,synthetic revision
8395,GNQ,ECCS,2004,2026-04-01,synthetic revision
8396,ERI,ECCS,2004,2026-04-01,synthetic revision
8397,EST,ECCS,2004,2026-04-01,synthetic revision
8398,SWZ,ECCS,2004,2026-04-01,synthetic revision
8399,ETH,ECCS,2004,2026-04-01,synthetic revision
8400,FRO,ECCS,2004,2026-04-01,synthetic revision
8401,FJI,ECCS,2004,2026-04-01,synthetic revision
8402,FIN,ECCS,2004,2026-04-01,synthetic revision
8403,FRA,ECCS,2004,2026-04-01,synthetic revision
8404,PYF,ECCS,2004,2026-04-01,synthetic revision
8405,GAB,ECCS,2004,2026-04-01,synthetic revision
8406,GMB,ECCS,2004,2026-04-01,synthetic revision
8407,GEO,ECCS,2004,2026-04-01,synthetic revision
8408,DEU,ECCS,2004,2026-04-01,synthetic revision
8409,GHA,ECCS,2004,2026-04-01,synthetic revision
8410,GIB,ECCS,2004,2026-04-01,synthetic revision
8411,GRC,ECCS,2004,2026-04-01,synthetic revision
8412,GRL,ECCS,2004,2026-04-01,synthetic revision
8413,GRD,ECCS,2004,2026-04-01,synthetic revision
8414,GLP,ECCS,2004,2026-04-01,synthetic revision
8415,GTM,ECCS,2004,2026-04-01,synthetic revision
8416,GUF,ECCS,2004,2026-04-01,synthetic revision
8417,GIN,ECCS,2004,2026-04-01,synthetic revision
8418,GNB,ECCS,2004,2026-04-01,synthetic revision
8419,GUY,ECCS,2004,2026-04-01,synthetic revision
8420,HTI,ECCS,2004,2026-04-01,synthetic revision
8421,VAT,ECCS,2004,2026-04-01,synthetic revision
8422,HND,ECCS,2004,2026-04-01,synthetic revision
8423,HUN,ECCS,2004,2026-04-01,synthetic revision
8424,ISL,ECCS,2004,2026-04-01,synthetic revision
8425,IND,ECCS,2004,2026-04-01,synthetic revision
8426,IDN,ECCS,2004,2026-04-01,synthetic revision
8427,IRN,ECCS,2004,2026-04-01,synthetic revision
8428,IRQ,ECCS,2004,2026-04-01,synthetic revision
8429,IRL,ECCS,2004,2026-04-01,synthetic revision
8430,IMN,ECCS,2004,2026-04-01,synthetic revision
8431,ISR,ECCS,2004,2026-04-01,synthetic revision
8432,ITA,ECCS,2004,2026-04-01,synthetic revision
8433,JAM,ECCS,2004,2026-04-01,synthetic revision
8434,JPN,ECCS,2004,2026-04-01,synthetic revision
8435,JOR,ECCS,2004,2026-04-01,synthetic revision
8436,KAZ,ECCS,2004,2026-04-01,synthetic revision
8437,KEN,ECCS,2004,2026-04-01,synthetic revision
8438,PRK,ECCS,2004,2026-04-01,synthetic revision
8439,KOR,ECCS,2004,2026-04-01,synthetic revision
8440,KWT,ECCS,2004,2026-04-01,synthetic revision
8441,KGZ,ECCS,2004,2026-04-01,synthetic revision
8442,LAO,ECCS,2004,2026-04-01,synthetic revision
8443,LVA,ECCS,2004,2026-04-01,synthetic revision
8444,LBN,ECCS,2004,2026-04-01,synthetic revision
8445,LSO,ECCS,2004,2026-04-01,synthetic revision
8446,LBR,ECCS,2004,2026-04-01,synthetic revision
8447,LBY,ECCS,2004,2026-04-01,synthetic revision
8448,LIE,ECCS,2004,2026-04-01,synthetic revision
8449,LTU,ECCS,2004,2026-04-01,synthetic revision
8450,LUX,ECCS,2004,2026-04-01,synthetic revision
8451,MDG,ECCS,2004,2026-04-01,synthetic revision
8452,MWI,ECCS,2004,2026-04-01,synthetic revision
8453,MYS,ECCS,2004,2026-04-01,synthetic revision
8454,MDV,ECCS,2004,2026-04-01,synthetic revision
8455,MLI,ECCS,2004,2026-04-01,synthetic revision
8456,MLT,ECCS,2004,2026-04-01,synthetic revision
8457,MHL,ECCS,2004,2026-04-01,synthetic revision
8458,MTQ,ECCS,2004,2026-04-01,synthetic revision
8459,MRT,ECCS,2004,2026-04-01,synthetic revision
8460,MUS,ECCS,2004,2026-04-01,synthetic revision
8461,MYT,ECCS,2004,2026-04-01,synthetic revision
8462,MEX,ECCS,2004,2026-04-01,synthetic revision
8463,FSM,ECCS,2004,2026-04-01,synthetic revision
8464,MDA,ECCS,2004,2026-04-01,synthetic revision
8465,MCO,ECCS,2004,2026-04-01,synthetic revision
8466,MNG,ECCS,2004,2026-04-01,synthetic revision
8467,MSR,ECCS,2004,2026-04-01,synthetic revision
8468,MAR,ECCS,2004,2026-04-01,synthetic revision
8469,MOZ,ECCS,2004,2026-04-01,synthetic revision
8470,MMR,ECCS,2004,2026-04-01,synthetic revision
8471,NPL,ECCS,2004,2026-04-01,synthetic revision
8472,NLD,ECCS,2004,2026-04-01,synthetic revision
8473,NCL,ECCS,2004,2026-04-01,synthetic revision
8474,NZL,ECCS,2004,2026-04-01,synthetic revision
8475,NIC,ECCS,2004,2026-04-01,synthetic revision
8476,NER,ECCS,2004,2026-04-01,synthetic revision
8477,NGA,ECCS,2004,2026-04-01,synthetic revision
8478,NFK,ECCS,2004,2026-04-01,synthetic revision
8479,MKD,ECCS,2004,2026-04-01,synthetic revision
8480,NOR,ECCS,2004,2026-04-01,synthetic revision
8481,OMN,ECCS,2004,2026-04-01,synthetic revision
8482,PAK,ECCS,2004,2026-04-01,synthetic revision
8483,PLW,ECCS,2004,2026-04-01,synthetic revision
8484,PAN,ECCS,2004,2026-04-01,synthetic revision
8485,PNG,ECCS,2004,2026-04-01,synthetic revision
8486,PRY,ECCS,2004,2026-04-01,synthetic revision
8487,PER,ECCS,2004,2026-04-01,synthetic revision
8488,PHL,ECCS,2004,2026-04-01,synthetic revision
8489,PCN,ECCS,2004,2026-04-01,synthetic revision
8490,POL,ECCS,2004,2026-04-01,synthetic revision
8491,PRT,ECCS,2004,2026-04-01,synthetic revision
8492,PRI,ECCS,2004,2026-04-01,synthetic revision
8493,QAT,ECCS,2004,2026-04-01,synthetic revision
8494,ROU,ECCS,2004,2026-04-01,synthetic revision
8495,RUS,ECCS,2004,2026-04-01,synthetic revision
8496,RWA,ECCS,2004,2026-04-01,synthetic revision
8497,SPM,ECCS,2004,2026-04-01,synthetic revision
8498,WSM,ECCS,2004,2026-04-01,synthetic revision
8499,SMR,ECCS,2004,2026-04-01,synthetic revision
8500,STP,ECCS,2004,2026-04-01,synthetic revision
8501,SAU,ECCS,2004,2026-04-01,synthetic revision
8502,SEN,ECCS,2004,2026-04-01,synthetic revision
8503,SYC,ECCS,2004,2026-04-01,synthetic revision
8504,SLE,ECCS,2004,2026-04-01,synthetic revision
8505,SGP,ECCS,2004,2026-04-01,synthetic revision
8506,SVK,ECCS,2004,2026-04-01,synthetic revision
8507,SVN,ECCS,2004,2026-04-01,synthetic revision
8508,SLB,ECCS,2004,2026-04-01,synthetic revision
8509,SOM,ECCS,2004,2026-04-01,synthetic revision
8510,ZAF,ECCS,2004,2026-04-01,synthetic revision
8511,ESP,ECCS,2004,2026-04-01,synthetic revision
8512,LKA,ECCS,2004,2026-04-01,synthetic revision
8513,KNA,ECCS,2004,2026-04-01,synthetic revision
8514,LCA,ECCS,2004,2026-04-01,synthetic revision
8515,VCT,ECCS,2004,2026-04-01,synthetic revision
8516,SUR,ECCS,2004,2026-04-01,synthetic revision
8517,SJM,ECCS,2004,2026-04-01,synthetic revision
8518,SWE,ECCS,2004,2026-04-01,synthetic revision
8519,CHE,ECCS,2004,2026-04-01,synthetic revision
8520,SYR,ECCS,2004,2026-04-01,synthetic revision
8521,TWN,ECCS,2004,2026-04-01,synthetic revision
8522,TJK,ECCS,2004,2026-04-01,synthetic revision
8523,TZA,ECCS,2004,2026-04-01,synthetic revision
8524,THA,ECCS,2004,2026-04-01,synthetic revision
8525,TLS,ECCS,2004,2026-04-01,synthetic revision
8526,TGO,ECCS,2004,2026-04-01,synthetic revision
8527,TON,ECCS,2004,2026-04-01,synthetic revision
8528,TTO,ECCS,2004,2026-04-01,synthetic revision
8529,TUN,ECCS,2004,2026-04-01,synthetic revision
8530,TKM,ECCS,2004,2026-04-01,synthetic revision
8531,TUV,ECCS,2004,2026-04-01,synthetic revision
8532,UGA,ECCS,2004,2026-04-01,synthetic revision
8533,UKR,ECCS,2004,2026-04-01,synthetic revision
8534,ARE,ECCS,2004,2026-04-01,synthetic revision
8535,GBR,ECCS,2004,2026-04-01,synthetic revision
8536,USA,ECCS,2004,2026-04-01,synthetic revision
8537,VIR,ECCS,2004,2026-04-01,synthetic revision
8538,URY,ECCS,2004,2026-04-01,synthetic revision
8539,UZB,ECCS,2004,2026-04-01,synthetic revision
8540,VUT,ECCS,2004,2026-04-01,synthetic revision
8541,VEN,ECCS,2004,2026-04-01,synthetic revision
8542,VNM,ECCS,2004,2026-04-01,synthetic revision
8543,WLF,ECCS,2004,2026-04-01,synthetic revision
8544,PSE,ECCS,2004,2026-04-01,synthetic revision
8545,ESH,ECCS,2004,2026-04-01,synthetic revision
8546,ZMB,ECCS,2004,2026-04-01,synthetic revision
8547,ZWE,ECCS,2004,2026-04-01,synthetic revision
8548,AFG,ECCS,2005,2026-04-01,synthetic revision
8549,ALB,ECCS,2005,2026-04-01,synthetic revision
8550,DZA,ECCS,2005,2026-04-01,synthetic revision
8551,ASM,ECCS,2005,2026-04-01,synthetic revision
8552,AND,ECCS,2005,2026-04-01,synthetic revision
8553,AGO,ECCS,2005,2026-04-01,synthetic revision
8554,AIA,ECCS,2005,2026-04-01,synthetic revision
8555,ATG,ECCS,2005,2026-04-01,synthetic revision
8556,ARG,ECCS,2005,2026-04-01,synthetic revision
8557,ARM,ECCS,2005,2026-04-01,synthetic revision
8558,ABW,ECCS,2005,2026-04-01,synthetic revision
8559,AUS,ECCS,2005,2026-04-01,synthetic revision
8560,AUT,ECCS,2005,2026-04-01,synthetic revision
8561,AZE,ECCS,2005,2026-04-01,synthetic revision
8562,BHS,ECCS,2005,2026-04-01,synthetic revision
8563,BHR,ECCS,2005,2026-04-01,synthetic revision
8564,BGD,ECCS,2005,2026-04-01,synthetic revision
8565,BRB,ECCS,2005,2026-04-01,synthetic revision
8566,BLR,ECCS,2005,2026-04-01,synthetic revision
8567,BEL,ECCS,2005,2026-04-01,synthetic revision
8568,BLZ,ECCS,2005,2026-04-01,synthetic revision
8569,BEN,ECCS,2005,2026-04-01,synthetic revision
8570,BTN,ECCS,2005,2026-04-01,synthetic revision
8571,BOL,ECCS,2005,2026-04-01,synthetic revision
8572,BIH,ECCS,2005,2026-04-01,synthetic revision
8573,BWA,ECCS,2005,2026-04-01,synthetic revision
8574,BRA,ECCS,2005,2026-04-01,synthetic revision
8575,VGB,ECCS,2005,2026-04-01,synthetic revision
8576,BRN,ECCS,2005,2026-04-01,synthetic revision
8577,BGR,ECCS,2005,2026-04-01,synthetic revision
8578,BFA,ECCS,2005,2026-04-01,synthetic revision
8579,CPV,ECCS,2005,2026-04-01,synthetic revision
8580,KHM,ECCS,2005,2026-04-01,synthetic revision
8581,CMR,ECCS,2005,2026-04-01,synthetic revision
8582,CAN,ECCS,2005,2026-04-01,synthetic revision
8583,CYM,ECCS,2005,2026-04-01,synthetic revision
8584,CAF,ECCS,2005,2026-04-01,synthetic revision
8585,TCD,ECCS,2005,2026-04-01,synthetic revision
8586,CHL,ECCS,2005,2026-04-01,synthetic revision
8587,HKG,ECCS,2005,2026-04-01,synthetic revision
8588,MAC,ECCS,2005,2026-04-01,synthetic revision
8589,CHN,ECCS,2005,2026-04-01,synthetic revision
8590,COL,ECCS,2005,2026-04-01,synthetic revision
8591,COM,ECCS,2005,2026-04-01,synthetic revision
8592,COD,ECCS,2005,2026-04-01,synthetic revision
8593,COG,ECCS,2005,2026-04-01,synthetic revision
8594,COK,ECCS,2005,2026-04-01,synthetic revision
8595,CRI,ECCS,2005,2026-04-01,synthetic revision
8596,HRV,ECCS,2005,2026-04-01,synthetic revision
8597,CUB,ECCS,2005,2026-04-01,synthetic revision
8598,CYP,ECCS,2005,2026-04-01,synthetic revision
8599,CZE,ECCS,2005,2026-04-01,synthetic revision
8600,DNK,ECCS,2005,2026-04-01,synthetic revision
8601,DJI,ECCS,2005,2026-04-01,synthetic revision
8602,DMA,ECCS,2005,2026-04-01,synthetic revision
8603,DOM,ECCS,2005,2026-04-01,synthetic revision
8604,ECU,ECCS,2005,2026-04-01,synthetic revision
8605,EGY,ECCS,2005,2026-04-01,synthetic revision
8606,SLV,ECCS,2005,2026-04-01,synthetic revision
8607,GNQ,ECCS,2005,2026-04-01,synthetic revision
8608,ERI,ECCS,2005,2026-04-01,synthetic revision
8609,EST,ECCS,2005,2026-04-01,synthetic revision
8610,SWZ,ECCS,2005,2026-04-01,synthetic revision
8611,ETH,ECCS,2005,2026-04-01,synthetic revision
8612,FRO,ECCS,2005,2026-04-01,synthetic revision
8613,FJI,ECCS,2005,2026-04-01,synthetic revision
8614,FIN,ECCS,2005,2026-04-01,synthetic revision
8615,FRA,ECCS,2005,2026-04-01,synthetic revision
8616,PYF,ECCS,2005,2026-04-01,synthetic revision
8617,GAB,ECCS,2005,2026-04-01,synthetic revision
8618,GMB,ECCS,2005,2026-04-01,synthetic revision
8619,GEO,ECCS,2005,2026-04-01,synthetic revision
8620,DEU,ECCS,2005,2026-04-01,synthetic revision
8621,GHA,ECCS,2005,2026-04-01,synthetic revision
8622,GIB,ECCS,2005,2026-04-01,synthetic revision
8623,GRC,ECCS,2005,2026-04-01,synthetic revision
8624,GRL,ECCS,2005,2026-04-01,synthetic revision
8625,GRD,ECCS,2005,2026-04-01,synthetic revision
8626,GLP,ECCS,2005,2026-04-01,synthetic revision
8627,GTM,ECCS,2005,2026-04-01,synthetic revision
8628,GUF,ECCS,2005,2026-04-01,synthetic revision
8629,GIN,ECCS,2005,2026-04-01,synthetic revision
8630,GNB,ECCS,2005,2026-04-01,synthetic revision
8631,GUY,ECCS,2005,2026-04-01,synthetic revision
8632,HTI,ECCS,2005,2026-04-01,synthetic revision
8633,VAT,ECCS,2005,2026-04-01,synthetic revision
8634,HND,ECCS,2005,2026-04-01,synthetic revision
8635,HUN,ECCS,2005,2026-04-01,synthetic revision
8636,ISL,ECCS,2005,2026-04-01,synthetic revision
8637,IND,ECCS,2005,2026-04-01,synthetic revision
8638,IDN,ECCS,2005,2026-04-01,synthetic revision
8639,IRN,ECCS,2005,2026-04-01,synthetic revision
8640,IRQ,ECCS,2005,2026-04-01,synthetic revision
8641,IRL,ECCS,2005,2026-04-01,synthetic revision
8642,IMN,ECCS,2005,2026-04-01,synthetic revision
8643,ISR,ECCS,2005,2026-04-01,synthetic revision
8644,ITA,ECCS,2005,2026-04-01,synthetic revision
8645,JAM,ECCS,2005,2026-04-01,synthetic revision
8646,JPN,ECCS,2005,2026-04-01,synthetic revision
8647,JOR,ECCS,2005,2026-04-01,synthetic revision
8648,KAZ,ECCS,2005,2026-04-01,synthetic revision
8649,KEN,ECCS,2005,2026-04-01,synthetic revision
8650,PRK,ECCS,2005,2026-04-01,synthetic revision
8651,KOR,ECCS,2005,2026-04-01,synthetic revision
8652,KWT,ECCS,2005,2026-04-01,synthetic revision
8653,KGZ,ECCS,2005,2026-04-01,synthetic revision
8654,LAO,ECCS,2005,2026-04-01,synthetic revision
8655,LVA,ECCS,2005,2026-04-01,synthetic revision
8656,LBN,ECCS,2005,2026-04-01,synthetic revision
8657,LSO,ECCS,2005,2026-04-01,synthetic revision
8658,LBR,ECCS,2005,2026-04-01,synthetic revision
8659,LBY,ECCS,2005,2026-04-01,synthetic revision
8660,LIE,ECCS,2005,2026-04-01,synthetic revision
8661,LTU,ECCS,2005,2026-04-01,synthetic revision
8662,LUX,ECCS,2005,2026-04-01,synthetic revision
8663,MDG,ECCS,2005,2026-04-01,synthetic revision
8664,MWI,ECCS,2005,2026-04-01,synthetic revision
8665,MYS,ECCS,2005,2026-04-01,synthetic revision
8666,MDV,ECCS,2005,2026-04-01,synthetic revision
8667,MLI,ECCS,2005,2026-04-01,synthetic revision
8668,MLT,ECCS,2005,2026-04-01,synthetic revision
8669,MHL,ECCS,2005,2026-04-01,synthetic revision
8670,MTQ,ECCS,2005,2026-04-01,synthetic revision
8671,MRT,ECCS,2005,2026-04-01,synthetic revision
8672,MUS,ECCS,2005,2026-04-01,synthetic revision
8673,MYT,ECCS,2005,2026-04-01,synthetic revision
8674,MEX,ECCS,2005,2026-04-01,synthetic revision
8675,FSM,ECCS,2005,2026-04-01,synthetic revision
8676,MDA,ECCS,2005,2026-04-01,synthetic revision
8677,MCO,ECCS,2005,2026-04-01,synthetic revision
8678,MNG,ECCS,2005,2026-04-01,synthetic revision
8679,MSR,ECCS,2005,2026-04-01,synthetic revision
8680,MAR,ECCS,2005,2026-04-01,synthetic revision
8681,MOZ,ECCS,2005,2026-04-01,synthetic revision
8682,MMR,ECCS,2005,2026-04-01,synthetic revision
8683,NPL,ECCS,2005,2026-04-01,synthetic revision
8684,NLD,ECCS,2005,2026-04-01,synthetic revision
8685,NCL,ECCS,2005,2026-04-01,synthetic revision
8686,NZL,ECCS,2005,2026-04-01,synthetic revision
8687,NIC,ECCS,2005,2026-04-01,synthetic revision
8688,NER,ECCS,2005,2026-04-01,synthetic revision
8689,NGA,ECCS,2005,2026-04-01,synthetic revision
8690,NFK,ECCS,2005,2026-04-01,synthetic revision
8691,MKD,ECCS,2005,2026-04-01,synthetic revision
8692,NOR,ECCS,2005,2026-04-01,synthetic revision
8693,OMN,ECCS,2005,2026-04-01,synthetic revision
8694,PAK,ECCS,2005,2026-04-01,synthetic revision
8695,PLW,ECCS,2005,2026-04-01,synthetic revision
8696,PAN,ECCS,2005,2026-04-01,synthetic revision
8697,PNG,ECCS,2005,2026-04-01,synthetic revision
8698,PRY,ECCS,2005,2026-04-01,synthetic revision
8699,PER,ECCS,2005,2026-04-01,synthetic revision
8700,PHL,ECCS,2005,2026-04-01,synthetic revision
8701,PCN,ECCS,2005,2026-04-01,synthetic revision
8702,POL,ECCS,2005,2026-04-01,synthetic revision
8703,PRT,ECCS,2005,2026-04-01,synthetic revision
8704,PRI,ECCS,2005,2026-04-01,synthetic revision
8705,QAT,ECCS,2005,2026-04-01,synthetic revision
8706,ROU,ECCS,2005,2026-04-01,synthetic revision
8707,RUS,ECCS,2005,2026-04-01,synthetic revision
8708,SPM,ECCS,2005,2026-04-01,synthetic revision
8709,WSM,ECCS,2005,2026-04-01,synthetic revision
8710,SMR,ECCS,2005,2026-04-01,synthetic revision
8711,STP,ECCS,2005,2026-04-01,synthetic revision
8712,SAU,ECCS,2005,2026-04-01,synthetic revision
8713,SEN,ECCS,2005,2026-04-01,synthetic revision
8714,SYC,ECCS,2005,2026-04-01,synthetic revision
8715,SLE,ECCS,2005,2026-04-01,synthetic revision
8716,SGP,ECCS,2005,2026-04-01,synthetic revision
8717,SVK,ECCS,2005,2026-04-01,synthetic revision
8718,SVN,ECCS,2005,2026-04-01,synthetic revision
8719,SLB,ECCS,2005,2026-04-01,synthetic revision
8720,SOM,ECCS,2005,2026-04-01,synthetic revision
8721,ZAF,ECCS,2005,2026-04-01,synthetic revision
8722,ESP,ECCS,2005,2026-04-01,synthetic revision
8723,LKA,ECCS,2005,2026-04-01,synthetic revision
8724,KNA,ECCS,2005,2026-04-01,synthetic revision
8725,LCA,ECCS,2005,2026-04-01,synthetic revision
8726,VCT,ECCS,2005,2026-04-01,synthetic revision
8727,SUR,ECCS,2005,2026-04-01,synthetic revision
8728,SJM,ECCS,2005,2026-04-01,synthetic revision
8729,SWE,ECCS,2005,2026-04-01,synthetic revision
8730,CHE,ECCS,2005,2026-04-01,synthetic revision
8731,SYR,ECCS,2005,2026-04-01,synthetic revision
8732,TWN,ECCS,2005,2026-04-01,synthetic revision
8733,TJK,ECCS,2005,2026-04-01,synthetic revision
8734,TZA,ECCS,2005,2026-04-01,synthetic revision
8735,THA,ECCS,2005,2026-04-01,synthetic revision
8736,TLS,ECCS,2005,2026-04-01,synthetic revision
8737,TGO,ECCS,2005,2026-04-01,synthetic revision
8738,TON,ECCS,2005,2026-04-01,synthetic revision
8739,TTO,ECCS,2005,2026-04-01,synthetic revision
8740,TUN,ECCS,2005,2026-04-01,synthetic revision
8741,TKM,ECCS,2005,2026-04-01,synthetic revision
8742,TUV,ECCS,2005,2026-04-01,synthetic revision
8743,UGA,ECCS,2005,2026-04-01,synthetic revision
8744,UKR,ECCS,2005,2026-04-01,synthetic revision
8745,ARE,ECCS,2005,2026-04-01,synthetic revision
8746,GBR,ECCS,2005,2026-04-01,synthetic revision
8747,USA,ECCS,2005,2026-04-01,synthetic revision
8748,VIR,ECCS,2005,2026-04-01,synthetic revision
8749,URY,ECCS,2005,2026-04-01,synthetic revision
8750,UZB,ECCS,2005,2026-04-01,synthetic revision
8751,VUT,ECCS,2005,2026-04-01,synthetic revision
8752,VEN,ECCS,2005,2026-04-01,synthetic revision
8753,VNM,ECCS,2005,2026-04-01,synthetic revision
8754,WLF,ECCS,2005,2026-04-01,synthetic revision
8755,PSE,ECCS,2005,2026-04-01,synthetic revision
8756,ESH,ECCS,2005,2026-04-01,synthetic revision
8757,ZMB,ECCS,2005,2026-04-01,synthetic revision
8758,ZWE,ECCS,2005,2026-04-01,synthetic revision
8759,AFG,ECCS,2006,2026-04-01,synthetic revision
8760,ALB,ECCS,2006,2026-04-01,synthetic revision
8761,DZA,ECCS,2006,2026-04-01,synthetic revision
8762,ASM,ECCS,2006,2026-04-01,synthetic revision
8763,AND,ECCS,2006,2026-04-01,synthetic revision
8764,AGO,ECCS,2006,2026-04-01,synthetic revision
8765,AIA,ECCS,2006,2026-04-01,synthetic revision
8766,ATG,ECCS,2006,2026-04-01,synthetic revision
8767,ARG,ECCS,2006,2026-04-01,synthetic revision
8768,ARM,ECCS,2006,2026-04-01,synthetic revision
8769,ABW,ECCS,2006,2026-04-01,synthetic revision
8770,AUS,ECCS,2006,2026-04-01,synthetic revision
8771,AUT,ECCS,2006,2026-04-01,synthetic revision
8772,AZE,ECCS,2006,2026-04-01,synthetic revision
8773,BHS,ECCS,2006,2026-04-01,synthetic revision
8774,BHR,ECCS,2006,2026-04-01,synthetic revision
8775,BGD,ECCS,2006,2026-04-01,synthetic revision
8776,BRB,ECCS,2006,2026-04-01,synthetic revision
8777,BLR,ECCS,2006,2026-04-01,synthetic revision
8778,BEL,ECCS,2006,2026-04-01,synthetic revision
8779,BLZ,ECCS,2006,2026-04-01,synthetic revision
8780,BEN,ECCS,2006,2026-04-01,synthetic revision
8781,BTN,ECCS,2006,2026-04-01,synthetic revision
8782,BOL,ECCS,2006,2026-04-01,synthetic revision
8783,BIH,ECCS,2006,2026-04-01,synthetic revision
8784,BWA,ECCS,2006,2026-04-01,synthetic revision
8785,BRA,ECCS,2006,2026-04-01,synthetic revision
8786,VGB,ECCS,2006,2026-04-01,synthetic revision
8787,BRN,ECCS,2006,2026-04-01,synthetic revision
8788,BGR,ECCS,2006,2026-04-01,synthetic revision
8789,BFA,ECCS,2006,2026-04-01,synthetic revision
8790,CPV,ECCS,2006,2026-04-01,synthetic revision
8791,KHM,ECCS,2006,2026-04-01,synthetic revision
8792,CMR,ECCS,2006,2026-04-01,synthetic revision
8793,CAN,ECCS,2006,2026-04-01,synthetic revision
8794,CYM,ECCS,2006,2026-04-01,synthetic revision
8795,CAF,ECCS,2006,2026-04-01,synthetic revision
8796,TCD,ECCS,2006,2026-04-01,synthetic revision
8797,CHL,ECCS,2006,2026-04-01,synthetic revision
8798,HKG,ECCS,2006,2026-04-01,synthetic revision
8799,MAC,ECCS,2006,2026-04-01,synthetic revision
8800,CHN,ECCS,2006,2026-04-01,synthetic revision
8801,COL,ECCS,2006,2026-04-01,synthetic revision
8802,COM,ECCS,2006,2026-04-01,synthetic revision
8803,COD,ECCS,2006,2026-04-01,synthetic revision
8804,COG,ECCS,2006,2026-04-01,synthetic revision
8805,COK,ECCS,2006,2026-04-01,synthetic revision
8806,CRI,ECCS,2006,2026-04-01,synthetic revision
8807,HRV,ECCS,2006,2026-04-01,synthetic revision
8808,CUB,ECCS,2006,2026-04-01,synthetic revision
8809,CYP,ECCS,2006,2026-04-01,synthetic revision
8810,CZE,ECCS,2006,2026-04-01,synthetic revision
8811,DNK,ECCS,2006,2026-04-01,synthetic revision
8812,DJI,ECCS,2006,2026-04-01,synthetic revision
8813,DMA,ECCS,2006,2026-04-01,synthetic revision
8814,DOM,ECCS,2006,2026-04-01,synthetic revision
8815,ECU,ECCS,2006,2026-04-01,synthetic revision
8816,EGY,ECCS,2006,2026-04-01,synthetic revision
8817,SLV,ECCS,2006,2026-04-01,synthetic revision
8818,GNQ,ECCS,2006,2026-04-01,synthetic revision
8819,ERI,ECCS,2006,2026-04-01,synthetic revision
8820,EST,ECCS,2006,2026-04-01,synthetic revision
8821,SWZ,ECCS,2006,2026-04-01,synthetic revision
8822,ETH,ECCS,2006,2026-04-01,synthetic revision
8823,FRO,ECCS,2006,2026-04-01,synthetic revision
8824,FJI,ECCS,2006,2026-04-01,synthetic revision
8825,FIN,ECCS,2006,2026-04-01,synthetic revision
8826,FRA,ECCS,2006,2026-04-01,synthetic revision
8827,PYF,ECCS,2006,2026-04-01,synthetic revision
8828,GAB,ECCS,2006,2026-04-01,synthetic revision
8829,GMB,ECCS,2006,2026-04-01,synthetic revision
8830,GEO,ECCS,2006,2026-04-01,synthetic revision
8831,DEU,ECCS,2006,2026-04-01,synthetic revision
8832,GHA,ECCS,2006,2026-04-01,synthetic revision
8833,GIB,ECCS,2006,2026-04-01,synthetic revision
8834,GRC,ECCS,2006,2026-04-01,synthetic revision
8835,GRL,ECCS,2006,2026-04-01,synthetic revision
8836,GRD,ECCS,2006,2026-04-01,synthetic revision
8837,GLP,ECCS,2006,2026-04-01,synthetic revision
8838,GTM,ECCS,2006,2026-04-01,synthetic revision
8839,GUF,ECCS,2006,2026-04-01,synthetic revision
8840,GIN,ECCS,2006,2026-04-01,synthetic revision
8841,GNB,ECCS,2006,2026-04-01,synthetic revision
8842,GUY,ECCS,2006,2026-04-01,synthetic revision
8843,HTI,ECCS,2006,2026-04-01,synthetic revision
8844,VAT,ECCS,2006,2026-04-01,synthetic revision
8845,HND,ECCS,2006,2026-04-01,synthetic revision
8846,HUN,ECCS,2006,2026-04-01,synthetic revision
8847,ISL,ECCS,2006,2026-04-01,synthetic revision
8848,IND,ECCS,2006,2026-04-01,synthetic revision
8849,IDN,ECCS,2006,2026-04-01,synthetic revision
8850,IRN,ECCS,2006,2026-04-01,synthetic revision
8851,IRQ,ECCS,2006,2026-04-01,synthetic revision
8852,IRL,ECCS,2006,2026-04-01,synthetic revision
8853,IMN,ECCS,2006,2026-04-01,synthetic revision
8854,ISR,ECCS,2006,2026-04-01,synthetic revision
8855,ITA,ECCS,2006,2026-04-01,synthetic revision
8856,JAM,ECCS,2006,2026-04-01,synthetic revision
8857,JPN,ECCS,2006,2026-04-01,synthetic revision
8858,JOR,ECCS,2006,2026-04-01,synthetic revision
8859,KAZ,ECCS,2006,2026-04-01,synthetic revision
8860,KEN,ECCS,2006,2026-04-01,synthetic revision
8861,KIR,ECCS,2006,2026-04-01,synthetic revision
8862,PRK,ECCS,2006,2026-04-01,synthetic revision
8863,KOR,ECCS,2006,2026-04-01,synthetic revision
8864,KWT,ECCS,2006,2026-04-01,synthetic revision
8865,KGZ,ECCS,2006,2026-04-01,synthetic revision
8866,LAO,ECCS,2006,2026-04-01,synthetic revision
8867,LVA,ECCS,2006,2026-04-01,synthetic revision
8868,LBN,ECCS,2006,2026-04-01,synthetic revision
8869,LSO,ECCS,2006,2026-04-01,synthetic revision
8870,LBR,ECCS,2006,2026-04-01,synthetic revision
8871,LBY,ECCS,2006,2026-04-01,synthetic revision
8872,LIE,ECCS,2006,2026-04-01,synthetic revision
8873,LTU,ECCS,2006,2026-04-01,synthetic revision
8874,LUX,ECCS,2006,2026-04-01,synthetic revision
8875,MDG,ECCS,2006,2026-04-01,synthetic revision
8876,MWI,ECCS,2006,2026-04-01,synthetic revision
8877,MYS,ECCS,2006,2026-04-01,synthetic revision
8878,MDV,ECCS,2006,2026-04-01,synthetic revision
8879,MLI,ECCS,2006,2026-04-01,synthetic revision
8880,MLT,ECCS,2006,2026-04-01,synthetic revision
8881,MHL,ECCS,2006,2026-04-01,synthetic revision
8882,MTQ,ECCS,2006,2026-04-01,synthetic revision
8883,MRT,ECCS,2006,2026-04-01,synthetic revision
8884,MUS,ECCS,2006,2026-04-01,synthetic revision
8885,MYT,ECCS,2006,2026-04-01,synthetic revision
8886,MEX,ECCS,2006,2026-04-01,synthetic revision
8887,FSM,ECCS,2006,2026-04-01,synthetic revision
8888,MDA,ECCS,2006,2026-04-01,synthetic revision
8889,MCO,ECCS,2006,2026-04-01,synthetic revision
8890,MNG,ECCS,2006,2026-04-01,synthetic revision
8891,MNE,ECCS,2006,2026-04-01,synthetic revision
8892,MSR,ECCS,2006,2026-04-01,synthetic revision
8893,MAR,ECCS,2006,2026-04-01,synthetic revision
8894,MOZ,ECCS,2006,2026-04-01,synthetic revision
8895,MMR,ECCS,2006,2026-04-01,synthetic revision
8896,NPL,ECCS,2006,2026-04-01,synthetic revision
8897,NLD,ECCS,2006,2026-04-01,synthetic revision
8898,NCL,ECCS,2006,2026-04-01,synthetic revision
8899,NZL,ECCS,2006,2026-04-01,synthetic revision
8900,NIC,ECCS,2006,2026-04-01,synthetic revision
8901,NER,ECCS,2006,2026-04-01,synthetic revision
8902,NGA,ECCS,2006,2026-04-01,synthetic revision
8903,NFK,ECCS,2006,2026-04-01,synthetic revision
8904,MKD,ECCS,2006,2026-04-01,synthetic revision
8905,NOR,ECCS,2006,2026-04-01,synthetic revision
8906,OMN,ECCS,2006,2026-04-01,synthetic revision
8907,PAK,ECCS,2006,2026-04-01,synthetic revision
8908,PLW,ECCS,2006,2026-04-01,synthetic revision
8909,PAN,ECCS,2006,2026-04-01,synthetic revision
8910,PNG,ECCS,2006,2026-04-01,synthetic revision
8911,PRY,ECCS,2006,2026-04-01,synthetic revision
8912,PER,ECCS,2006,2026-04-01,synthetic revision
8913,PHL,ECCS,2006,2026-04-01,synthetic revision
8914,PCN,ECCS,2006,2026-04-01,synthetic revision
8915,POL,ECCS,2006,2026-04-01,synthetic revision
8916,PRT,ECCS,2006,2026-04-01,synthetic revision
8917,PRI,ECCS,2006,2026-04-01,synthetic revision
8918,QAT,ECCS,2006,2026-04-01,synthetic revision
8919,ROU,ECCS,2006,2026-04-01,synthetic revision
8920,RUS,ECCS,2006,2026-04-01,synthetic revision
8921,SPM,ECCS,2006,2026-04-01,synthetic revision
8922,WSM,ECCS,2006,2026-04-01,synthetic revision
8923,SMR,ECCS,2006,2026-04-01,synthetic revision
8924,STP,ECCS,2006,2026-04-01,synthetic revision
8925,SAU,ECCS,2006,2026-04-01,synthetic revision
8926,SEN,ECCS,2006,2026-04-01,synthetic revision
8927,SRB,ECCS,2006,2026-04-01,synthetic revision
8928,SYC,ECCS,2006,2026-04-01,synthetic revision
8929,SLE,ECCS,2006,2026-04-01,synthetic revision
8930,SGP,ECCS,2006,2026-04-01,synthetic revision
8931,SVK,ECCS,2006,2026-04-01,synthetic revision
8932,SVN,ECCS,2006,2026-04-01,synthetic revision
8933,SLB,ECCS,2006,2026-04-01,synthetic revision
8934,SOM,ECCS,2006,2026-04-01,synthetic revision
8935,ZAF,ECCS,2006,2026-04-01,synthetic revision
8936,ESP,ECCS,2006,2026-04-01,synthetic revision
8937,LKA,ECCS,2006,2026-04-01,synthetic revision
8938,KNA,ECCS,2006,2026-04-01,synthetic revision
8939,LCA,ECCS,2006,2026-04-01,synthetic revision
8940,VCT,ECCS,2006,2026-04-01,synthetic revision
8941,SUR,ECCS,2006,2026-04-01,synthetic revision
8942,SJM,ECCS,2006,2026-04-01,synthetic revision
8943,SWE,ECCS,2006,2026-04-01,synthetic revision
8944,CHE,ECCS,2006,2026-04-01,synthetic revision
8945,SYR,ECCS,2006,2026-04-01,synthetic revision
8946,TWN,ECCS,2006,2026-04-01,synthetic revision
8947,TJK,ECCS,2006,2026-04-01,synthetic revision
8948,TZA,ECCS,2006,2026-04-01,synthetic revision
8949,THA,ECCS,2006,2026-04-01,synthetic revision
8950,TLS,ECCS,2006,2026-04-01,synthetic revision
8951,TGO,ECCS,2006,2026-04-01,synthetic revision
8952,TON,ECCS,2006,2026-04-01,synthetic revision
8953,TTO,ECCS,2006,2026-04-01,synthetic revision
8954,TUN,ECCS,2006,2026-04-01,synthetic revision
8955,TKM,ECCS,2006,2026-04-01,synthetic revision
8956,TUV,ECCS,2006,2026-04-01,synthetic revision
8957,UGA,ECCS,2006,2026-04-01,synthetic revision
8958,UKR,ECCS,2006,2026-04-01,synthetic revision
8959,ARE,ECCS,2006,2026-04-01,synthetic revision
8960,GBR,ECCS,2006,2026-04-01,synthetic revision
8961,USA,ECCS,2006,2026-04-01,synthetic revision
8962,VIR,ECCS,2006,2026-04-01,synthetic revision
8963,URY,ECCS,2006,2026-04-01,synthetic revision
8964,UZB,ECCS,2006,2026-04-01,synthetic revision
8965,VUT,ECCS,2006,2026-04-01,synthetic revision
8966,VEN,ECCS,2006,2026-04-01,synthetic revision
8967,VNM,ECCS,2006,2026-04-01,synthetic revision
8968,WLF,ECCS,2006,2026-04-01,synthetic revision
8969,PSE,ECCS,2006,2026-04-01,synthetic revision
8970,ESH,ECCS,2006,2026-04-01,synthetic revision
8971,ZMB,ECCS,2006,2026-04-01,synthetic revision
8972,ZWE,ECCS,2006,2026-04-01,synthetic revision
8973,AFG,ECCS,2007,2026-04-01,synthetic revision
8974,ALB,ECCS,2007,2026-04-01,synthetic revision
8975,DZA,ECCS,2007,2026-04-01,synthetic revision
8976,ASM,ECCS,2007,2026-04-01,synthetic revision
8977,AND,ECCS,2007,2026-04-01,synthetic revision
8978,AGO,ECCS,2007,2026-04-01,synthetic revision
8979,AIA,ECCS,2007,2026-04-01,synthetic revision
8980,ATG,ECCS,2007,2026-04-01,synthetic revision
8981,ARG,ECCS,2007,2026-04-01,synthetic revision
8982,ARM,ECCS,2007,2026-04-01,synthetic revision
8983,ABW,ECCS,2007,2026-04-01,synthetic revision
8984,AUS,ECCS,2007,2026-04-01,synthetic revision
8985,AUT,ECCS,2007,2026-04-01,synthetic revision
8986,AZE,ECCS,2007,2026-04-01,synthetic revision
8987,BHS,ECCS,2007,2026-04-01,synthetic revision
8988,BHR,ECCS,2007,2026-04-01,synthetic revision
8989,BGD,ECCS,2007,2026-04-01,synthetic revision
8990,BRB,ECCS,2007,2026-04-01,synthetic revision
8991,BLR,ECCS,2007,2026-04-01,synthetic revision
8992,BEL,ECCS,2007,2026-04-01,synthetic revision
8993,BLZ,ECCS,2007,2026-04-01,synthetic revision
8994,BEN,ECCS,2007,2026-04-01,synthetic revision
8995,BTN,ECCS,2007,2026-04-01,synthetic revision
8996,BOL,ECCS,2007,2026-04-01,synthetic revision
8997,BIH,ECCS,2007,2026-04-01,synthetic revision
8998,BWA,ECCS,2007,2026-04-01,synthetic revision
8999,BRA,ECCS,2007,2026-04-01,synthetic revision
9000,VGB,ECCS,2007,2026-04-01,synthetic revision
9001,BRN,ECCS,2007,2026-04-01,synthetic revision
9002,BGR,ECCS,2007,2026-04-01,synthetic revision
9003,BFA,ECCS,2007,2026-04-01,synthetic revision
9004,BDI,ECCS,2007,2026-04-01,synthetic revision
9005,CPV,ECCS,2007,2026-04-01,synthetic revision
9006,KHM,ECCS,2007,2026-04-01,synthetic revision
9007,CMR,ECCS,2007,2026-04-01,synthetic revision
9008,CAN,ECCS,2007,2026-04-01,synthetic revision
9009,CYM,ECCS,2007,2026-04-01,synthetic revision
9010,CAF,ECCS,2007,2026-04-01,synthetic revision
9011,TCD,ECCS,2007,2026-04-01,synthetic revision
9012,CHL,ECCS,2007,2026-04-01,synthetic revision
9013,HKG,ECCS,2007,2026-04-01,synthetic revision
9014,MAC,ECCS,2007,2026-04-01,synthetic revision
9015,CHN,ECCS,2007,2026-04-01,synthetic revision
9016,COL,ECCS,2007,2026-04-01,synthetic revision
9017,COM,ECCS,2007,2026-04-01,synthetic revision
9018,COD,ECCS,2007,2026-04-01,synthetic revision
9019,COG,ECCS,2007,2026-04-01,synthetic revision
9020,COK,ECCS,2007,2026-04-01,synthetic revision
9021,CRI,ECCS,2007,2026-04-01,synthetic revision
9022,HRV,ECCS,2007,2026-04-01,synthetic revision
9023,CUB,ECCS,2007,2026-04-01,synthetic revision
9024,CYP,ECCS,2007,2026-04-01,synthetic revision
9025,CZE,ECCS,2007,2026-04-01,synthetic revision
9026,DNK,ECCS,2007,2026-04-01,synthetic revision
9027,DJI,ECCS,2007,2026-04-01,synthetic revision
9028,DMA,ECCS,2007,2026-04-01,synthetic revision
9029,DOM,ECCS,2007,2026-04-01,synthetic revision
9030,ECU,ECCS,2007,2026-04-01,synthetic revision
9031,EGY,ECCS,2007,2026-04-01,synthetic revision
9032,SLV,ECCS,2007,2026-04-01,synthetic revision
9033,GNQ,ECCS,2007,2026-04-01,synthetic revision
9034,ERI,ECCS,2007,2026-04-01,synthetic revision
9035,EST,ECCS,2007,2026-04-01,synthetic revision
9036,SWZ,ECCS,2007,2026-04-01,synthetic revision
9037,ETH,ECCS,2007,2026-04-01,synthetic revision
9038,FRO,ECCS,2007,2026-04-01,synthetic revision
9039,FJI,ECCS,2007,2026-04-01,synthetic revision
9040,FIN,ECCS,2007,2026-04-01,synthetic revision
9041,FRA,ECCS,2007,2026-04-01,synthetic revision
9042,PYF,ECCS,2007,2026-04-01,synthetic revision
9043,GAB,ECCS,2007,2026-04-01,synthetic revision
9044,GMB,ECCS,2007,2026-04-01,synthetic revision
9045,GEO,ECCS,2007,2026-04-01,synthetic revision
9046,DEU,ECCS,2007,2026-04-01,synthetic revision
9047,GHA,ECCS,2007,2026-04-01,synthetic revision
9048,GIB,ECCS,2007,2026-04-01,synthetic revision
9049,GRC,ECCS,2007,2026-04-01,synthetic revision
9050,GRL,ECCS,2007,2026-04-01,synthetic revision
9051,GRD,ECCS,2007,2026-04-01,synthetic revision
9052,GLP,ECCS,2007,2026-04-01,synthetic revision
9053,GTM,ECCS,2007,2026-04-01,synthetic revision
9054,GUF,ECCS,2007,2026-04-01,synthetic revision
9055,GIN,ECCS,2007,2026-04-01,synthetic revision
9056,GNB,ECCS,2007,2026-04-01,synthetic revision
9057,GUY,ECCS,2007,2026-04-01,synthetic revision
9058,HTI,ECCS,2007,2026-04-01,synthetic revision
9059,VAT,ECCS,2007,2026-04-01,synthetic revision
9060,HND,ECCS,2007,2026-04-01,synthetic revision
9061,HUN,ECCS,2007,2026-04-01,synthetic revision
9062,ISL,ECCS,2007,2026-04-01,synthetic revision
9063,IND,ECCS,2007,2026-04-01,synthetic revision
9064,IDN,ECCS,2007,2026-04-01,synthetic revision
9065,IRN,ECCS,2007,2026-04-01,synthetic revision
9066,IRQ,ECCS,2007,2026-04-01,synthetic revision
9067,IRL,ECCS,2007,2026-04-01,synthetic revision
9068,IMN,ECCS,2007,2026-04-01,synthetic revision
9069,ISR,ECCS,2007,2026-04-01,synthetic revision
9070,ITA,ECCS,2007,2026-04-01,synthetic revision
9071,JAM,ECCS,2007,2026-04-01,synthetic revision
9072,JPN,ECCS,2007,2026-04-01,synthetic revision
9073,JOR,ECCS,2007,2026-04-01,synthetic revision
9074,KAZ,ECCS,2007,2026-04-01,synthetic revision
9075,KEN,ECCS,2007,2026-04-01,synthetic revision
9076,KIR,ECCS,2007,2026-04-01,synthetic revision
9077,PRK,ECCS,2007,2026-04-01,synthetic revision
9078,KOR,ECCS,2007,2026-04-01,synthetic revision
9079,KWT,ECCS,2007,2026-04-01,synthetic revision
9080,KGZ,ECCS,2007,2026-04-01,synthetic revision
9081,LAO,ECCS,2007,2026-04-01,synthetic revision
9082,LVA,ECCS,2007,2026-04-01,synthetic revision
9083,LBN,ECCS,2007,2026-04-01,synthetic revision
9084,LSO,ECCS,2007,2026-04-01,synthetic revision
9085,LBR,ECCS,2007,2026-04-01,synthetic revision
9086,LBY,ECCS,2007,2026-04-01,synthetic revision
9087,LIE,ECCS,2007,2026-04-01,synthetic revision
9088,LTU,ECCS,2007,2026-04-01,synthetic revision
9089,LUX,ECCS,2007,2026-04-01,synthetic revision
9090,MDG,ECCS,2007,2026-04-01,synthetic revision
9091,MWI,ECCS,2007,2026-04-01,synthetic revision
9092,MYS,ECCS,2007,2026-04-01,synthetic revision
9093,MDV,ECCS,2007,2026-04-01,synthetic revision
9094,MLI,ECCS,2007,2026-04-01,synthetic revision
9095,MLT,ECCS,2007,2026-04-01,synthetic revision
9096,MHL,ECCS,2007,2026-04-01,synthetic revision
9097,MTQ,ECCS,2007,2026-04-01,synthetic revision
9098,MRT,ECCS,2007,2026-04-01,synthetic revision
9099,MUS,ECCS,2007,2026-04-01,synthetic revision
9100,MYT,ECCS,2007,2026-04-01,synthetic revision
9101,MEX,ECCS,2007,2026-04-01,synthetic revision
9102,FSM,ECCS,2007,2026-04-01,synthetic revision
9103,MDA,ECCS,2007,2026-04-01,synthetic revision
9104,MCO,ECCS,2007,2026-04-01,synthetic revision
9105,MNG,ECCS,2007,2026-04-01,synthetic revision
9106,MNE,ECCS,2007,2026-04-01,synthetic revision
9107,MSR,ECCS,2007,2026-04-01,synthetic revision
9108,MAR,ECCS,2007,2026-04-01,synthetic revision
9109,MOZ,ECCS,2007,2026-04-01,synthetic revision
9110,MMR,ECCS,2007,2026-04-01,synthetic revision
9111,NPL,ECCS,2007,2026-04-01,synthetic revision
9112,NLD,ECCS,2007,2026-04-01,synthetic revision
9113,NCL,ECCS,2007,2026-04-01,synthetic revision
9114,NZL,ECCS,2007,2026-04-01,synthetic revision
9115,NIC,ECCS,2007,2026-04-01,synthetic revision
9116,NER,ECCS,2007,2026-04-01,synthetic revision
9117,NGA,ECCS,2007,2026-04-01,synthetic revision
9118,NFK,ECCS,2007,2026-04-01,synthetic revision
9119,MKD,ECCS,2007,2026-04-01,synthetic revision
9120,NOR,ECCS,2007,2026-04-01,synthetic revision
9121,OMN,ECCS,2007,2026-04-01,synthetic revision
9122,PAK,ECCS,2007,2026-04-01,synthetic revision
9123,PLW,ECCS,2007,2026-04-01,synthetic revision
9124,PAN,ECCS,2007,2026-04-01,synthetic revision
9125,PNG,ECCS,2007,2026-04-01,synthetic revision
9126,PRY,ECCS,2007,2026-04-01,synthetic revision
9127,PER,ECCS,2007,2026-04-01,synthetic revision
9128,PHL,ECCS,2007,2026-04-01,synthetic revision
9129,PCN,ECCS,2007,2026-04-01,synthetic revision
9130,POL,ECCS,2007,2026-04-01,synthetic revision
9131,PRT,ECCS,2007,2026-04-01,synthetic revision
9132,PRI,ECCS,2007,2026-04-01,synthetic revision
9133,QAT,ECCS,2007,2026-04-01,synthetic revision
9134,ROU,ECCS,2007,2026-04-01,synthetic revision
9135,RUS,ECCS,2007,2026-04-01,synthetic revision
9136,RWA,ECCS,2007,2026-04-01,synthetic revision
9137,SPM,ECCS,2007,2026-04-01,synthetic revision
9138,WSM,ECCS,2007,2026-04-01,synthetic revision
9139,SMR,ECCS,2007,2026-04-01,synthetic revision
9140,STP,ECCS,2007,2026-04-01,synthetic revision
9141,SAU,ECCS,2007,2026-04-01,synthetic revision
9142,SEN,ECCS,2007,2026-04-01,synthetic revision
9143,SRB,ECCS,2007,2026-04-01,synthetic revision
9144,SYC,ECCS,2007,2026-04-01,synthetic revision
9145,SLE,ECCS,2007,2026-04-01,synthetic revision
9146,SGP,ECCS,2007,2026-04-01,synthetic revision
9147,SVK,ECCS,2007,2026-04-01,synthetic revision
9148,SVN,ECCS,2007,2026-04-01,synthetic revision
9149,SLB,ECCS,2007,2026-04-01,synthetic revision
9150,SOM,ECCS,2007,2026-04-01,synthetic revision
9151,ZAF,ECCS,2007,2026-04-01,synthetic revision
9152,ESP,ECCS,2007,2026-04-01,synthetic revision
9153,LKA,ECCS,2007,2026-04-01,synthetic revision
9154,KNA,ECCS,2007,2026-04-01,synthetic revision
9155,LCA,ECCS,2007,2026-04-01,synthetic revision
9156,VCT,ECCS,2007,2026-04-01,synthetic revision
9157,SUR,ECCS,2007,2026-04-01,synthetic revision
9158,SJM,ECCS,2007,2026-04-01,synthetic revision
9159,SWE,ECCS,2007,2026-04-01,synthetic revision
9160,CHE,ECCS,2007,2026-04-01,synthetic revision
9161,SYR,ECCS,2007,2026-04-01,synthetic revision
9162,TWN,ECCS,2007,2026-04-01,synthetic revision
9163,TJK,ECCS,2007,2026-04-01,synthetic revision
9164,TZA,ECCS,2007,2026-04-01,synthetic revision
9165,THA,ECCS,2007,2026-04-01,synthetic revision
9166,TLS,ECCS,2007,2026-04-01,synthetic revision
9167,TGO,ECCS,2007,2026-04-01,synthetic revision
9168,TON,ECCS,2007,2026-04-01,synthetic revision
9169,TTO,ECCS,2007,2026-04-01,synthetic revision
9170,TUN,ECCS,2007,2026-04-01,synthetic revision
9171,TKM,ECCS,2007,2026-04-01,synthetic revision
9172,TUV,ECCS,2007,2026-04-01,synthetic revision
9173,UGA,ECCS,2007,2026-04-01,synthetic revision
9174,UKR,ECCS,2007,2026-04-01,synthetic revision
9175,ARE,ECCS,2007,2026-04-01,synthetic revision
9176,GBR,ECCS,2007,2026-04-01,synthetic revision
9177,USA,ECCS,2007,2026-04-01,synthetic revision
9178,VIR,ECCS,2007,2026-04-01,synthetic revision
9179,URY,ECCS,2007,2026-04-01,synthetic revision
9180,UZB,ECCS,2007,2026-04-01,synthetic revision
9181,VUT,ECCS,2007,2026-04-01,synthetic revision
9182,VEN,ECCS,2007,2026-04-01,synthetic revision
9183,VNM,ECCS,2007,2026-04-01,synthetic revision
9184,WLF,ECCS,2007,2026-04-01,synthetic revision
9185,PSE,ECCS,2007,2026-04-01,synthetic revision
9186,ESH,ECCS,2007,2026-04-01,synthetic revision
9187,ZMB,ECCS,2007,2026-04-01,synthetic revision
9188,ZWE,ECCS,2007,2026-04-01,synthetic revision
9189,AFG,ECCS,2008,2026-04-01,synthetic revision
9190,ALB,ECCS,2008,2026-04-01,synthetic revision
9191,DZA,ECCS,2008,2026-04-01,synthetic revision
9192,ASM,ECCS,2008,2026-04-01,synthetic revision
9193,AND,ECCS,2008,2026-04-01,synthetic revision
9194,AGO,ECCS,2008,2026-04-01,synthetic revision
9195,AIA,ECCS,2008,2026-04-01,synthetic revision
9196,ATG,ECCS,2008,2026-04-01,synthetic revision
9197,ARG,ECCS,2008,2026-04-01,synthetic revision
9198,ARM,ECCS,2008,2026-04-01,synthetic revision
9199,ABW,ECCS,2008,2026-04-01,synthetic revision
9200,AUS,ECCS,2008,2026-04-01,synthetic revision
9201,AUT,ECCS,2008,2026-04-01,synthetic revision
9202,AZE,ECCS,2008,2026-04-01,synthetic revision
9203,BHS,ECCS,2008,2026-04-01,synthetic revision
9204,BHR,ECCS,2008,2026-04-01,synthetic revision
9205,BGD,ECCS,2008,2026-04-01,synthetic revision
9206,BRB,ECCS,2008,2026-04-01,synthetic revision
9207,BLR,ECCS,2008,2026-04-01,synthetic revision
9208,BEL,ECCS,2008,2026-04-01,synthetic revision
9209,BLZ,ECCS,2008,2026-04-01,synthetic revision
9210,BEN,ECCS,2008,2026-04-01,synthetic revision
9211,BTN,ECCS,2008,2026-04-01,synthetic revision
9212,BOL,ECCS,2008,2026-04-01,synthetic revision
9213,BIH,ECCS,2008,2026-04-01,synthetic revision
9214,BWA,ECCS,2008,2026-04-01,synthetic revision
9215,BRA,ECCS,2008,2026-04-01,synthetic revision
9216,VGB,ECCS,2008,2026-04-01,synthetic revision
9217,BRN,ECCS,2008,2026-04-01,synthetic revision
9218,BGR,ECCS,2008,2026-04-01,synthetic revision
9219,BFA,ECCS,2008,2026-04-01,synthetic revision
9220,CPV,ECCS,2008,2026-04-01,synthetic revision
9221,KHM,ECCS,2008,2026-04-01,synthetic revision
9222,CMR,ECCS,2008,2026-04-01,synthetic revision
9223,CAN,ECCS,2008,2026-04-01,synthetic revision
9224,CYM,ECCS,2008,2026-04-01,synthetic revision
9225,CAF,ECCS,2008,2026-04-01,synthetic revision
9226,TCD,ECCS,2008,2026-04-01,synthetic revision
9227,CHL,ECCS,2008,2026-04-01,synthetic revision
9228,HKG,ECCS,2008,2026-04-01,synthetic revision
9229,MAC,ECCS,2008,2026-04-01,synthetic revision
9230,CHN,ECCS,2008,2026-04-01,synthetic revision
9231,COL,ECCS,2008,2026-04-01,synthetic revision
9232,COM,ECCS,2008,2026-04-01,synthetic revision
9233,COD,ECCS,2008,2026-04-01,synthetic revision
9234,COG,ECCS,2008,2026-04-01,synthetic revision
9235,COK,ECCS,2008,2026-04-01,synthetic revision
9236,CRI,ECCS,2008,2026-04-01,synthetic revision
9237,HRV,ECCS,2008,2026-04-01,synthetic revision
9238,CUB,ECCS,2008,2026-04-01,synthetic revision
9239,CYP,ECCS,2008,2026-04-01,synthetic revision
9240,CZE,ECCS,2008,2026-04-01,synthetic revision
9241,DNK,ECCS,2008,2026-04-01,synthetic revision
9242,DJI,ECCS,2008,2026-04-01,synthetic revision
9243,DMA,ECCS,2008,2026-04-01,synthetic revision
9244,DOM,ECCS,2008,2026-04-01,synthetic revision
9245,ECU,ECCS,2008,2026-04-01,synthetic revision
9246,EGY,ECCS,2008,2026-04-01,synthetic revision
9247,SLV,ECCS,2008,2026-04-01,synthetic revision
9248,GNQ,ECCS,2008,2026-04-01,synthetic revision
9249,ERI,ECCS,2008,2026-04-01,synthetic revision
9250,EST,ECCS,2008,2026-04-01,synthetic revision
9251,SWZ,ECCS,2008,2026-04-01,synthetic revision
9252,ETH,ECCS,2008,2026-04-01,synthetic revision
9253,FRO,ECCS,2008,2026-04-01,synthetic revision
9254,FJI,ECCS,2008,2026-04-01,synthetic revision
9255,FIN,ECCS,2008,2026-04-01,synthetic revision
9256,FRA,ECCS,2008,2026-04-01,synthetic revision
9257,PYF,ECCS,2008,2026-04-01,synthetic revision
9258,GAB,ECCS,2008,2026-04-01,synthetic revision
9259,GMB,ECCS,2008,2026-04-01,synthetic revision
9260,GEO,ECCS,2008,2026-04-01,synthetic revision
9261,DEU,ECCS,2008,2026-04-01,synthetic revision
9262,GHA,ECCS,2008,2026-04-01,synthetic revision
9263,GIB,ECCS,2008,2026-04-01,synthetic revision
9264,GRC,ECCS,2008,2026-04-01,synthetic revision
9265,GRL,ECCS,2008,2026-04-01,synthetic revision
9266,GRD,ECCS,2008,2026-04-01,synthetic revision
9267,GLP,ECCS,2008,2026-04-01,synthetic revision
9268,GTM,ECCS,2008,2026-04-01,synthetic revision
9269,GUF,ECCS,2008,2026-04-01,synthetic revision
9270,GIN,ECCS,2008,2026-04-01,synthetic revision
9271,GNB,ECCS,2008,2026-04-01,synthetic revision
9272,GUY,ECCS,2008,2026-04-01,synthetic revision
9273,HTI,ECCS,2008,2026-04-01,synthetic revision
9274,VAT,ECCS,2008,2026-04-01,synthetic revision
9275,HND,ECCS,2008,2026-04-01,synthetic revision
9276,HUN,ECCS,2008,2026-04-01,synthetic revision
9277,ISL,ECCS,2008,2026-04-01,synthetic revision
9278,IND,ECCS,2008,2026-04-01,synthetic revision
9279,IDN,ECCS,2008,2026-04-01,synthetic revision
9280,IRN,ECCS,2008,2026-04-01,synthetic revision
9281,IRQ,ECCS,2008,2026-04-01,synthetic revision
9282,IRL,ECCS,2008,2026-04-01,synthetic revision
9283,IMN,ECCS,2008,2026-04-01,synthetic revision
9284,ISR,ECCS,2008,2026-04-01,synthetic revision
9285,ITA,ECCS,2008,2026-04-01,synthetic revision
9286,JAM,ECCS,2008,2026-04-01,synthetic revision
9287,JPN,ECCS,2008,2026-04-01,synthetic revision
9288,JOR,ECCS,2008,2026-04-01,synthetic revision
9289,KAZ,ECCS,2008,2026-04-01,synthetic revision
9290,KEN,ECCS,2008,2026-04-01,synthetic revision
9291,KIR,ECCS,2008,2026-04-01,synthetic revision
9292,PRK,ECCS,2008,2026-04-01,synthetic revision
9293,KOR,ECCS,2008,2026-04-01,synthetic revision
9294,KWT,ECCS,2008,2026-04-01,synthetic revision
9295,KGZ,ECCS,2008,2026-04-01,synthetic revision
9296,LAO,ECCS,2008,2026-04-01,synthetic revision
9297,LVA,ECCS,2008,2026-04-01,synthetic revision
9298,LBN,ECCS,2008,2026-04-01,synthetic revision
9299,LSO,ECCS,2008,2026-04-01,synthetic revision
9300,LBR,ECCS,2008,2026-04-01,synthetic revision
9301,LBY,ECCS,2008,2026-04-01,synthetic revision
9302,LIE,ECCS,2008,2026-04-01,synthetic revision
9303,LTU,ECCS,2008,2026-04-01,synthetic revision
9304,LUX,ECCS,2008,2026-04-01,synthetic revision
9305,MDG,ECCS,2008,2026-04-01,synthetic revision
9306,MWI,ECCS,2008,2026-04-01,synthetic revision
9307,MYS,ECCS,2008,2026-04-01,synthetic revision
9308,MDV,ECCS,2008,2026-04-01,synthetic revision
9309,MLI,ECCS,2008,2026-04-01,synthetic revision
9310,MLT,ECCS,2008,2026-04-01,synthetic revision
9311,MHL,ECCS,2008,2026-04-01,synthetic revision
9312,MTQ,ECCS,2008,2026-04-01,synthetic revision
9313,MRT,ECCS,2008,2026-04-01,synthetic revision
9314,MUS,ECCS,2008,2026-04-01,synthetic revision
9315,MYT,ECCS,2008,2026-04-01,synthetic revision
9316,MEX,ECCS,2008,2026-04-01,synthetic revision
9317,FSM,ECCS,2008,2026-04-01,synthetic revision
9318,MDA,ECCS,2008,2026-04-01,synthetic revision
9319,MCO,ECCS,2008,2026-04-01,synthetic revision
9320,MNG,ECCS,2008,2026-04-01,synthetic revision
9321,MNE,ECCS,2008,2026-04-01,synthetic revision
9322,MSR,ECCS,2008,2026-04-01,synthetic revision
9323,MAR,ECCS,2008,2026-04-01,synthetic revision
9324,MOZ,ECCS,2008,2026-04-01,synthetic revision
9325,MMR,ECCS,2008,2026-04-01,synthetic revision
9326,NPL,ECCS,2008,2026-04-01,synthetic revision
9327,NLD,ECCS,2008,2026-04-01,synthetic revision
9328,NCL,ECCS,2008,2026-04-01,synthetic revision
9329,NZL,ECCS,2008,2026-04-01,synthetic revision
9330,NIC,ECCS,2008,2026-04-01,synthetic revision
9331,NER,ECCS,2008,2026-04-01,synthetic revision
9332,NGA,ECCS,2008,2026-04-01,synthetic revision
9333,NFK,ECCS,2008,2026-04-01,synthetic revision
9334,MKD,ECCS,2008,2026-04-01,synthetic revision
9335,NOR,ECCS,2008,2026-04-01,synthetic revision
9336,OMN,ECCS,2008,2026-04-01,synthetic revision
9337,PAK,ECCS,2008,2026-04-01,synthetic revision
9338,PAN,ECCS,2008,2026-04-01,synthetic revision
9339,PNG,ECCS,2008,2026-04-01,synthetic revision
9340,PRY,ECCS,2008,2026-04-01,synthetic revision
9341,PER,ECCS,2008,2026-04-01,synthetic revision
9342,PHL,ECCS,2008,2026-04-01,synthetic revision
9343,PCN,ECCS,2008,2026-04-01,synthetic revision
9344,POL,ECCS,2008,2026-04-01,synthetic revision
9345,PRT,ECCS,2008,2026-04-01,synthetic revision
9346,PRI,ECCS,2008,2026-04-01,synthetic revision
9347,QAT,ECCS,2008,2026-04-01,synthetic revision
9348,ROU,ECCS,2008,2026-04-01,synthetic revision
9349,RUS,ECCS,2008,2026-04-01,synthetic revision
9350,SPM,ECCS,2008,2026-04-01,synthetic revision
9351,WSM,ECCS,2008,2026-04-01,synthetic revision
9352,SMR,ECCS,2008,2026-04-01,synthetic revision
9353,STP,ECCS,2008,2026-04-01,synthetic revision
9354,SAU,ECCS,2008,2026-04-01,synthetic revision
9355,SEN,ECCS,2008,2026-04-01,synthetic revision
9356,SRB,ECCS,2008,2026-04-01,synthetic revision
9357,SYC,ECCS,2008,2026-04-01,synthetic revision
9358,SLE,ECCS,2008,2026-04-01,synthetic revision
9359,SGP,ECCS,2008,2026-04-01,synthetic revision
9360,SVK,ECCS,2008,2026-04-01,synthetic revision
9361,SVN,ECCS,2008,2026-04-01,synthetic revision
9362,SOM,ECCS,2008,2026-04-01,synthetic revision
9363,ZAF,ECCS,2008,2026-04-01,synthetic revision
9364,ESP,ECCS,2008,2026-04-01,synthetic revision
9365,LKA,ECCS,2008,2026-04-01,synthetic revision
9366,KNA,ECCS,2008,2026-04-01,synthetic revision
9367,LCA,ECCS,2008,2026-04-01,synthetic revision
9368,VCT,ECCS,2008,2026-04-01,synthetic revision
9369,SUR,ECCS,2008,2026-04-01,synthetic revision
9370,SJM,ECCS,2008,2026-04-01,synthetic revision
9371,SWE,ECCS,2008,2026-04-01,synthetic revision
9372,CHE,ECCS,2008,2026-04-01,synthetic revision
9373,SYR,ECCS,2008,2026-04-01,synthetic revision
9374,TWN,ECCS,2008,2026-04-01,synthetic revision
9375,TJK,ECCS,2008,2026-04-01,synthetic revision
9376,TZA,ECCS,2008,2026-04-01,synthetic revision
9377,THA,ECCS,2008,2026-04-01,synthetic revision
9378,TLS,ECCS,2008,2026-04-01,synthetic revision
9379,TGO,ECCS,2008,2026-04-01,synthetic revision
9380,TON,ECCS,2008,2026-04-01,synthetic revision
9381,TTO,ECCS,2008,2026-04-01,synthetic revision
9382,TUN,ECCS,2008,2026-04-01,synthetic revision
9383,TKM,ECCS,2008,2026-04-01,synthetic revision
9384,TUV,ECCS,2008,2026-04-01,synthetic revision
9385,UGA,ECCS,2008,2026-04-01,synthetic revision
9386,UKR,ECCS,2008,2026-04-01,synthetic revision
9387,ARE,ECCS,2008,2026-04-01,synthetic revision
9388,GBR,ECCS,2008,2026-04-01,synthetic revision
9389,USA,ECCS,2008,2026-04-01,synthetic revision
9390,VIR,ECCS,2008,2026-04-01,synthetic revision
9391,URY,ECCS,2008,2026-04-01,synthetic revision
9392,UZB,ECCS,2008,2026-04-01,synthetic revision
9393,VUT,ECCS,2008,2026-04-01,synthetic revision
9394,VEN,ECCS,2008,2026-04-01,synthetic revision
9395,VNM,ECCS,2008,2026-04-01,synthetic revision
9396,WLF,ECCS,2008,2026-04-01,synthetic revision
9397,PSE,ECCS,2008,2026-04-01,synthetic revision
9398,ESH,ECCS,2008,2026-04-01,synthetic revision
9399,ZMB,ECCS,2008,2026-04-01,synthetic revision
9400,ZWE,ECCS,2008,2026-04-01,synthetic revision
9401,AFG,ECCS,2009,2026-04-01,synthetic revision
9402,ALB,ECCS,2009,2026-04-01,synthetic revision
9403,DZA,ECCS,2009,2026-04-01,synthetic revision
9404,ASM,ECCS,2009,2026-04-01,synthetic revision
9405,AND,ECCS,2009,2026-04-01,synthetic revision
9406,AGO,ECCS,2009,2026-04-01,synthetic revision
9407,AIA,ECCS,2009,2026-04-01,synthetic revision
9408,ATG,ECCS,2009,2026-04-01,synthetic revision
9409,ARG,ECCS,2009,2026-04-01,synthetic revision
9410,ARM,ECCS,2009,2026-04-01,synthetic revision
9411,ABW,ECCS,2009,2026-04-01,synthetic revision
9412,AUS,ECCS,2009,2026-04-01,synthetic revision
9413,AUT,ECCS,2009,2026-04-01,synthetic revision
9414,AZE,ECCS,2009,2026-04-01,synthetic revision
9415,BHS,ECCS,2009,2026-04-01,synthetic revision
9416,BHR,ECCS,2009,2026-04-01,synthetic revision
9417,BGD,ECCS,2009,2026-04-01,synthetic revision
9418,BRB,ECCS,2009,2026-04-01,synthetic revision
9419,BLR,ECCS,2009,2026-04-01,synthetic revision
9420,BEL,ECCS,2009,2026-04-01,synthetic revision
9421,BLZ,ECCS,2009,2026-04-01,synthetic revision
9422,BEN,ECCS,2009,2026-04-01,synthetic revision
9423,BTN,ECCS,2009,2026-04-01,synthetic revision
9424,BOL,ECCS,2009,2026-04-01,synthetic revision
9425,BIH,ECCS,2009,2026-04-01,synthetic revision
9426,BWA,ECCS,2009,2026-04-01,synthetic revision
9427,BRA,ECCS,2009,2026-04-01,synthetic revision
9428,VGB,ECCS,2009,2026-04-01,synthetic revision
9429,BRN,ECCS,2009,2026-04-01,synthetic revision
9430,BGR,ECCS,2009,2026-04-01,synthetic revision
9431,BFA,ECCS,2009,2026-04-01,synthetic revision
9432,CPV,ECCS,2009,2026-04-01,synthetic revision
9433,KHM,ECCS,2009,2026-04-01,synthetic revision
9434,CMR,ECCS,2009,2026-04-01,synthetic revision
9435,CAN,ECCS,2009,2026-04-01,synthetic revision
9436,CYM,ECCS,2009,2026-04-01,synthetic revision
9437,CAF,ECCS,2009,2026-04-01,synthetic revision
9438,TCD,ECCS,2009,2026-04-01,synthetic revision
9439,CHL,ECCS,2009,2026-04-01,synthetic revision
9440,HKG,ECCS,2009,2026-04-01,synthetic revision
9441,MAC,ECCS,2009,2026-04-01,synthetic revision
9442,CHN,ECCS,2009,2026-04-01,synthetic revision
9443,COL,ECCS,2009,2026-04-01,synthetic revision
9444,COM,ECCS,2009,2026-04-01,synthetic revision
9445,COD,ECCS,2009,2026-04-01,synthetic revision
9446,COG,ECCS,2009,2026-04-01,synthetic revision
9447,COK,ECCS,2009,2026-04-01,synthetic revision
9448,CRI,ECCS,2009,2026-04-01,synthetic revision
9449,HRV,ECCS,2009,2026-04-01,synthetic revision
9450,CUB,ECCS,2009,2026-04-01,synthetic revision
9451,CYP,ECCS,2009,2026-04-01,synthetic revision
9452,CZE,ECCS,2009,2026-04-01,synthetic revision
9453,DNK,ECCS,2009,2026-04-01,synthetic revision
9454,DJI,ECCS,2009,2026-04-01,synthetic revision
9455,DMA,ECCS,2009,2026-04-01,synthetic revision
9456,DOM,ECCS,2009,2026-04-01,synthetic revision
9457,ECU,ECCS,2009,2026-04-01,synthetic revision
9458,EGY,ECCS,2009,2026-04-01,synthetic revision
9459,SLV,ECCS,2009,2026-04-01,synthetic revision
9460,GNQ,ECCS,2009,2026-04-01,synthetic revision
9461,ERI,ECCS,2009,2026-04-01,synthetic revision
9462,EST,ECCS,2009,2026-04-01,synthetic revision
9463,SWZ,ECCS,2009,2026-04-01,synthetic revision
9464,ETH,ECCS,2009,2026-04-01,synthetic revision
9465,FRO,ECCS,2009,2026-04-01,synthetic revision
9466,FJI,ECCS,2009,2026-04-01,synthetic revision
9467,FIN,ECCS,2009,2026-04-01,synthetic revision
9468,FRA,ECCS,2009,2026-04-01,synthetic revision
9469,PYF,ECCS,2009,2026-04-01,synthetic revision
9470,GAB,ECCS,2009,2026-04-01,synthetic revision
9471,GMB,ECCS,2009,2026-04-01,synthetic revision
9472,GEO,ECCS,2009,2026-04-01,synthetic revision
9473,DEU,ECCS,2009,2026-04-01,synthetic revision
9474,GHA,ECCS,2009,2026-04-01,synthetic revision
9475,GIB,ECCS,2009,2026-04-01,synthetic revision
9476,GRC,ECCS,2009,2026-04-01,synthetic revision
9477,GRL,ECCS,2009,2026-04-01,synthetic revision
9478,GRD,ECCS,2009,2026-04-01,synthetic revision
9479,GLP,ECCS,2009,2026-04-01,synthetic revision
9480,GTM,ECCS,2009,2026-04-01,synthetic revision
9481,GUF,ECCS,2009,2026-04-01,synthetic revision
9482,GIN,ECCS,2009,2026-04-01,synthetic revision
9483,GNB,ECCS,2009,2026-04-01,synthetic revision
9484,GUY,ECCS,2009,2026-04-01,synthetic revision
9485,HTI,ECCS,2009,2026-04-01,synthetic revision
9486,VAT,ECCS,2009,2026-04-01,synthetic revision
9487,HND,ECCS,2009,2026-04-01,synthetic revision
9488,HUN,ECCS,2009,2026-04-01,synthetic revision
9489,ISL,ECCS,2009,2026-04-01,synthetic revision
9490,IND,ECCS,2009,2026-04-01,synthetic revision
9491,IDN,ECCS,2009,2026-04-01,synthetic revision
9492,IRN,ECCS,2009,2026-04-01,synthetic revision
9493,IRQ,ECCS,2009,2026-04-01,synthetic revision
9494,IRL,ECCS,2009,2026-04-01,synthetic revision
9495,IMN,ECCS,2009,2026-04-01,synthetic revision
9496,ISR,ECCS,2009,2026-04-01,synthetic revision
9497,ITA,ECCS,2009,2026-04-01,synthetic revision
9498,JAM,ECCS,2009,2026-04-01,synthetic revision
9499,JPN,ECCS,2009,2026-04-01,synthetic revision
9500,JOR,ECCS,2009,2026-04-01,synthetic revision
9501,KAZ,ECCS,2009,2026-04-01,synthetic revision
9502,KEN,ECCS,2009,2026-04-01,synthetic revision
9503,KIR,ECCS,2009,2026-04-01,synthetic revision
9504,PRK,ECCS,2009,2026-04-01,synthetic revision
9505,KOR,ECCS,2009,2026-04-01,synthetic revision
9506,KWT,ECCS,2009,2026-04-01,synthetic revision
9507,KGZ,ECCS,2009,2026-04-01,synthetic revision
9508,LAO,ECCS,2009,2026-04-01,synthetic revision
9509,LVA,ECCS,2009,2026-04-01,synthetic revision
9510,LBN,ECCS,2009,2026-04-01,synthetic revision
9511,LSO,ECCS,2009,2026-04-01,synthetic revision
9512,LBR,ECCS,2009,2026-04-01,synthetic revision
9513,LBY,ECCS,2009,2026-04-01,synthetic revision
9514,LIE,ECCS,2009,2026-04-01,synthetic revision
9515,LTU,ECCS,2009,2026-04-01,synthetic revision
9516,LUX,ECCS,2009,2026-04-01,synthetic revision
9517,MDG,ECCS,2009,2026-04-01,synthetic revision
9518,MWI,ECCS,2009,2026-04-01,synthetic revision
9519,MYS,ECCS,2009,2026-04-01,synthetic revision
9520,MDV,ECCS,2009,2026-04-01,synthetic revision
9521,MLI,ECCS,2009,2026-04-01,synthetic revision
9522,MLT,ECCS,2009,2026-04-01,synthetic revision
9523,MHL,ECCS,2009,2026-04-01,synthetic revision
9524,MTQ,ECCS,2009,2026-04-01,synthetic revision
9525,MRT,ECCS,2009,2026-04-01,synthetic revision
9526,MUS,ECCS,2009,2026-04-01,synthetic revision
9527,MYT,ECCS,2009,2026-04-01,synthetic revision
9528,MEX,ECCS,2009,2026-04-01,synthetic revision
9529,FSM,ECCS,2009,2026-04-01,synthetic revision
9530,MDA,ECCS,2009,2026-04-01,synthetic revision
9531,MCO,ECCS,2009,2026-04-01,synthetic revision
9532,MNG,ECCS,2009,2026-04-01,synthetic revision
9533,MNE,ECCS,2009,2026-04-01,synthetic revision
9534,MSR,ECCS,2009,2026-04-01,synthetic revision
9535,MAR,ECCS,2009,2026-04-01,synthetic revision
9536,MOZ,ECCS,2009,2026-04-01,synthetic revision
9537,MMR,ECCS,2009,2026-04-01,synthetic revision
9538,NPL,ECCS,2009,2026-04-01,synthetic revision
9539,NLD,ECCS,2009,2026-04-01,synthetic revision
9540,NCL,ECCS,2009,2026-04-01,synthetic revision
9541,NZL,ECCS,2009,2026-04-01,synthetic revision
9542,NIC,ECCS,2009,2026-04-01,synthetic revision
9543,NER,ECCS,2009,2026-04-01,synthetic revision
9544,NGA,ECCS,2009,2026-04-01,synthetic revision
9545,NFK,ECCS,2009,2026-04-01,synthetic revision
9546,MKD,ECCS,2009,2026-04-01,synthetic revision
9547,NOR,ECCS,2009,2026-04-01,synthetic revision
9548,OMN,ECCS,2009,2026-04-01,synthetic revision
9549,PAK,ECCS,2009,2026-04-01,synthetic revision
9550,PLW,ECCS,2009,2026-04-01,synthetic revision
9551,PAN,ECCS,2009,2026-04-01,synthetic revision
9552,PNG,ECCS,2009,2026-04-01,synthetic revision
9553,PRY,ECCS,2009,2026-04-01,synthetic revision
9554,PER,ECCS,2009,2026-04-01,synthetic revision
9555,PHL,ECCS,2009,2026-04-01,synthetic revision
9556,PCN,ECCS,2009,2026-04-01,synthetic revision
9557,POL,ECCS,2009,2026-04-01,synthetic revision
9558,PRT,ECCS,2009,2026-04-01,synthetic revision
9559,PRI,ECCS,2009,2026-04-01,synthetic revision
9560,QAT,ECCS,2009,2026-04-01,synthetic revision
9561,ROU,ECCS,2009,2026-04-01,synthetic revision
9562,RUS,ECCS,2009,2026-04-01,synthetic revision
9563,SPM,ECCS,2009,2026-04-01,synthetic revision
9564,WSM,ECCS,2009,2026-04-01,synthetic revision
9565,SMR,ECCS,2009,2026-04-01,synthetic revision
9566,STP,ECCS,2009,2026-04-01,synthetic revision
9567,SAU,ECCS,2009,2026-04-01,synthetic revision
9568,SEN,ECCS,2009,2026-04-01,synthetic revision
9569,SRB,ECCS,2009,2026-04-01,synthetic revision
9570,SYC,ECCS,2009,2026-04-01,synthetic revision
9571,SLE,ECCS,2009,2026-04-01,synthetic revision
9572,SGP,ECCS,2009,2026-04-01,synthetic revision
9573,SVK,ECCS,2009,2026-04-01,synthetic revision
9574,SVN,ECCS,2009,2026-04-01,synthetic revision
9575,SLB,ECCS,2009,2026-04-01,synthetic revision
9576,SOM,ECCS,2009,2026-04-01,synthetic revision
9577,ZAF,ECCS,2009,2026-04-01,synthetic revision
9578,ESP,ECCS,2009,2026-04-01,synthetic revision
9579,LKA,ECCS,2009,2026-04-01,synthetic revision
9580,KNA,ECCS,2009,2026-04-01,synthetic revision
9581,LCA,ECCS,2009,2026-04-01,synthetic revision
9582,VCT,ECCS,2009,2026-04-01,synthetic revision
9583,SUR,ECCS,2009,2026-04-01,synthetic revision
9584,SJM,ECCS,2009,2026-04-01,synthetic revision
9585,SWE,ECCS,2009,2026-04-01,synthetic revision
9586,CHE,ECCS,2009,2026-04-01,synthetic revision
9587,SYR,ECCS,2009,2026-04-01,synthetic revision
9588,TWN,ECCS,2009,2026-04-01,synthetic revision
9589,TJK,ECCS,2009,2026-04-01,synthetic revision
9590,TZA,ECCS,2009,2026-04-01,synthetic revision
9591,THA,ECCS,2009,2026-04-01,synthetic revision
9592,TLS,ECCS,2009,2026-04-01,synthetic revision
9593,TGO,ECCS,2009,2026-04-01,synthetic revision
9594,TON,ECCS,2009,2026-04-01,synthetic revision
9595,TTO,ECCS,2009,2026-04-01,synthetic revision
9596,TUN,ECCS,2009,2026-04-01,synthetic revision
9597,TKM,ECCS,2009,2026-04-01,synthetic revision
9598,TUV,ECCS,2009,2026-04-01,synthetic revision
9599,UGA,ECCS,2009,2026-04-01,synthetic revision
9600,UKR,ECCS,2009,2026-04-01,synthetic revision
9601,ARE,ECCS,2009,2026-04-01,synthetic revision
9602,GBR,ECCS,2009,2026-04-01,synthetic revision
9603,USA,ECCS,2009,2026-04-01,synthetic revision
9604,VIR,ECCS,2009,2026-04-01,synthetic revision
9605,URY,ECCS,2009,2026-04-01,synthetic revision
9606,UZB,ECCS,2009,2026-04-01,synthetic revision
9607,VUT,ECCS,2009,2026-04-01,synthetic revision
9608,VEN,ECCS,2009,2026-04-01,synthetic revision
9609,VNM,ECCS,2009,2026-04-01,synthetic revision
9610,WLF,ECCS,2009,2026-04-01,synthetic revision
9611,PSE,ECCS,2009,2026-04-01,synthetic revision
9612,ESH,ECCS,2009,2026-04-01,synthetic revision
9613,ZMB,ECCS,2009,2026-04-01,synthetic revision
9614,ZWE,ECCS,2009,2026-04-01,synthetic revision
9615,AFG,ECCS,2010,2026-04-01,synthetic revision
9616,ALB,ECCS,2010,2026-04-01,synthetic revision
9617,DZA,ECCS,2010,2026-04-01,synthetic revision
9618,ASM,ECCS,2010,2026-04-01,synthetic revision
9619,AND,ECCS,2010,2026-04-01,synthetic revision
9620,AGO,ECCS,2010,2026-04-01,synthetic revision
9621,AIA,ECCS,2010,2026-04-01,synthetic revision
9622,ATG,ECCS,2010,2026-04-01,synthetic revision
9623,ARG,ECCS,2010,2026-04-01,synthetic revision
9624,ARM,ECCS,2010,2026-04-01,synthetic revision
9625,ABW,ECCS,2010,2026-04-01,synthetic revision
9626,AUS,ECCS,2010,2026-04-01,synthetic revision
9627,AUT,ECCS,2010,2026-04-01,synthetic revision
9628,AZE,ECCS,2010,2026-04-01,synthetic revision
9629,BHS,ECCS,2010,2026-04-01,synthetic revision
9630,BHR,ECCS,2010,2026-04-01,synthetic revision
9631,BGD,ECCS,2010,2026-04-01,synthetic revision
9632,BRB,ECCS,2010,2026-04-01,synthetic revision
9633,BLR,ECCS,2010,2026-04-01,synthetic revision
9634,BEL,ECCS,2010,2026-04-01,synthetic revision
9635,BLZ,ECCS,2010,2026-04-01,synthetic revision
9636,BEN,ECCS,2010,2026-04-01,synthetic revision
9637,BTN,ECCS,2010,2026-04-01,synthetic revision
9638,BOL,ECCS,2010,2026-04-01,synthetic revision
9639,BIH,ECCS,2010,2026-04-01,synthetic revision
9640,BWA,ECCS,2010,2026-04-01,synthetic revision
9641,BRA,ECCS,2010,2026-04-01,synthetic revision
9642,VGB,ECCS,2010,2026-04-01,synthetic revision
9643,BRN,ECCS,2010,2026-04-01,synthetic revision
9644,BGR,ECCS,2010,2026-04-01,synthetic revision
9645,BFA,ECCS,2010,2026-04-01,synthetic revision
9646,KHM,ECCS,2010,2026-04-01,synthetic revision
9647,CMR,ECCS,2010,2026-04-01,synthetic revision
9648,CAN,ECCS,2010,2026-04-01,synthetic revision
9649,CYM,ECCS,2010,2026-04-01,synthetic revision
9650,CAF,ECCS,2010,2026-04-01,synthetic revision
9651,TCD,ECCS,2010,2026-04-01,synthetic revision
9652,CHL,ECCS,2010,2026-04-01,synthetic revision
9653,HKG,ECCS,2010,2026-04-01,synthetic revision
9654,MAC,ECCS,2010,2026-04-01,synthetic revision
9655,CHN,ECCS,2010,2026-04-01,synthetic revision
9656,COL,ECCS,2010,2026-04-01,synthetic revision
9657,COM,ECCS,2010,2026-04-01,synthetic revision
9658,COD,ECCS,2010,2026-04-01,synthetic revision
9659,COG,ECCS,2010,2026-04-01,synthetic revision
9660,COK,ECCS,2010,2026-04-01,synthetic revision
9661,CRI,ECCS,2010,2026-04-01,synthetic revision
9662,HRV,ECCS,2010,2026-04-01,synthetic revision
9663,CUB,ECCS,2010,2026-04-01,synthetic revision
9664,CYP,ECCS,2010,2026-04-01,synthetic revision
9665,CZE,ECCS,2010,2026-04-01,synthetic revision
9666,DNK,ECCS,2010,2026-04-01,synthetic revision
9667,DJI,ECCS,2010,2026-04-01,synthetic revision
9668,DMA,ECCS,2010,2026-04-01,synthetic revision
9669,DOM,ECCS,2010,2026-04-01,synthetic revision
9670,ECU,ECCS,2010,2026-04-01,synthetic revision
9671,EGY,ECCS,2010,2026-04-01,synthetic revision
9672,SLV,ECCS,2010,2026-04-01,synthetic revision
9673,GNQ,ECCS,2010,2026-04-01,synthetic revision
9674,ERI,ECCS,2010,2026-04-01,synthetic revision
9675,EST,ECCS,2010,2026-04-01,synthetic revision
9676,SWZ,ECCS,2010,2026-04-01,synthetic revision
9677,ETH,ECCS,2010,2026-04-01,synthetic revision
9678,FRO,ECCS,2010,2026-04-01,synthetic revision
9679,FJI,ECCS,2010,2026-04-01,synthetic revision
9680,FIN,ECCS,2010,2026-04-01,synthetic revision
9681,FRA,ECCS,2010,2026-04-01,synthetic revision
9682,PYF,ECCS,2010,2026-04-01,synthetic revision
9683,GAB,ECCS,2010,2026-04-01,synthetic revision
9684,GMB,ECCS,2010,2026-04-01,synthetic revision
9685,GEO,ECCS,2010,2026-04-01,synthetic revision
9686,DEU,ECCS,2010,2026-04-01,synthetic revision
9687,GHA,ECCS,2010,2026-04-01,synthetic revision
9688,GIB,ECCS,2010,2026-04-01,synthetic revision
9689,GRC,ECCS,2010,2026-04-01,synthetic revision
9690,GRL,ECCS,2010,2026-04-01,synthetic revision
9691,GRD,ECCS,2010,2026-04-01,synthetic revision
9692,GLP,ECCS,2010,2026-04-01,synthetic revision
9693,GTM,ECCS,2010,2026-04-01,synthetic revision
9694,GUF,ECCS,2010,2026-04-01,synthetic revision
9695,GIN,ECCS,2010,2026-04-01,synthetic revision
9696,GNB,ECCS,2010,2026-04-01,synthetic revision
9697,GUY,ECCS,2010,2026-04-01,synthetic revision
9698,HTI,ECCS,2010,2026-04-01,synthetic revision
9699,VAT,ECCS,2010,2026-04-01,synthetic revision
9700,HND,ECCS,2010,2026-04-01,synthetic revision
9701,HUN,ECCS,2010,2026-04-01,synthetic revision
9702,ISL,ECCS,2010,2026-04-01,synthetic revision
9703,IND,ECCS,2010,2026-04-01,synthetic revision
9704,IDN,ECCS,2010,2026-04-01,synthetic revision
9705,IRN,ECCS,2010,2026-04-01,synthetic revision
9706,IRQ,ECCS,2010,2026-04-01,synthetic revision
9707,IRL,ECCS,2010,2026-04-01,synthetic revision
9708,IMN,ECCS,2010,2026-04-01,synthetic revision
9709,ISR,ECCS,2010,2026-04-01,synthetic revision
9710,ITA,ECCS,2010,2026-04-01,synthetic revision
9711,JAM,ECCS,2010,2026-04-01,synthetic revision
9712,JPN,ECCS,2010,2026-04-01,synthetic revision
9713,JOR,ECCS,2010,2026-04-01,synthetic revision
9714,KAZ,ECCS,2010,2026-04-01,synthetic revision
9715,KEN,ECCS,2010,2026-04-01,synthetic revision
9716,KIR,ECCS,2010,2026-04-01,synthetic revision
9717,PRK,ECCS,2010,2026-04-01,synthetic revision
9718,KOR,ECCS,2010,2026-04-01,synthetic revision
9719,KWT,ECCS,2010,2026-04-01,synthetic revision
9720,KGZ,ECCS,2010,2026-04-01,synthetic revision
9721,LAO,ECCS,2010,2026-04-01,synthetic revision
9722,LVA,ECCS,2010,2026-04-01,synthetic revision
9723,LBN,ECCS,2010,2026-04-01,synthetic revision
9724,LSO,ECCS,2010,2026-04-01,synthetic revision
9725,LBR,ECCS,2010,2026-04-01,synthetic revision
9726,LBY,ECCS,2010,2026-04-01,synthetic revision
9727,LIE,ECCS,2010,2026-04-01,synthetic revision
9728,LTU,ECCS,2010,2026-04-01,synthetic revision
9729,LUX,ECCS,2010,2026-04-01,synthetic revision
9730,MDG,ECCS,2010,2026-04-01,synthetic revision
9731,MWI,ECCS,2010,2026-04-01,synthetic revision
9732,MYS,ECCS,2010,2026-04-01,synthetic revision
9733,MDV,ECCS,2010,2026-04-01,synthetic revision
9734,MLI,ECCS,2010,2026-04-01,synthetic revision
9735,MLT,ECCS,2010,2026-04-01,synthetic revision
9736,MHL,ECCS,2010,2026-04-01,synthetic revision
9737,MTQ,ECCS,2010,2026-04-01,synthetic revision
9738,MRT,ECCS,2010,2026-04-01,synthetic revision
9739,MUS,ECCS,2010,2026-04-01,synthetic revision
9740,MYT,ECCS,2010,2026-04-01,synthetic revision
9741,MEX,ECCS,2010,2026-04-01,synthetic revision
9742,FSM,ECCS,2010,2026-04-01,synthetic revision
9743,MDA,ECCS,2010,2026-04-01,synthetic revision
9744,MCO,ECCS,2010,2026-04-01,synthetic revision
9745,MNG,ECCS,2010,2026-04-01,synthetic revision
9746,MNE,ECCS,2010,2026-04-01,synthetic revision
9747,MSR,ECCS,2010,2026-04-01,synthetic revision
9748,MAR,ECCS,2010,2026-04-01,synthetic revision
9749,MOZ,ECCS,2010,2026-04-01,synthetic revision
9750,MMR,ECCS,2010,2026-04-01,synthetic revision
9751,NPL,ECCS,2010,2026-04-01,synthetic revision
9752,NLD,ECCS,2010,2026-04-01,synthetic revision
9753,NCL,ECCS,2010,2026-04-01,synthetic revision
9754,NZL,ECCS,2010,2026-04-01,synthetic revision
9755,NIC,ECCS,2010,2026-04-01,synthetic revision
9756,NER,ECCS,2010,2026-04-01,synthetic revision
9757,NGA,ECCS,2010,2026-04-01,synthetic revision
9758,NFK,ECCS,2010,2026-04-01,synthetic revision
9759,MKD,ECCS,2010,2026-04-01,synthetic revision
9760,NOR,ECCS,2010,2026-04-01,synthetic revision
9761,OMN,ECCS,2010,2026-04-01,synthetic revision
9762,PAK,ECCS,2010,2026-04-01,synthetic revision
9763,PLW,ECCS,2010,2026-04-01,synthetic revision
9764,PAN,ECCS,2010,2026-04-01,synthetic revision
9765,PNG,ECCS,2010,2026-04-01,synthetic revision
9766,PRY,ECCS,2010,2026-04-01,synthetic revision
9767,PER,ECCS,2010,2026-04-01,synthetic revision
9768,PHL,ECCS,2010,2026-04-01,synthetic revision
9769,PCN,ECCS,2010,2026-04-01,synthetic revision
9770,POL,ECCS,2010,2026-04-01,synthetic revision
9771,PRT,ECCS,2010,2026-04-01,synthetic revision
9772,PRI,ECCS,2010,2026-04-01,synthetic revision
9773,QAT,ECCS,2010,2026-04-01,synthetic revision
9774,ROU,ECCS,2010,2026-04-01,synthetic revision
9775,RUS,ECCS,2010,2026-04-01,synthetic revision
9776,SPM,ECCS,2010,2026-04-01,synthetic revision
9777,WSM,ECCS,2010,2026-04-01,synthetic revision
9778,SMR,ECCS,2010,2026-04-01,synthetic revision
9779,STP,ECCS,2010,2026-04-01,synthetic revision
9780,SAU,ECCS,2010,2026-04-01,synthetic revision
9781,SEN,ECCS,2010,2026-04-01,synthetic revision
9782,SRB,ECCS,2010,2026-04-01,synthetic revision
9783,SYC,ECCS,2010,2026-04-01,synthetic revision
9784,SLE,ECCS,2010,2026-04-01,synthetic revision
9785,SGP,ECCS,2010,2026-04-01,synthetic revision
9786,SVK,ECCS,2010,2026-04-01,synthetic revision
9787,SVN,ECCS,2010,2026-04-01,synthetic revision
9788,SLB,ECCS,2010,2026-04-01,synthetic revision
9789,SOM,ECCS,2010,2026-04-01,synthetic revision
9790,ZAF,ECCS,2010,2026-04-01,synthetic revision
9791,ESP,ECCS,2010,2026-04-01,synthetic revision
9792,LKA,ECCS,2010,2026-04-01,synthetic revision
9793,KNA,ECCS,2010,2026-04-01,synthetic revision
9794,LCA,ECCS,2010,2026-04-01,synthetic revision
9795,VCT,ECCS,2010,2026-04-01,synthetic revision
9796,SUR,ECCS,2010,2026-04-01,synthetic revision
9797,SJM,ECCS,2010,2026-04-01,synthetic revision
9798,SWE,ECCS,2010,2026-04-01,synthetic revision
9799,CHE,ECCS,2010,2026-04-01,synthetic revision
9800,SYR,ECCS,2010,2026-04-01,synthetic revision
9801,TWN,ECCS,2010,2026-04-01,synthetic revision
9802,TJK,ECCS,2010,2026-04-01,synthetic revision
9803,TZA,ECCS,2010,2026-04-01,synthetic revision
9804,THA,ECCS,2010,2026-04-01,synthetic revision
9805,TLS,ECCS,2010,2026-04-01,synthetic revision
9806,TGO,ECCS,2010,2026-04-01,synthetic revision
9807,TON,ECCS,2010,2026-04-01,synthetic revision
9808,TTO,ECCS,2010,2026-04-01,synthetic revision
9809,TUN,ECCS,2010,2026-04-01,synthetic revision
9810,TKM,ECCS,2010,2026-04-01,synthetic revision
9811,TUV,ECCS,2010,2026-04-01,synthetic revision
9812,UGA,ECCS,2010,2026-04-01,synthetic revision
9813,UKR,ECCS,2010,2026-04-01,synthetic revision
9814,ARE,ECCS,2010,2026-04-01,synthetic revision
9815,GBR,ECCS,2010,2026-04-01,synthetic revision
9816,USA,ECCS,2010,2026-04-01,synthetic revision
9817,VIR,ECCS,2010,2026-04-01,synthetic revision
9818,URY,ECCS,2010,2026-04-01,synthetic revision
9819,UZB,ECCS,2010,2026-04-01,synthetic revision
9820,VUT,ECCS,2010,2026-04-01,synthetic revision
9821,VEN,ECCS,2010,2026-04-01,synthetic revision
9822,VNM,ECCS,2010,2026-04-01,synthetic revision
9823,WLF,ECCS,2010,2026-04-01,synthetic revision
9824,PSE,ECCS,2010,2026-04-01,synthetic revision
9825,ESH,ECCS,2010,2026-04-01,synthetic revision
9826,ZMB,ECCS,2010,2026-04-01,synthetic revision
9827,ZWE,ECCS,2010,2026-04-01,synthetic revision
9828,AFG,ECCS,2011,2026-04-01,synthetic revision
9829,ALB,ECCS,2011,2026-04-01,synthetic revision
9830,DZA,ECCS,2011,2026-04-01,synthetic revision
9831,ASM,ECCS,2011,2026-04-01,synthetic revision
9832,AND,ECCS,2011,2026-04-01,synthetic revision
9833,AGO,ECCS,2011,2026-04-01,synthetic revision
9834,AIA,ECCS,2011,2026-04-01,synthetic revision
9835,ATG,ECCS,2011,2026-04-01,synthetic revision
9836,ARG,ECCS,2011,2026-04-01,synthetic revision
9837,ARM,ECCS,2011,2026-04-01,synthetic revision
9838,ABW,ECCS,2011,2026-04-01,synthetic revision
9839,AUS,ECCS,2011,2026-04-01,synthetic revision
9840,AUT,ECCS,2011,2026-04-01,synthetic revision
9841,AZE,ECCS,2011,2026-04-01,synthetic revision
9842,BHS,ECCS,2011,2026-04-01,synthetic revision
9843,BHR,ECCS,2011,2026-04-01,synthetic revision
9844,BGD,ECCS,2011,2026-04-01,synthetic revision
9845,BRB,ECCS,2011,2026-04-01,synthetic revision
9846,BLR,ECCS,2011,2026-04-01,synthetic revision
9847,BEL,ECCS,2011,2026-04-01,synthetic revision
9848,BLZ,ECCS,2011,2026-04-01,synthetic revision
9849,BEN,ECCS,2011,2026-04-01,synthetic revision
9850,BTN,ECCS,2011,2026-04-01,synthetic revision
9851,BOL,ECCS,2011,2026-04-01,synthetic revision
9852,BIH,ECCS,2011,2026-04-01,synthetic revision
9853,BWA,ECCS,2011,2026-04-01,synthetic revision
9854,BRA,ECCS,2011,2026-04-01,synthetic revision
9855,VGB,ECCS,2011,2026-04-01,synthetic revision
9856,BRN,ECCS,2011,2026-04-01,synthetic revision
9857,BGR,ECCS,2011,2026-04-01,synthetic revision
9858,BFA,ECCS,2011,2026-04-01,synthetic revision
9859,CPV,ECCS,2011,2026-04-01,synthetic revision
9860,KHM,ECCS,2011,2026-04-01,synthetic revision
9861,CMR,ECCS,2011,2026-04-01,synthetic revision
9862,CAN,ECCS,2011,2026-04-01,synthetic revision
9863,CYM,ECCS,2011,2026-04-01,synthetic revision
9864,CAF,ECCS,2011,2026-04-01,synthetic revision
9865,TCD,ECCS,2011,2026-04-01,synthetic revision
9866,CHL,ECCS,2011,2026-04-01,synthetic revision
9867,HKG,ECCS,2011,2026-04-01,synthetic revision
9868,MAC,ECCS,2011,2026-04-01,synthetic revision
9869,CHN,ECCS,2011,2026-04-01,synthetic revision
9870,COL,ECCS,2011,2026-04-01,synthetic revision
9871,COM,ECCS,2011,2026-04-01,synthetic revision
9872,COD,ECCS,2011,2026-04-01,synthetic revision
9873,COG,ECCS,2011,2026-04-01,synthetic revision
9874,COK,ECCS,2011,2026-04-01,synthetic revision
9875,CRI,ECCS,2011,2026-04-01,synthetic revision
9876,HRV,ECCS,2011,2026-04-01,synthetic revision
9877,CUB,ECCS,2011,2026-04-01,synthetic revision
9878,CYP,ECCS,2011,2026-04-01,synthetic revision
9879,CZE,ECCS,2011,2026-04-01,synthetic revision
9880,DNK,ECCS,2011,2026-04-01,synthetic revision
9881,DJI,ECCS,2011,2026-04-01,synthetic revision
9882,DMA,ECCS,2011,2026-04-01,synthetic revision
9883,DOM,ECCS,2011,2026-04-01,synthetic revision
9884,ECU,ECCS,2011,2026-04-01,synthetic revision
9885,EGY,ECCS,2011,2026-04-01,synthetic revision
9886,SLV,ECCS,2011,2026-04-01,synthetic revision
9887,GNQ,ECCS,2011,2026-04-01,synthetic revision
9888,ERI,ECCS,2011,2026-04-01,synthetic revision
9889,EST,ECCS,2011,2026-04-01,synthetic revision
9890,SWZ,ECCS,2011,2026-04-01,synthetic revision
9891,ETH,ECCS,2011,2026-04-01,synthetic revision
9892,FRO,ECCS,2011,2026-04-01,synthetic revision
9893,FJI,ECCS,2011,2026-04-01,synthetic revision
9894,FIN,ECCS,2011,2026-04-01,synthetic revision
9895,FRA,ECCS,2011,2026-04-01,synthetic revision
9896,PYF,ECCS,2011,2026-04-01,synthetic revision
9897,GAB,ECCS,2011,2026-04-01,synthetic revision
9898,GMB,ECCS,2011,2026-04-01,synthetic revision
9899,GEO,ECCS,2011,2026-04-01,synthetic revision
9900,DEU,ECCS,2011,2026-04-01,synthetic revision
9901,GHA,ECCS,2011,2026-04-01,synthetic revision
9902,GIB,ECCS,2011,2026-04-01,synthetic revision
9903,GRC,ECCS,2011,2026-04-01,synthetic revision
9904,GRL,ECCS,2011,2026-04-01,synthetic revision
9905,GRD,ECCS,2011,2026-04-01,synthetic revision
9906,GLP,ECCS,2011,2026-04-01,synthetic revision
9907,GTM,ECCS,2011,2026-04-01,synthetic revision
9908,GUF,ECCS,2011,2026-04-01,synthetic revision
9909,GIN,ECCS,2011,2026-04-01,synthetic revision
9910,GNB,ECCS,2011,2026-04-01,synthetic revision
9911,GUY,ECCS,2011,2026-04-01,synthetic revision
9912,HTI,ECCS,2011,2026-04-01,synthetic revision
9913,VAT,ECCS,2011,2026-04-01,synthetic revision
9914,HND,ECCS,2011,2026-04-01,synthetic revision
9915,HUN,ECCS,2011,2026-04-01,synthetic revision
9916,ISL,ECCS,2011,2026-04-01,synthetic revision
9917,IND,ECCS,2011,2026-04-01,synthetic revision
9918,IDN,ECCS,2011,2026-04-01,synthetic revision
9919,IRN,ECCS,2011,2026-04-01,synthetic revision
9920,IRQ,ECCS,2011,2026-04-01,synthetic revision
9921,IRL,ECCS,2011,2026-04-01,synthetic revision
9922,IMN,ECCS,2011,2026-04-01,synthetic revision
9923,ISR,ECCS,2011,2026-04-01,synthetic revision
9924,ITA,ECCS,2011,2026-04-01,synthetic revision
9925,JAM,ECCS,2011,2026-04-01,synthetic revision
9926,JPN,ECCS,2011,2026-04-01,synthetic revision
9927,JOR,ECCS,2011,2026-04-01,synthetic revision
9928,KAZ,ECCS,2011,2026-04-01,synthetic revision
9929,KEN,ECCS,2011,2026-04-01,synthetic revision
9930,KIR,ECCS,2011,2026-04-01,synthetic revision
9931,PRK,ECCS,2011,2026-04-01,synthetic revision
9932,KOR,ECCS,2011,2026-04-01,synthetic revision
9933,KWT,ECCS,2011,2026-04-01,synthetic revision
9934,KGZ,ECCS,2011,2026-04-01,synthetic revision
9935,LAO,ECCS,2011,2026-04-01,synthetic revision
9936,LVA,ECCS,2011,2026-04-01,synthetic revision
9937,LBN,ECCS,2011,2026-04-01,synthetic revision
9938,LSO,ECCS,2011,2026-04-01,synthetic revision
9939,LBR,ECCS,2011,2026-04-01,synthetic revision
9940,LBY,ECCS,2011,2026-04-01,synthetic revision
9941,LIE,ECCS,2011,2026-04-01,synthetic revision
9942,LTU,ECCS,2011,2026-04-01,synthetic revision
9943,LUX,ECCS,2011,2026-04-01,synthetic revision
9944,MDG,ECCS,2011,2026-04-01,synthetic revision
9945,MWI,ECCS,2011,2026-04-01,synthetic revision
9946,MYS,ECCS,2011,2026-04-01,synthetic revision
9947,MDV,ECCS,2011,2026-04-01,synthetic revision
9948,MLI,ECCS,2011,2026-04-01,synthetic revision
9949,MLT,ECCS,2011,2026-04-01,synthetic revision
9950,MHL,ECCS,2011,2026-04-01,synthetic revision
9951,MTQ,ECCS,2011,2026-04-01,synthetic revision
9952,MRT,ECCS,2011,2026-04-01,synthetic revision
9953,MUS,ECCS,2011,2026-04-01,synthetic revision
9954,MYT,ECCS,2011,2026-04-01,synthetic revision
9955,MEX,ECCS,2011,2026-04-01,synthetic revision
9956,FSM,ECCS,2011,2026-04-01,synthetic revision
9957,MDA,ECCS,2011,2026-04-01,synthetic revision
9958,MCO,ECCS,2011,2026-04-01,synthetic revision
9959,MNG,ECCS,2011,2026-04-01,synthetic revision
9960,MNE,ECCS,2011,2026-04-01,synthetic revision
9961,MSR,ECCS,2011,2026-04-01,synthetic revision
9962,MAR,ECCS,2011,2026-04-01,synthetic revision
9963,MOZ,ECCS,2011,2026-04-01,synthetic revision
9964,MMR,ECCS,2011,2026-04-01,synthetic revision
9965,NPL,ECCS,2011,2026-04-01,synthetic revision
9966,NLD,ECCS,2011,2026-04-01,synthetic revision
9967,NCL,ECCS,2011,2026-04-01,synthetic revision
9968,NZL,ECCS,2011,2026-04-01,synthetic revision
9969,NIC,ECCS,2011,2026-04-01,synthetic revision
9970,NER,ECCS,2011,2026-04-01,synthetic revision
9971,NGA,ECCS,2011,2026-04-01,synthetic revision
9972,NFK,ECCS,2011,2026-04-01,synthetic revision
9973,MKD,ECCS,2011,2026-04-01,synthetic revision
9974,NOR,ECCS,2011,2026-04-01,synthetic revision
9975,OMN,ECCS,2011,2026-04-01,synthetic revision
9976,PAK,ECCS,2011,2026-04-01,synthetic revision
9977,PLW,ECCS,2011,2026-04-01,synthetic revision
9978,PAN,ECCS,2011,2026-04-01,synthetic revision
9979,PNG,ECCS,2011,2026-04-01,synthetic revision
9980,PRY,ECCS,2011,2026-04-01,synthetic revision
9981,PER,ECCS,2011,2026-04-01,synthetic revision
9982,PHL,ECCS,2011,2026-04-01,synthetic revision
9983,POL,ECCS,2011,2026-04-01,synthetic revision
9984,PRT,ECCS,2011,2026-04-01,synthetic revision
9985,PRI,ECCS,2011,2026-04-01,synthetic revision
9986,QAT,ECCS,2011,2026-04-01,synthetic revision
9987,ROU,ECCS,2011,2026-04-01,synthetic revision
9988,RUS,ECCS,2011,2026-04-01,synthetic revision
9989,SPM,ECCS,2011,2026-04-01,synthetic revision
9990,WSM,ECCS,2011,2026-04-01,synthetic revision
9991,SMR,ECCS,2011,2026-04-01,synthetic revision
9992,STP,ECCS,2011,2026-04-01,synthetic revision
9993,SAU,ECCS,2011,2026-04-01,synthetic revision
9994,SEN,ECCS,2011,2026-04-01,synthetic revision
9995,SRB,ECCS,2011,2026-04-01,synthetic revision
9996,SYC,ECCS,2011,2026-04-01,synthetic revision
9997,SLE,ECCS,2011,2026-04-01,synthetic revision
9998,SGP,ECCS,2011,2026-04-01,synthetic revision
9999,SVK,ECCS,2011,2026-04-01,synthetic revision
10000,SVN,ECCS,2011,2026-04-01,synthetic revision
10001,SLB,ECCS,2011,2026-04-01,synthetic revision
10002,SOM,ECCS,2011,2026-04-01,synthetic revision
10003,ZAF,ECCS,2011,2026-04-01,synthetic revision
10004,SSD,ECCS,2011,2026-04-01,synthetic revision
10005,ESP,ECCS,2011,2026-04-01,synthetic revision
10006,LKA,ECCS,2011,2026-04-01,synthetic revision
10007,KNA,ECCS,2011,2026-04-01,synthetic revision
10008,LCA,ECCS,2011,2026-04-01,synthetic revision
10009,VCT,ECCS,2011,2026-04-01,synthetic revision
10010,SDN,ECCS,2011,2026-04-01,synthetic revision
10011,SUR,ECCS,2011,2026-04-01,synthetic revision
10012,SJM,ECCS,2011,2026-04-01,synthetic revision
10013,SWE,ECCS,2011,2026-04-01,synthetic revision
10014,CHE,ECCS,2011,2026-04-01,synthetic revision
10015,SYR,ECCS,2011,2026-04-01,synthetic revision
10016,TWN,ECCS,2011,2026-04-01,synthetic revision
10017,TJK,ECCS,2011,2026-04-01,synthetic revision
10018,TZA,ECCS,2011,2026-04-01,synthetic revision
10019,THA,ECCS,2011,2026-04-01,synthetic revision
10020,TLS,ECCS,2011,2026-04-01,synthetic revision
10021,TGO,ECCS,2011,2026-04-01,synthetic revision
10022,TON,ECCS,2011,2026-04-01,synthetic revision
10023,TTO,ECCS,2011,2026-04-01,synthetic revision
10024,TUN,ECCS,2011,2026-04-01,synthetic revision
10025,TKM,ECCS,2011,2026-04-01,synthetic revision
10026,TUV,ECCS,2011,2026-04-01,synthetic revision
10027,UGA,ECCS,2011,2026-04-01,synthetic revision
10028,UKR,ECCS,2011,2026-04-01,synthetic revision
10029,ARE,ECCS,2011,2026-04-01,synthetic revision
10030,GBR,ECCS,2011,2026-04-01,synthetic revision
10031,USA,ECCS,2011,2026-04-01,synthetic revision
10032,VIR,ECCS,2011,2026-04-01,synthetic revision
10033,URY,ECCS,2011,2026-04-01,synthetic revision
10034,UZB,ECCS,2011,2026-04-01,synthetic revision
10035,VUT,ECCS,2011,2026-04-01,synthetic revision
10036,VEN,ECCS,2011,2026-04-01,synthetic revision
10037,VNM,ECCS,2011,2026-04-01,synthetic revision
10038,WLF,ECCS,2011,2026-04-01,synthetic revision
10039,PSE,ECCS,2011,2026-04-01,synthetic revision
10040,ESH,ECCS,2011,2026-04-01,synthetic revision
10041,ZMB,ECCS,2011,2026-04-01,synthetic revision
10042,ZWE,ECCS,2011,2026-04-01,synthetic revision
10043,AFG,ECCS,2012,2026-04-01,synthetic revision
10044,ALB,ECCS,2012,2026-04-01,synthetic revision
10045,DZA,ECCS,2012,2026-04-01,synthetic revision
10046,ASM,ECCS,2012,2026-04-01,synthetic revision
10047,AND,ECCS,2012,2026-04-01,synthetic revision
10048,AGO,ECCS,2012,2026-04-01,synthetic revision
10049,AIA,ECCS,2012,2026-04-01,synthetic revision
10050,ATG,ECCS,2012,2026-04-01,synthetic revision
10051,ARG,ECCS,2012,2026-04-01,synthetic revision
10052,ARM,ECCS,2012,2026-04-01,synthetic revision
10053,ABW,ECCS,2012,2026-04-01,synthetic revision
10054,AUS,ECCS,2012,2026-04-01,synthetic revision
10055,AUT,ECCS,2012,2026-04-01,synthetic revision
10056,AZE,ECCS,2012,2026-04-01,synthetic revision
10057,BHS,ECCS,2012,2026-04-01,synthetic revision
10058,BHR,ECCS,2012,2026-04-01,synthetic revision
10059,BGD,ECCS,2012,2026-04-01,synthetic revision
10060,BRB,ECCS,2012,2026-04-01,synthetic revision
10061,BLR,ECCS,2012,2026-04-01,synthetic revision
10062,BEL,ECCS,2012,2026-04-01,synthetic revision
10063,BLZ,ECCS,2012,2026-04-01,synthetic revision
10064,BEN,ECCS,2012,2026-04-01,synthetic revision
10065,BTN,ECCS,2012,2026-04-01,synthetic revision
10066,BOL,ECCS,2012,2026-04-01,synthetic revision
10067,BIH,ECCS,2012,2026-04-01,synthetic revision
10068,BWA,ECCS,2012,2026-04-01,synthetic revision
10069,BRA,ECCS,2012,2026-04-01,synthetic revision
10070,VGB,ECCS,2012,2026-04-01,synthetic revision
10071,BRN,ECCS,2012,2026-04-01,synthetic revision
10072,BGR,ECCS,2012,2026-04-01,synthetic revision
10073,BFA,ECCS,2012,2026-04-01,synthetic revision
10074,CPV,ECCS,2012,2026-04-01,synthetic revision
10075,KHM,ECCS,2012,2026-04-01,synthetic revision
10076,CMR,ECCS,2012,2026-04-01,synthetic revision
10077,CAN,ECCS,2012,2026-04-01,synthetic revision
10078,CYM,ECCS,2012,2026-04-01,synthetic revision
10079,CAF,ECCS,2012,2026-04-01,synthetic revision
10080,TCD,ECCS,2012,2026-04-01,synthetic revision
10081,CHL,ECCS,2012,2026-04-01,synthetic revision
10082,HKG,ECCS,2012,2026-04-01,synthetic revision
10083,MAC,ECCS,2012,2026-04-01,synthetic revision
10084,CHN,ECCS,2012,2026-04-01,synthetic revision
10085,COL,ECCS,2012,2026-04-01,synthetic revision
10086,COM,ECCS,2012,2026-04-01,synthetic revision
10087,COD,ECCS,2012,2026-04-01,synthetic revision
10088,COG,ECCS,2012,2026-04-01,synthetic revision
10089,COK,ECCS,2012,2026-04-01,synthetic revision
10090,CRI,ECCS,2012,2026-04-01,synthetic revision
10091,HRV,ECCS,2012,2026-04-01,synthetic revision
10092,CUB,ECCS,2012,2026-04-01,synthetic revision
10093,CYP,ECCS,2012,2026-04-01,synthetic revision
10094,CZE,ECCS,2012,2026-04-01,synthetic revision
10095,DNK,ECCS,2012,2026-04-01,synthetic revision
10096,DMA,ECCS,2012,2026-04-01,synthetic revision
10097,DOM,ECCS,2012,2026-04-01,synthetic revision
10098,ECU,ECCS,2012,2026-04-01,synthetic revision
10099,EGY,ECCS,2012,2026-04-01,synthetic revision
10100,SLV,ECCS,2012,2026-04-01,synthetic revision
10101,GNQ,ECCS,2012,2026-04-01,synthetic revision
10102,ERI,ECCS,2012,2026-04-01,synthetic revision
10103,EST,ECCS,2012,2026-04-01,synthetic revision
10104,SWZ,ECCS,2012,2026-04-01,synthetic revision
10105,ETH,ECCS,2012,2026-04-01,synthetic revision
10106,FRO,ECCS,2012,2026-04-01,synthetic revision
10107,FJI,ECCS,2012,2026-04-01,synthetic revision
10108,FIN,ECCS,2012,2026-04-01,synthetic revision
10109,FRA,ECCS,2012,2026-04-01,synthetic revision
10110,PYF,ECCS,2012,2026-04-01,synthetic revision
10111,GAB,ECCS,2012,2026-04-01,synthetic revision
10112,GMB,ECCS,2012,2026-04-01,synthetic revision
10113,GEO,ECCS,2012,2026-04-01,synthetic revision
10114,DEU,ECCS,2012,2026-04-01,synthetic revision
10115,GHA,ECCS,2012,2026-04-01,synthetic revision
10116,GIB,ECCS,2012,2026-04-01,synthetic revision
10117,GRC,ECCS,2012,2026-04-01,synthetic revision
10118,GRL,ECCS,2012,2026-04-01,synthetic revision
10119,GRD,ECCS,2012,2026-04-01,synthetic revision
10120,GLP,ECCS,2012,2026-04-01,synthetic revision
10121,GTM,ECCS,2012,2026-04-01,synthetic revision
10122,GUF,ECCS,2012,2026-04-01,synthetic revision
10123,GIN,ECCS,2012,2026-04-01,synthetic revision
10124,GNB,ECCS,2012,2026-04-01,synthetic revision
10125,GUY,ECCS,2012,2026-04-01,synthetic revision
10126,HTI,ECCS,2012,2026-04-01,synthetic revision
10127,VAT,ECCS,2012,2026-04-01,synthetic revision
10128,HND,ECCS,2012,2026-04-01,synthetic revision
10129,HUN,ECCS,2012,2026-04-01,synthetic revision
10130,ISL,ECCS,2012,2026-04-01,synthetic revision
10131,IND,ECCS,2012,2026-04-01,synthetic revision
10132,IDN,ECCS,2012,2026-04-01,synthetic revision
10133,IRN,ECCS,2012,2026-04-01,synthetic revision
10134,IRQ,ECCS,2012,2026-04-01,synthetic revision
10135,IRL,ECCS,2012,2026-04-01,synthetic revision
10136,IMN,ECCS,2012,2026-04-01,synthetic revision
10137,ISR,ECCS,2012,2026-04-01,synthetic revision
10138,ITA,ECCS,2012,2026-04-01,synthetic revision
10139,JAM,ECCS,2012,2026-04-01,synthetic revision
10140,JPN,ECCS,2012,2026-04-01,synthetic revision
10141,JOR,ECCS,2012,2026-04-01,synthetic revision
10142,KAZ,ECCS,2012,2026-04-01,synthetic revision
10143,KEN,ECCS,2012,2026-04-01,synthetic revision
10144,KIR,ECCS,2012,2026-04-01,synthetic revision
10145,PRK,ECCS,2012,2026-04-01,synthetic revision
10146,KOR,ECCS,2012,2026-04-01,synthetic revision
10147,KWT,ECCS,2012,2026-04-01,synthetic revision
10148,KGZ,ECCS,2012,2026-04-01,synthetic revision
10149,LAO,ECCS,2012,2026-04-01,synthetic revision
10150,LVA,ECCS,2012,2026-04-01,synthetic revision
10151,LBN,ECCS,2012,2026-04-01,synthetic revision
10152,LSO,ECCS,2012,2026-04-01,synthetic revision
10153,LBR,ECCS,2012,2026-04-01,synthetic revision
10154,LBY,ECCS,2012,2026-04-01,synthetic revision
10155,LIE,ECCS,2012,2026-04-01,synthetic revision
10156,LTU,ECCS,2012,2026-04-01,synthetic revision
10157,LUX,ECCS,2012,2026-04-01,synthetic revision
10158,MDG,ECCS,2012,2026-04-01,synthetic revision
10159,MWI,ECCS,2012,2026-04-01,synthetic revision
10160,MYS,ECCS,2012,2026-04-01,synthetic revision
10161,MDV,ECCS,2012,2026-04-01,synthetic revision
10162,MLI,ECCS,2012,2026-04-01,synthetic revision
10163,MLT,ECCS,2012,2026-04-01,synthetic revision
10164,MHL,ECCS,2012,2026-04-01,synthetic revision
10165,MTQ,ECCS,2012,2026-04-01,synthetic revision
10166,MRT,ECCS,2012,2026-04-01,synthetic revision
10167,MUS,ECCS,2012,2026-04-01,synthetic revision
10168,MYT,ECCS,2012,2026-04-01,synthetic revision
10169,MEX,ECCS,2012,2026-04-01,synthetic revision
10170,FSM,ECCS,2012,2026-04-01,synthetic revision
10171,MDA,ECCS,2012,2026-04-01,synthetic revision
10172,MCO,ECCS,2012,2026-04-01,synthetic revision
10173,MNG,ECCS,2012,2026-04-01,synthetic revision
10174,MNE,ECCS,2012,2026-04-01,synthetic revision
10175,MSR,ECCS,2012,2026-04-01,synthetic revision
10176,MAR,ECCS,2012,2026-04-01,synthetic revision
10177,MOZ,ECCS,2012,2026-04-01,synthetic revision
10178,MMR,ECCS,2012,2026-04-01,synthetic revision
10179,NPL,ECCS,2012,2026-04-01,synthetic revision
10180,NLD,ECCS,2012,2026-04-01,synthetic revision
10181,NCL,ECCS,2012,2026-04-01,synthetic revision
10182,NZL,ECCS,2012,2026-04-01,synthetic revision
10183,NIC,ECCS,2012,2026-04-01,synthetic revision
10184,NER,ECCS,2012,2026-04-01,synthetic revision
10185,NGA,ECCS,2012,2026-04-01,synthetic revision
10186,NFK,ECCS,2012,2026-04-01,synthetic revision
10187,MKD,ECCS,2012,2026-04-01,synthetic revision
10188,NOR,ECCS,2012,2026-04-01,synthetic revision
10189,OMN,ECCS,2012,2026-04-01,synthetic revision
10190,PAK,ECCS,2012,2026-04-01,synthetic revision
10191,PLW,ECCS,2012,2026-04-01,synthetic revision
10192,PAN,ECCS,2012,2026-04-01,synthetic revision
10193,PNG,ECCS,2012,2026-04-01,synthetic revision
10194,PRY,ECCS,2012,2026-04-01,synthetic revision
10195,PER,ECCS,2012,2026-04-01,synthetic revision
10196,PHL,ECCS,2012,2026-04-01,synthetic revision
10197,POL,ECCS,2012,2026-04-01,synthetic revision
10198,PRT,ECCS,2012,2026-04-01,synthetic revision
10199,PRI,ECCS,2012,2026-04-01,synthetic revision
10200,QAT,ECCS,2012,2026-04-01,synthetic revision
10201,ROU,ECCS,2012,2026-04-01,synthetic revision
10202,RUS,ECCS,2012,2026-04-01,synthetic revision
10203,SPM,ECCS,2012,2026-04-01,synthetic revision
10204,WSM,ECCS,2012,2026-04-01,synthetic revision
10205,SMR,ECCS,2012,2026-04-01,synthetic revision
10206,STP,ECCS,2012,2026-04-01,synthetic revision
10207,SAU,ECCS,2012,2026-04-01,synthetic revision
10208,SEN,ECCS,2012,2026-04-01,synthetic revision
10209,SRB,ECCS,2012,2026-04-01,synthetic revision
10210,SYC,ECCS,2012,2026-04-01,synthetic revision
10211,SLE,ECCS,2012,2026-04-01,synthetic revision
10212,SGP,ECCS,2012,2026-04-01,synthetic revision
10213,SVK,ECCS,2012,2026-04-01,synthetic revision
10214,SVN,ECCS,2012,2026-04-01,synthetic revision
10215,SLB,ECCS,2012,2026-04-01,synthetic revision
10216,SOM,ECCS,2012,2026-04-01,synthetic revision
10217,ZAF,ECCS,2012,2026-04-01,synthetic revision
10218,SSD,ECCS,2012,2026-04-01,synthetic revision
10219,ESP,ECCS,2012,2026-04-01,synthetic revision
10220,LKA,ECCS,2012,2026-04-01,synthetic revision
10221,KNA,ECCS,2012,2026-04-01,synthetic revision
10222,LCA,ECCS,2012,2026-04-01,synthetic revision
10223,VCT,ECCS,2012,2026-04-01,synthetic revision
10224,SDN,ECCS,2012,2026-04-01,synthetic revision
10225,SUR,ECCS,2012,2026-04-01,synthetic revision
10226,SJM,ECCS,2012,2026-04-01,synthetic revision
10227,SWE,ECCS,2012,2026-04-01,synthetic revision
10228,CHE,ECCS,2012,2026-04-01,synthetic revision
10229,SYR,ECCS,2012,2026-04-01,synthetic revision
10230,TWN,ECCS,2012,2026-04-01,synthetic revision
10231,TJK,ECCS,2012,2026-04-01,synthetic revision
10232,TZA,ECCS,2012,2026-04-01,synthetic revision
10233,THA,ECCS,2012,2026-04-01,synthetic revision
10234,TLS,ECCS,2012,2026-04-01,synthetic revision
10235,TGO,ECCS,2012,2026-04-01,synthetic revision
10236,TON,ECCS,2012,2026-04-01,synthetic revision
10237,TTO,ECCS,2012,2026-04-01,synthetic revision
10238,TUN,ECCS,2012,2026-04-01,synthetic revision
10239,TKM,ECCS,2012,2026-04-01,synthetic revision
10240,TUV,ECCS,2012,2026-04-01,synthetic revision
10241,UGA,ECCS,2012,2026-04-01,synthetic revision
10242,UKR,ECCS,2012,2026-04-01,synthetic revision
10243,ARE,ECCS,2012,2026-04-01,synthetic revision
10244,GBR,ECCS,2012,2026-04-01,synthetic revision
10245,USA,ECCS,2012,2026-04-01,synthetic revision
10246,VIR,ECCS,2012,2026-04-01,synthetic revision
10247,URY,ECCS,2012,2026-04-01,synthetic revision
10248,UZB,ECCS,2012,2026-04-01,synthetic revision
10249,VUT,ECCS,2012,2026-04-01,synthetic revision
10250,VEN,ECCS,2012,2026-04-01,synthetic revision
10251,VNM,ECCS,2012,2026-04-01,synthetic revision
10252,WLF,ECCS,2012,2026-04-01,synthetic revision
10253,PSE,ECCS,2012,2026-04-01,synthetic revision
10254,ESH,ECCS,2012,2026-04-01,synthetic revision
10255,ZMB,ECCS,2012,2026-04-01,synthetic revision
10256,ZWE,ECCS,2012,2026-04-01,synthetic revision
10257,AFG,ECCS,2013,2026-04-01,synthetic revision
10258,ALB,ECCS,2013,2026-04-01,synthetic revision
10259,DZA,ECCS,2013,2026-04-01,synthetic revision
10260,ASM,ECCS,2013,2026-04-01,synthetic revision
10261,AND,ECCS,2013,2026-04-01,synthetic revision
10262,AGO,ECCS,2013,2026-04-01,synthetic revision
10263,AIA,ECCS,2013,2026-04-01,synthetic revision
10264,ATG,ECCS,2013,2026-04-01,synthetic revision
10265,ARG,ECCS,2013,2026-04-01,synthetic revision
10266,ARM,ECCS,2013,2026-04-01,synthetic revision
10267,ABW,ECCS,2013,2026-04-01,synthetic revision
10268,AUS,ECCS,2013,2026-04-01,synthetic revision
10269,AUT,ECCS,2013,2026-04-01,synthetic revision
10270,AZE,ECCS,2013,2026-04-01,synthetic revision
10271,BHS,ECCS,2013,2026-04-01,synthetic revision
10272,BHR,ECCS,2013,2026-04-01,synthetic revision
10273,BGD,ECCS,2013,2026-04-01,synthetic revision
10274,BRB,ECCS,2013,2026-04-01,synthetic revision
10275,BLR,ECCS,2013,2026-04-01,synthetic revision
10276,BEL,ECCS,2013,2026-04-01,synthetic revision
10277,BLZ,ECCS,2013,2026-04-01,synthetic revision
10278,BEN,ECCS,2013,2026-04-01,synthetic revision
10279,BTN,ECCS,2013,2026-04-01,synthetic revision
10280,BOL,ECCS,2013,2026-04-01,synthetic revision
10281,BIH,ECCS,2013,2026-04-01,synthetic revision
10282,BWA,ECCS,2013,2026-04-01,synthetic revision
10283,BRA,ECCS,2013,2026-04-01,synthetic revision
10284,VGB,ECCS,2013,2026-04-01,synthetic revision
10285,BRN,ECCS,2013,2026-04-01,synthetic revision
10286,BGR,ECCS,2013,2026-04-01,synthetic revision
10287,BFA,ECCS,2013,2026-04-01,synthetic revision
10288,CPV,ECCS,2013,2026-04-01,synthetic revision
10289,KHM,ECCS,2013,2026-04-01,synthetic revision
10290,CMR,ECCS,2013,2026-04-01,synthetic revision
10291,CAN,ECCS,2013,2026-04-01,synthetic revision
10292,CYM,ECCS,2013,2026-04-01,synthetic revision
10293,CAF,ECCS,2013,2026-04-01,synthetic revision
10294,TCD,ECCS,2013,2026-04-01,synthetic revision
10295,CHL,ECCS,2013,2026-04-01,synthetic revision
10296,HKG,ECCS,2013,2026-04-01,synthetic revision
10297,MAC,ECCS,2013,2026-04-01,synthetic revision
10298,CHN,ECCS,2013,2026-04-01,synthetic revision
10299,COL,ECCS,2013,2026-04-01,synthetic revision
10300,COM,ECCS,2013,2026-04-01,synthetic revision
10301,COD,ECCS,2013,2026-04-01,synthetic revision
10302,COG,ECCS,2013,2026-04-01,synthetic revision
10303,COK,ECCS,2013,2026-04-01,synthetic revision
10304,CRI,ECCS,2013,2026-04-01,synthetic revision
10305,HRV,ECCS,2013,2026-04-01,synthetic revision
10306,CUB,ECCS,2013,2026-04-01,synthetic revision
10307,CYP,ECCS,2013,2026-04-01,synthetic revision
10308,CZE,ECCS,2013,2026-04-01,synthetic revision
10309,DNK,ECCS,2013,2026-04-01,synthetic revision
10310,DJI,ECCS,2013,2026-04-01,synthetic revision
10311,DMA,ECCS,2013,2026-04-01,synthetic revision
10312,DOM,ECCS,2013,2026-04-01,synthetic revision
10313,ECU,ECCS,2013,2026-04-01,synthetic revision
10314,EGY,ECCS,2013,2026-04-01,synthetic revision
10315,SLV,ECCS,2013,2026-04-01,synthetic revision
10316,GNQ,ECCS,2013,2026-04-01,synthetic revision
10317,ERI,ECCS,2013,2026-04-01,synthetic revision
10318,EST,ECCS,2013,2026-04-01,synthetic revision
10319,SWZ,ECCS,2013,2026-04-01,synthetic revision
10320,ETH,ECCS,2013,2026-04-01,synthetic revision
10321,FRO,ECCS,2013,2026-04-01,synthetic revision
10322,FJI,ECCS,2013,2026-04-01,synthetic revision
10323,FIN,ECCS,2013,2026-04-01,synthetic revision
10324,FRA,ECCS,2013,2026-04-01,synthetic revision
10325,PYF,ECCS,2013,2026-04-01,synthetic revision
10326,GAB,ECCS,2013,2026-04-01,synthetic revision
10327,GMB,ECCS,2013,2026-04-01,synthetic revision
10328,GEO,ECCS,2013,2026-04-01,synthetic revision
10329,DEU,ECCS,2013,2026-04-01,synthetic revision
10330,GHA,ECCS,2013,2026-04-01,synthetic revision
10331,GIB,ECCS,2013,2026-04-01,synthetic revision
10332,GRC,ECCS,2013,2026-04-01,synthetic revision
10333,GRL,ECCS,2013,2026-04-01,synthetic revision
10334,GRD,ECCS,2013,2026-04-01,synthetic revision
10335,GLP,ECCS,2013,2026-04-01,synthetic revision
10336,GTM,ECCS,2013,2026-04-01,synthetic revision
10337,GUF,ECCS,2013,2026-04-01,synthetic revision
10338,GIN,ECCS,2013,2026-04-01,synthetic revision
10339,GNB,ECCS,2013,2026-04-01,synthetic revision
10340,GUY,ECCS,2013,2026-04-01,synthetic revision
10341,HTI,ECCS,2013,2026-04-01,synthetic revision
10342,VAT,ECCS,2013,2026-04-01,synthetic revision
10343,HND,ECCS,2013,2026-04-01,synthetic revision
10344,HUN,ECCS,2013,2026-04-01,synthetic revision
10345,ISL,ECCS,2013,2026-04-01,synthetic revision
10346,IND,ECCS,2013,2026-04-01,synthetic revision
10347,IDN,ECCS,2013,2026-04-01,synthetic revision
10348,IRN,ECCS,2013,2026-04-01,synthetic revision
10349,IRQ,ECCS,2013,2026-04-01,synthetic revision
10350,IRL,ECCS,2013,2026-04-01,synthetic revision
10351,IMN,ECCS,2013,2026-04-01,synthetic revision
10352,ISR,ECCS,2013,2026-04-01,synthetic revision
10353,ITA,ECCS,2013,2026-04-01,synthetic revision
10354,JAM,ECCS,2013,2026-04-01,synthetic revision
10355,JPN,ECCS,2013,2026-04-01,synthetic revision
10356,JOR,ECCS,2013,2026-04-01,synthetic revision
10357,KAZ,ECCS,2013,2026-04-01,synthetic revision
10358,KEN,ECCS,2013,2026-04-01,synthetic revision
10359,KIR,ECCS,2013,2026-04-01,synthetic revision
10360,PRK,ECCS,2013,2026-04-01,synthetic revision
10361,KOR,ECCS,2013,2026-04-01,synthetic revision
10362,KWT,ECCS,2013,2026-04-01,synthetic revision
10363,KGZ,ECCS,2013,2026-04-01,synthetic revision
10364,LAO,ECCS,2013,2026-04-01,synthetic revision
10365,LVA,ECCS,2013,2026-04-01,synthetic revision
10366,LBN,ECCS,2013,2026-04-01,synthetic revision
10367,LSO,ECCS,2013,2026-04-01,synthetic revision
10368,LBR,ECCS,2013,2026-04-01,synthetic revision
10369,LBY,ECCS,2013,2026-04-01,synthetic revision
10370,LIE,ECCS,2013,2026-04-01,synthetic revision
10371,LTU,ECCS,2013,2026-04-01,synthetic revision
10372,LUX,ECCS,2013,2026-04-01,synthetic revision
10373,MDG,ECCS,2013,2026-04-01,synthetic revision
10374,MWI,ECCS,2013,2026-04-01,synthetic revision
10375,MYS,ECCS,2013,2026-04-01,synthetic revision
10376,MDV,ECCS,2013,2026-04-01,synthetic revision
10377,MLI,ECCS,2013,2026-04-01,synthetic revision
10378,MLT,ECCS,2013,2026-04-01,synthetic revision
10379,MHL,ECCS,2013,2026-04-01,synthetic revision
10380,MTQ,ECCS,2013,2026-04-01,synthetic revision
10381,MRT,ECCS,2013,2026-04-01,synthetic revision
10382,MUS,ECCS,2013,2026-04-01,synthetic revision
10383,MYT,ECCS,2013,2026-04-01,synthetic revision
10384,MEX,ECCS,2013,2026-04-01,synthetic revision
10385,FSM,ECCS,2013,2026-04-01,synthetic revision
10386,MDA,ECCS,2013,2026-04-01,synthetic revision
10387,MCO,ECCS,2013,2026-04-01,synthetic revision
10388,MNG,ECCS,2013,2026-04-01,synthetic revision
10389,MNE,ECCS,2013,2026-04-01,synthetic revision
10390,MSR,ECCS,2013,2026-04-01,synthetic revision
10391,MAR,ECCS,2013,2026-04-01,synthetic revision
10392,MOZ,ECCS,2013,2026-04-01,synthetic revision
10393,MMR,ECCS,2013,2026-04-01,synthetic revision
10394,NPL,ECCS,2013,2026-04-01,synthetic revision
10395,NLD,ECCS,2013,2026-04-01,synthetic revision
10396,NCL,ECCS,2013,2026-04-01,synthetic revision
10397,NZL,ECCS,2013,2026-04-01,synthetic revision
10398,NIC,ECCS,2013,2026-04-01,synthetic revision
10399,NER,ECCS,2013,2026-04-01,synthetic revision
10400,NGA,ECCS,2013,2026-04-01,synthetic revision
10401,NFK,ECCS,2013,2026-04-01,synthetic revision
10402,MKD,ECCS,2013,2026-04-01,synthetic revision
10403,NOR,ECCS,2013,2026-04-01,synthetic revision
10404,OMN,ECCS,2013,2026-04-01,synthetic revision
10405,PAK,ECCS,2013,2026-04-01,synthetic revision
10406,PLW,ECCS,2013,2026-04-01,synthetic revision
10407,PAN,ECCS,2013,2026-04-01,synthetic revision
10408,PNG,ECCS,2013,2026-04-01,synthetic revision
10409,PRY,ECCS,2013,2026-04-01,synthetic revision
10410,PER,ECCS,2013,2026-04-01,synthetic revision
10411,PHL,ECCS,2013,2026-04-01,synthetic revision
10412,POL,ECCS,2013,2026-04-01,synthetic revision
10413,PRT,ECCS,2013,2026-04-01,synthetic revision
10414,PRI,ECCS,2013,2026-04-01,synthetic revision
10415,QAT,ECCS,2013,2026-04-01,synthetic revision
10416,ROU,ECCS,2013,2026-04-01,synthetic revision
10417,RUS,ECCS,2013,2026-04-01,synthetic revision
10418,SPM,ECCS,2013,2026-04-01,synthetic revision
10419,WSM,ECCS,2013,2026-04-01,synthetic revision
10420,SMR,ECCS,2013,2026-04-01,synthetic revision
10421,STP,ECCS,2013,2026-04-01,synthetic revision
10422,SAU,ECCS,2013,2026-04-01,synthetic revision
10423,SEN,ECCS,2013,2026-04-01,synthetic revision
10424,SRB,ECCS,2013,2026-04-01,synthetic revision
10425,SYC,ECCS,2013,2026-04-01,synthetic revision
10426,SLE,ECCS,2013,2026-04-01,synthetic revision
10427,SGP,ECCS,2013,2026-04-01,synthetic revision
10428,SVK,ECCS,2013,2026-04-01,synthetic revision
10429,SVN,ECCS,2013,2026-04-01,synthetic revision
10430,SLB,ECCS,2013,2026-04-01,synthetic revision
10431,SOM,ECCS,2013,2026-04-01,synthetic revision
10432,ZAF,ECCS,2013,2026-04-01,synthetic revision
10433,SSD,ECCS,2013,2026-04-01,synthetic revision
10434,ESP,ECCS,2013,2026-04-01,synthetic revision
10435,LKA,ECCS,2013,2026-04-01,synthetic revision
10436,KNA,ECCS,2013,2026-04-01,synthetic revision
10437,LCA,ECCS,2013,2026-04-01,synthetic revision
10438,VCT,ECCS,2013,2026-04-01,synthetic revision
10439,SDN,ECCS,2013,2026-04-01,synthetic revision
10440,SUR,ECCS,2013,2026-04-01,synthetic revision
10441,SJM,ECCS,2013,2026-04-01,synthetic revision
10442,SWE,ECCS,2013,2026-04-01,synthetic revision
10443,CHE,ECCS,2013,2026-04-01,synthetic revision
10444,SYR,ECCS,2013,2026-04-01,synthetic revision
10445,TWN,ECCS,2013,2026-04-01,synthetic revision
10446,TJK,ECCS,2013,2026-04-01,synthetic revision
10447,TZA,ECCS,2013,2026-04-01,synthetic revision
10448,THA,ECCS,2013,2026-04-01,synthetic revision
10449,TLS,ECCS,2013,2026-04-01,synthetic revision
10450,TGO,ECCS,2013,2026-04-01,synthetic revision
10451,TON,ECCS,2013,2026-04-01,synthetic revision
10452,TTO,ECCS,2013,2026-04-01,synthetic revision
10453,TUN,ECCS,2013,2026-04-01,synthetic revision
10454,TKM,ECCS,2013,2026-04-01,synthetic revision
10455,TUV,ECCS,2013,2026-04-01,synthetic revision
10456,UGA,ECCS,2013,2026-04-01,synthetic revision
10457,UKR,ECCS,2013,2026-04-01,synthetic revision
10458,ARE,ECCS,2013,2026-04-01,synthetic revision
10459,GBR,ECCS,2013,2026-04-01,synthetic revision
10460,USA,ECCS,2013,2026-04-01,synthetic revision
10461,VIR,ECCS,2013,2026-04-01,synthetic revision
10462,URY,ECCS,2013,2026-04-01,synthetic revision
10463,UZB,ECCS,2013,2026-04-01,synthetic revision
10464,VUT,ECCS,2013,2026-04-01,synthetic revision
10465,VEN,ECCS,2013,2026-04-01,synthetic revision
10466,VNM,ECCS,2013,2026-04-01,synthetic revision
10467,WLF,ECCS,2013,2026-04-01,synthetic revision
10468,PSE,ECCS,2013,2026-04-01,synthetic revision
10469,ESH,ECCS,2013,2026-04-01,synthetic revision
10470,ZMB,ECCS,2013,2026-04-01,synthetic revision
10471,ZWE,ECCS,2013,2026-04-01,synthetic revision
10472,AFG,ECCS,2014,2026-04-01,synthetic revision
10473,ALB,ECCS,2014,2026-04-01,synthetic revision
10474,DZA,ECCS,2014,2026-04-01,synthetic revision
10475,ASM,ECCS,2014,2026-04-01,synthetic revision
10476,AND,ECCS,2014,2026-04-01,synthetic revision
10477,AGO,ECCS,2014,2026-04-01,synthetic revision
10478,AIA,ECCS,2014,2026-04-01,synthetic revision
10479,ATG,ECCS,2014,2026-04-01,synthetic revision
10480,ARG,ECCS,2014,2026-04-01,synthetic revision
10481,ARM,ECCS,2014,2026-04-01,synthetic revision
10482,ABW,ECCS,2014,2026-04-01,synthetic revision
10483,AUS,ECCS,2014,2026-04-01,synthetic revision
10484,AUT,ECCS,2014,2026-04-01,synthetic revision
10485,AZE,ECCS,2014,2026-04-01,synthetic revision
10486,BHS,ECCS,2014,2026-04-01,synthetic revision
10487,BHR,ECCS,2014,2026-04-01,synthetic revision
10488,BGD,ECCS,2014,2026-04-01,synthetic revision
10489,BRB,ECCS,2014,2026-04-01,synthetic revision
10490,BLR,ECCS,2014,2026-04-01,synthetic revision
10491,BEL,ECCS,2014,2026-04-01,synthetic revision
10492,BLZ,ECCS,2014,2026-04-01,synthetic revision
10493,BEN,ECCS,2014,2026-04-01,synthetic revision
10494,BTN,ECCS,2014,2026-04-01,synthetic revision
10495,BOL,ECCS,2014,2026-04-01,synthetic revision
10496,BIH,ECCS,2014,2026-04-01,synthetic revision
10497,BWA,ECCS,2014,2026-04-01,synthetic revision
10498,BRA,ECCS,2014,2026-04-01,synthetic revision
10499,VGB,ECCS,2014,2026-04-01,synthetic revision
10500,BRN,ECCS,2014,2026-04-01,synthetic revision
10501,BGR,ECCS,2014,2026-04-01,synthetic revision
10502,BFA,ECCS,2014,2026-04-01,synthetic revision
10503,CPV,ECCS,2014,2026-04-01,synthetic revision
10504,KHM,ECCS,2014,2026-04-01,synthetic revision
10505,CMR,ECCS,2014,2026-04-01,synthetic revision
10506,CAN,ECCS,2014,2026-04-01,synthetic revision
10507,CYM,ECCS,2014,2026-04-01,synthetic revision
10508,CAF,ECCS,2014,2026-04-01,synthetic revision
10509,TCD,ECCS,2014,2026-04-01,synthetic revision
10510,CHL,ECCS,2014,2026-04-01,synthetic revision
10511,HKG,ECCS,2014,2026-04-01,synthetic revision
10512,MAC,ECCS,2014,2026-04-01,synthetic revision
10513,CHN,ECCS,2014,2026-04-01,synthetic revision
10514,COL,ECCS,2014,2026-04-01,synthetic revision
10515,COM,ECCS,2014,2026-04-01,synthetic revision
10516,COD,ECCS,2014,2026-04-01,synthetic revision
10517,COG,ECCS,2014,2026-04-01,synthetic revision
10518,COK,ECCS,2014,2026-04-01,synthetic revision
10519,CRI,ECCS,2014,2026-04-01,synthetic revision
10520,HRV,ECCS,2014,2026-04-01,synthetic revision
10521,CUB,ECCS,2014,2026-04-01,synthetic revision
10522,CYP,ECCS,2014,2026-04-01,synthetic revision
10523,CZE,ECCS,2014,2026-04-01,synthetic revision
10524,DNK,ECCS,2014,2026-04-01,synthetic revision
10525,DJI,ECCS,2014,2026-04-01,synthetic revision
10526,DMA,ECCS,2014,2026-04-01,synthetic revision
10527,DOM,ECCS,2014,2026-04-01,synthetic revision
10528,ECU,ECCS,2014,2026-04-01,synthetic revision
10529,EGY,ECCS,2014,2026-04-01,synthetic revision
10530,SLV,ECCS,2014,2026-04-01,synthetic revision
10531,GNQ,ECCS,2014,2026-04-01,synthetic revision
10532,ERI,ECCS,2014,2026-04-01,synthetic revision
10533,EST,ECCS,2014,2026-04-01,synthetic revision
10534,SWZ,ECCS,2014,2026-04-01,synthetic revision
10535,ETH,ECCS,2014,2026-04-01,synthetic revision
10536,FRO,ECCS,2014,2026-04-01,synthetic revision
10537,FJI,ECCS,2014,2026-04-01,synthetic revision
10538,FIN,ECCS,2014,2026-04-01,synthetic revision
10539,FRA,ECCS,2014,2026-04-01,synthetic revision
10540,PYF,ECCS,2014,2026-04-01,synthetic revision
10541,GAB,ECCS,2014,2026-04-01,synthetic revision
10542,GMB,ECCS,2014,2026-04-01,synthetic revision
10543,GEO,ECCS,2014,2026-04-01,synthetic revision
10544,DEU,ECCS,2014,2026-04-01,synthetic revision
10545,GHA,ECCS,2014,2026-04-01,synthetic revision
10546,GIB,ECCS,2014,2026-04-01,synthetic revision
10547,GRC,ECCS,2014,2026-04-01,synthetic revision
10548,GRL,ECCS,2014,2026-04-01,synthetic revision
10549,GRD,ECCS,2014,2026-04-01,synthetic revision
10550,GLP,ECCS,2014,2026-04-01,synthetic revision
10551,GTM,ECCS,2014,2026-04-01,synthetic revision
10552,GUF,ECCS,2014,2026-04-01,synthetic revision
10553,GIN,ECCS,2014,2026-04-01,synthetic revision
10554,GNB,ECCS,2014,2026-04-01,synthetic revision
10555,GUY,ECCS,2014,2026-04-01,synthetic revision
10556,HTI,ECCS,2014,2026-04-01,synthetic revision
10557,VAT,ECCS,2014,2026-04-01,synthetic revision
10558,HND,ECCS,2014,2026-04-01,synthetic revision
10559,HUN,ECCS,2014,2026-04-01,synthetic revision
10560,ISL,ECCS,2014,2026-04-01,synthetic revision
10561,IND,ECCS,2014,2026-04-01,synthetic revision
10562,IDN,ECCS,2014,2026-04-01,synthetic revision
10563,IRN,ECCS,2014,2026-04-01,synthetic revision
10564,IRQ,ECCS,2014,2026-04-01,synthetic revision
10565,IRL,ECCS,2014,2026-04-01,synthetic revision
10566,IMN,ECCS,2014,2026-04-01,synthetic revision
10567,ISR,ECCS,2014,2026-04-01,synthetic revision
10568,ITA,ECCS,2014,2026-04-01,synthetic revision
10569,JAM,ECCS,2014,2026-04-01,synthetic revision
10570,JPN,ECCS,2014,2026-04-01,synthetic revision
10571,JOR,ECCS,2014,2026-04-01,synthetic revision
10572,KAZ,ECCS,2014,2026-04-01,synthetic revision
10573,KEN,ECCS,2014,2026-04-01,synthetic revision
10574,KIR,ECCS,2014,2026-04-01,synthetic revision
10575,PRK,ECCS,2014,2026-04-01,synthetic revision
10576,KOR,ECCS,2014,2026-04-01,synthetic revision
10577,KWT,ECCS,2014,2026-04-01,synthetic revision
10578,KGZ,ECCS,2014,2026-04-01,synthetic revision
10579,LAO,ECCS,2014,2026-04-01,synthetic revision
10580,LVA,ECCS,2014,2026-04-01,synthetic revision
10581,LBN,ECCS,2014,2026-04-01,synthetic revision
10582,LSO,ECCS,2014,2026-04-01,synthetic revision
10583,LBR,ECCS,2014,2026-04-01,synthetic revision
10584,LBY,ECCS,2014,2026-04-01,synthetic revision
10585,LIE,ECCS,2014,2026-04-01,synthetic revision
10586,LTU,ECCS,2014,2026-04-01,synthetic revision
10587,LUX,ECCS,2014,2026-04-01,synthetic revision
10588,MDG,ECCS,2014,2026-04-01,synthetic revision
10589,MWI,ECCS,2014,2026-04-01,synthetic revision
10590,MYS,ECCS,2014,2026-04-01,synthetic revision
10591,MDV,ECCS,2014,2026-04-01,synthetic revision
10592,MLI,ECCS,2014,2026-04-01,synthetic revision
10593,MLT,ECCS,2014,2026-04-01,synthetic revision
10594,MHL,ECCS,2014,2026-04-01,synthetic revision
10595,MTQ,ECCS,2014,2026-04-01,synthetic revision
10596,MRT,ECCS,2014,2026-04-01,synthetic revision
10597,MUS,ECCS,2014,2026-04-01,synthetic revision
10598,MYT,ECCS,2014,2026-04-01,synthetic revision
10599,MEX,ECCS,2014,2026-04-01,synthetic revision
10600,FSM,ECCS,2014,2026-04-01,synthetic revision
10601,MDA,ECCS,2014,2026-04-01,synthetic revision
10602,MCO,ECCS,2014,2026-04-01,synthetic revision
10603,MNG,ECCS,2014,2026-04-01,synthetic revision
10604,MNE,ECCS,2014,2026-04-01,synthetic revision
10605,MSR,ECCS,2014,2026-04-01,synthetic revision
10606,MAR,ECCS,2014,2026-04-01,synthetic revision
10607,MOZ,ECCS,2014,2026-04-01,synthetic revision
10608,MMR,ECCS,2014,2026-04-01,synthetic revision
10609,NPL,ECCS,2014,2026-04-01,synthetic revision
10610,NLD,ECCS,2014,2026-04-01,synthetic revision
10611,NCL,ECCS,2014,2026-04-01,synthetic revision
10612,NZL,ECCS,2014,2026-04-01,synthetic revision
10613,NIC,ECCS,2014,2026-04-01,synthetic revision
10614,NER,ECCS,2014,2026-04-01,synthetic revision
10615,NGA,ECCS,2014,2026-04-01,synthetic revision
10616,NFK,ECCS,2014,2026-04-01,synthetic revision
10617,MKD,ECCS,2014,2026-04-01,synthetic revision
10618,NOR,ECCS,2014,2026-04-01,synthetic revision
10619,OMN,ECCS,2014,2026-04-01,synthetic revision
10620,PAK,ECCS,2014,2026-04-01,synthetic revision
10621,PLW,ECCS,2014,2026-04-01,synthetic revision
10622,PAN,ECCS,2014,2026-04-01,synthetic revision
10623,PNG,ECCS,2014,2026-04-01,synthetic revision
10624,PRY,ECCS,2014,2026-04-01,synthetic revision
10625,PER,ECCS,2014,2026-04-01,synthetic revision
10626,PHL,ECCS,2014,2026-04-01,synthetic revision
10627,POL,ECCS,2014,2026-04-01,synthetic revision
10628,PRT,ECCS,2014,2026-04-01,synthetic revision
10629,PRI,ECCS,2014,2026-04-01,synthetic revision
10630,QAT,ECCS,2014,2026-04-01,synthetic revision
10631,ROU,ECCS,2014,2026-04-01,synthetic revision
10632,RUS,ECCS,2014,2026-04-01,synthetic revision
10633,SPM,ECCS,2014,2026-04-01,synthetic revision
10634,WSM,ECCS,2014,2026-04-01,synthetic revision
10635,SMR,ECCS,2014,2026-04-01,synthetic revision
10636,STP,ECCS,2014,2026-04-01,synthetic revision
10637,SAU,ECCS,2014,2026-04-01,synthetic revision
10638,SEN,ECCS,2014,2026-04-01,synthetic revision
10639,SRB,ECCS,2014,2026-04-01,synthetic revision
10640,SYC,ECCS,2014,2026-04-01,synthetic revision
10641,SLE,ECCS,2014,2026-04-01,synthetic revision
10642,SGP,ECCS,2014,2026-04-01,synthetic revision
10643,SVK,ECCS,2014,2026-04-01,synthetic revision
10644,SVN,ECCS,2014,2026-04-01,synthetic revision
10645,SLB,ECCS,2014,2026-04-01,synthetic revision
10646,SOM,ECCS,2014,2026-04-01,synthetic revision
10647,ZAF,ECCS,2014,2026-04-01,synthetic revision
10648,SSD,ECCS,2014,2026-04-01,synthetic revision
10649,ESP,ECCS,2014,2026-04-01,synthetic revision
10650,LKA,ECCS,2014,2026-04-01,synthetic revision
10651,KNA,ECCS,2014,2026-04-01,synthetic revision
10652,LCA,ECCS,2014,2026-04-01,synthetic revision
10653,VCT,ECCS,2014,2026-04-01,synthetic revision
10654,SDN,ECCS,2014,2026-04-01,synthetic revision
10655,SUR,ECCS,2014,2026-04-01,synthetic revision
10656,SJM,ECCS,2014,2026-04-01,synthetic revision
10657,SWE,ECCS,2014,2026-04-01,synthetic revision
10658,CHE,ECCS,2014,2026-04-01,synthetic revision
10659,SYR,ECCS,2014,2026-04-01,synthetic revision
10660,TWN,ECCS,2014,2026-04-01,synthetic revision
10661,TJK,ECCS,2014,2026-04-01,synthetic revision
10662,TZA,ECCS,2014,2026-04-01,synthetic revision
10663,THA,ECCS,2014,2026-04-01,synthetic revision
10664,TLS,ECCS,2014,2026-04-01,synthetic revision
10665,TGO,ECCS,2014,2026-04-01,synthetic revision
10666,TON,ECCS,2014,2026-04-01,synthetic revision
10667,TTO,ECCS,2014,2026-04-01,synthetic revision
10668,TUN,ECCS,2014,2026-04-01,synthetic revision
10669,TKM,ECCS,2014,2026-04-01,synthetic revision
10670,TUV,ECCS,2014,2026-04-01,synthetic revision
10671,UGA,ECCS,2014,2026-04-01,synthetic revision
10672,UKR,ECCS,2014,2026-04-01,synthetic revision
10673,ARE,ECCS,2014,2026-04-01,synthetic revision
10674,GBR,ECCS,2014,2026-04-01,synthetic revision
10675,USA,ECCS,2014,2026-04-01,synthetic revision
10676,VIR,ECCS,2014,2026-04-01,synthetic revision
10677,URY,ECCS,2014,2026-04-01,synthetic revision
10678,UZB,ECCS,2014,2026-04-01,synthetic revision
10679,VUT,ECCS,2014,2026-04-01,synthetic revision
10680,VEN,ECCS,2014,2026-04-01,synthetic revision
10681,VNM,ECCS,2014,2026-04-01,synthetic revision
10682,WLF,ECCS,2014,2026-04-01,synthetic revision
10683,PSE,ECCS,2014,2026-04-01,synthetic revision
10684,ESH,ECCS,2014,2026-04-01,synthetic revision
10685,ZMB,ECCS,2014,2026-04-01,synthetic revision
10686,ZWE,ECCS,2014,2026-04-01,synthetic revision
10687,AFG,ECCS,2015,2026-04-01,synthetic revision
10688,ALB,ECCS,2015,2026-04-01,synthetic revision
10689,DZA,ECCS,2015,2026-04-01,synthetic revision
10690,ASM,ECCS,2015,2026-04-01,synthetic revision
10691,AND,ECCS,2015,2026-04-01,synthetic revision
10692,AGO,ECCS,2015,2026-04-01,synthetic revision
10693,AIA,ECCS,2015,2026-04-01,synthetic revision
10694,ATG,ECCS,2015,2026-04-01,synthetic revision
10695,ARG,ECCS,2015,2026-04-01,synthetic revision
10696,ARM,ECCS,2015,2026-04-01,synthetic revision
10697,ABW,ECCS,2015,2026-04-01,synthetic revision
10698,AUS,ECCS,2015,2026-04-01,synthetic revision
10699,AUT,ECCS,2015,2026-04-01,synthetic revision
10700,AZE,ECCS,2015,2026-04-01,synthetic revision
10701,BHS,ECCS,2015,2026-04-01,synthetic revision
10702,BHR,ECCS,2015,2026-04-01,synthetic revision
10703,BGD,ECCS,2015,2026-04-01,synthetic revision
10704,BRB,ECCS,2015,2026-04-01,synthetic revision
10705,BLR,ECCS,2015,2026-04-01,synthetic revision
10706,BEL,ECCS,2015,2026-04-01,synthetic revision
10707,BLZ,ECCS,2015,2026-04-01,synthetic revision
10708,BEN,ECCS,2015,2026-04-01,synthetic revision
10709,BTN,ECCS,2015,2026-04-01,synthetic revision
10710,BOL,ECCS,2015,2026-04-01,synthetic revision
10711,BIH,ECCS,2015,2026-04-01,synthetic revision
10712,BWA,ECCS,2015,2026-04-01,synthetic revision
10713,BRA,ECCS,2015,2026-04-01,synthetic revision
10714,VGB,ECCS,2015,2026-04-01,synthetic revision
10715,BRN,ECCS,2015,2026-04-01,synthetic revision
10716,BGR,ECCS,2015,2026-04-01,synthetic revision
10717,BFA,ECCS,2015,2026-04-01,synthetic revision
10718,CPV,ECCS,2015,2026-04-01,synthetic revision
10719,KHM,ECCS,2015,2026-04-01,synthetic revision
10720,CMR,ECCS,2015,2026-04-01,synthetic revision
10721,CAN,ECCS,2015,2026-04-01,synthetic revision
10722,CAF,ECCS,2015,2026-04-01,synthetic revision
10723,TCD,ECCS,2015,2026-04-01,synthetic revision
10724,CHL,ECCS,2015,2026-04-01,synthetic revision
10725,HKG,ECCS,2015,2026-04-01,synthetic revision
10726,MAC,ECCS,2015,2026-04-01,synthetic revision
10727,CHN,ECCS,2015,2026-04-01,synthetic revision
10728,COL,ECCS,2015,2026-04-01,synthetic revision
10729,COM,ECCS,2015,2026-04-01,synthetic revision
10730,COD,ECCS,2015,2026-04-01,synthetic revision
10731,COG,ECCS,2015,2026-04-01,synthetic revision
10732,COK,ECCS,2015,2026-04-01,synthetic revision
10733,CRI,ECCS,2015,2026-04-01,synthetic revision
10734,HRV,ECCS,2015,2026-04-01,synthetic revision
10735,CUB,ECCS,2015,2026-04-01,synthetic revision
10736,CYP,ECCS,2015,2026-04-01,synthetic revision
10737,CZE,ECCS,2015,2026-04-01,synthetic revision
10738,DNK,ECCS,2015,2026-04-01,synthetic revision
10739,DJI,ECCS,2015,2026-04-01,synthetic revision
10740,DMA,ECCS,2015,2026-04-01,synthetic revision
10741,DOM,ECCS,2015,2026-04-01,synthetic revision
10742,ECU,ECCS,2015,2026-04-01,synthetic revision
10743,EGY,ECCS,2015,2026-04-01,synthetic revision
10744,SLV,ECCS,2015,2026-04-01,synthetic revision
10745,GNQ,ECCS,2015,2026-04-01,synthetic revision
10746,ERI,ECCS,2015,2026-04-01,synthetic revision
10747,EST,ECCS,2015,2026-04-01,synthetic revision
10748,SWZ,ECCS,2015,2026-04-01,synthetic revision
10749,ETH,ECCS,2015,2026-04-01,synthetic revision
10750,FRO,ECCS,2015,2026-04-01,synthetic revision
10751,FJI,ECCS,2015,2026-04-01,synthetic revision
10752,FIN,ECCS,2015,2026-04-01,synthetic revision
10753,FRA,ECCS,2015,2026-04-01,synthetic revision
10754,PYF,ECCS,2015,2026-04-01,synthetic revision
10755,GAB,ECCS,2015,2026-04-01,synthetic revision
10756,GMB,ECCS,2015,2026-04-01,synthetic revision
10757,GEO,ECCS,2015,2026-04-01,synthetic revision
10758,DEU,ECCS,2015,2026-04-01,synthetic revision
10759,GHA,ECCS,2015,2026-04-01,synthetic revision
10760,GIB,ECCS,2015,2026-04-01,synthetic revision
10761,GRC,ECCS,2015,2026-04-01,synthetic revision
10762,GRL,ECCS,2015,2026-04-01,synthetic revision
10763,GRD,ECCS,2015,2026-04-01,synthetic revision
10764,GLP,ECCS,2015,2026-04-01,synthetic revision
10765,GTM,ECCS,2015,2026-04-01,synthetic revision
10766,GUF,ECCS,2015,2026-04-01,synthetic revision
10767,GIN,ECCS,2015,2026-04-01,synthetic revision
10768,GNB,ECCS,2015,2026-04-01,synthetic revision
10769,GUY,ECCS,2015,2026-04-01,synthetic revision
10770,HTI,ECCS,2015,2026-04-01,synthetic revision
10771,VAT,ECCS,2015,2026-04-01,synthetic revision
10772,HND,ECCS,2015,2026-04-01,synthetic revision
10773,HUN,ECCS,2015,2026-04-01,synthetic revision
10774,ISL,ECCS,2015,2026-04-01,synthetic revision
10775,IND,ECCS,2015,2026-04-01,synthetic revision
10776,IDN,ECCS,2015,2026-04-01,synthetic revision
10777,IRN,ECCS,2015,2026-04-01,synthetic revision
10778,IRQ,ECCS,2015,2026-04-01,synthetic revision
10779,IRL,ECCS,2015,2026-04-01,synthetic revision
10780,IMN,ECCS,2015,2026-04-01,synthetic revision
10781,ISR,ECCS,2015,2026-04-01,synthetic revision
10782,ITA,ECCS,2015,2026-04-01,synthetic revision
10783,JAM,ECCS,2015,2026-04-01,synthetic revision
10784,JPN,ECCS,2015,2026-04-01,synthetic revision
10785,JOR,ECCS,2015,2026-04-01,synthetic revision
10786,KAZ,ECCS,2015,2026-04-01,synthetic revision
10787,KEN,ECCS,2015,2026-04-01,synthetic revision
10788,KIR,ECCS,2015,2026-04-01,synthetic revision
10789,PRK,ECCS,2015,2026-04-01,synthetic revision
10790,KOR,ECCS,2015,2026-04-01,synthetic revision
10791,KWT,ECCS,2015,2026-04-01,synthetic revision
10792,KGZ,ECCS,2015,2026-04-01,synthetic revision
10793,LAO,ECCS,2015,2026-04-01,synthetic revision
10794,LVA,ECCS,2015,2026-04-01,synthetic revision
10795,LBN,ECCS,2015,2026-04-01,synthetic revision
10796,LSO,ECCS,2015,2026-04-01,synthetic revision
10797,LBR,ECCS,2015,2026-04-01,synthetic revision
10798,LBY,ECCS,2015,2026-04-01,synthetic revision
10799,LIE,ECCS,2015,2026-04-01,synthetic revision
10800,LTU,ECCS,2015,2026-04-01,synthetic revision
10801,LUX,ECCS,2015,2026-04-01,synthetic revision
10802,MDG,ECCS,2015,2026-04-01,synthetic revision
10803,MWI,ECCS,2015,2026-04-01,synthetic revision
10804,MYS,ECCS,2015,2026-04-01,synthetic revision
10805,MDV,ECCS,2015,2026-04-01,synthetic revision
10806,MLI,ECCS,2015,2026-04-01,synthetic revision
10807,MLT,ECCS,2015,2026-04-01,synthetic revision
10808,MHL,ECCS,2015,2026-04-01,synthetic revision
10809,MTQ,ECCS,2015,2026-04-01,synthetic revision
10810,MRT,ECCS,2015,2026-04-01,synthetic revision
10811,MUS,ECCS,2015,2026-04-01,synthetic revision
10812,MYT,ECCS,2015,2026-04-01,synthetic revision
10813,MEX,ECCS,2015,2026-04-01,synthetic revision
10814,FSM,ECCS,2015,2026-04-01,synthetic revision
10815,MDA,ECCS,2015,2026-04-01,synthetic revision
10816,MCO,ECCS,2015,2026-04-01,synthetic revision
10817,MNG,ECCS,2015,2026-04-01,synthetic revision
10818,MNE,ECCS,2015,2026-04-01,synthetic revision
10819,MSR,ECCS,2015,2026-04-01,synthetic revision
10820,MAR,ECCS,2015,2026-04-01,synthetic revision
10821,MOZ,ECCS,2015,2026-04-01,synthetic revision
10822,MMR,ECCS,2015,2026-04-01,synthetic revision
10823,NPL,ECCS,2015,2026-04-01,synthetic revision
10824,NLD,ECCS,2015,2026-04-01,synthetic revision
10825,NCL,ECCS,2015,2026-04-01,synthetic revision
10826,NZL,ECCS,2015,2026-04-01,synthetic revision
10827,NIC,ECCS,2015,2026-04-01,synthetic revision
10828,NER,ECCS,2015,2026-04-01,synthetic revision
10829,NGA,ECCS,2015,2026-04-01,synthetic revision
10830,NFK,ECCS,2015,2026-04-01,synthetic revision
10831,MKD,ECCS,2015,2026-04-01,synthetic revision
10832,NOR,ECCS,2015,2026-04-01,synthetic revision
10833,OMN,ECCS,2015,2026-04-01,synthetic revision
10834,PAK,ECCS,2015,2026-04-01,synthetic revision
10835,PLW,ECCS,2015,2026-04-01,synthetic revision
10836,PAN,ECCS,2015,2026-04-01,synthetic revision
10837,PNG,ECCS,2015,2026-04-01,synthetic revision
10838,PRY,ECCS,2015,2026-04-01,synthetic revision
10839,PER,ECCS,2015,2026-04-01,synthetic revision
10840,PHL,ECCS,2015,2026-04-01,synthetic revision
10841,POL,ECCS,2015,2026-04-01,synthetic revision
10842,PRT,ECCS,2015,2026-04-01,synthetic revision
10843,PRI,ECCS,2015,2026-04-01,synthetic revision
10844,QAT,ECCS,2015,2026-04-01,synthetic revision
10845,ROU,ECCS,2015,2026-04-01,synthetic revision
10846,RUS,ECCS,2015,2026-04-01,synthetic revision
10847,SPM,ECCS,2015,2026-04-01,synthetic revision
10848,WSM,ECCS,2015,2026-04-01,synthetic revision
10849,SMR,ECCS,2015,2026-04-01,synthetic revision
10850,STP,ECCS,2015,2026-04-01,synthetic revision
10851,SAU,ECCS,2015,2026-04-01,synthetic revision
10852,SEN,ECCS,2015,2026-04-01,synthetic revision
10853,SRB,ECCS,2015,2026-04-01,synthetic revision
10854,SYC,ECCS,2015,2026-04-01,synthetic revision
10855,SLE,ECCS,2015,2026-04-01,synthetic revision
10856,SGP,ECCS,2015,2026-04-01,synthetic revision
10857,SVK,ECCS,2015,2026-04-01,synthetic revision
10858,SVN,ECCS,2015,2026-04-01,synthetic revision
10859,SLB,ECCS,2015,2026-04-01,synthetic revision
10860,SOM,ECCS,2015,2026-04-01,synthetic revision
10861,ZAF,ECCS,2015,2026-04-01,synthetic revision
10862,SSD,ECCS,2015,2026-04-01,synthetic revision
10863,ESP,ECCS,2015,2026-04-01,synthetic revision
10864,LKA,ECCS,2015,2026-04-01,synthetic revision
10865,KNA,ECCS,2015,2026-04-01,synthetic revision
10866,LCA,ECCS,2015,2026-04-01,synthetic revision
10867,VCT,ECCS,2015,2026-04-01,synthetic revision
10868,SDN,ECCS,2015,2026-04-01,synthetic revision
10869,SUR,ECCS,2015,2026-04-01,synthetic revision
10870,SJM,ECCS,2015,2026-04-01,synthetic revision
10871,SWE,ECCS,2015,2026-04-01,synthetic revision
10872,CHE,ECCS,2015,2026-04-01,synthetic revision
10873,SYR,ECCS,2015,2026-04-01,synthetic revision
10874,TWN,ECCS,2015,2026-04-01,synthetic revision
10875,TJK,ECCS,2015,2026-04-01,synthetic revision
10876,TZA,ECCS,2015,2026-04-01,synthetic revision
10877,THA,ECCS,2015,2026-04-01,synthetic revision
10878,TLS,ECCS,2015,2026-04-01,synthetic revision
10879,TGO,ECCS,2015,2026-04-01,synthetic revision
10880,TON,ECCS,2015,2026-04-01,synthetic revision
10881,TTO,ECCS,2015,2026-04-01,synthetic revision
10882,TUN,ECCS,2015,2026-04-01,synthetic revision
10883,TKM,ECCS,2015,2026-04-01,synthetic revision
10884,TUV,ECCS,2015,2026-04-01,synthetic revision
10885,UGA,ECCS,2015,2026-04-01,synthetic revision
10886,UKR,ECCS,2015,2026-04-01,synthetic revision
10887,ARE,ECCS,2015,2026-04-01,synthetic revision
10888,GBR,ECCS,2015,2026-04-01,synthetic revision
10889,USA,ECCS,2015,2026-04-01,synthetic revision
10890,VIR,ECCS,2015,2026-04-01,synthetic revision
10891,URY,ECCS,2015,2026-04-01,synthetic revision
10892,UZB,ECCS,2015,2026-04-01,synthetic revision
10893,VUT,ECCS,2015,2026-04-01,synthetic revision
10894,VEN,ECCS,2015,2026-04-01,synthetic revision
10895,VNM,ECCS,2015,2026-04-01,synthetic revision
10896,WLF,ECCS,2015,2026-04-01,synthetic revision
10897,PSE,ECCS,2015,2026-04-01,synthetic revision
10898,ESH,ECCS,2015,2026-04-01,synthetic revision
10899,ZMB,ECCS,2015,2026-04-01,synthetic revision
10900,ZWE,ECCS,2015,2026-04-01,synthetic revision
10901,AFG,ECCS,2016,2026-04-01,synthetic revision
10902,ALB,ECCS,2016,2026-04-01,synthetic revision
10903,DZA,ECCS,2016,2026-04-01,synthetic revision
10904,ASM,ECCS,2016,2026-04-01,synthetic revision
10905,AND,ECCS,2016,2026-04-01,synthetic revision
10906,AGO,ECCS,2016,2026-04-01,synthetic revision
10907,AIA,ECCS,2016,2026-04-01,synthetic revision
10908,ATG,ECCS,2016,2026-04-01,synthetic revision
10909,ARG,ECCS,2016,2026-04-01,synthetic revision
10910,ARM,ECCS,2016,2026-04-01,synthetic revision
10911,ABW,ECCS,2016,2026-04-01,synthetic revision
10912,AUS,ECCS,2016,2026-04-01,synthetic revision
10913,AUT,ECCS,2016,2026-04-01,synthetic revision
10914,AZE,ECCS,2016,2026-04-01,synthetic revision
10915,BHS,ECCS,2016,2026-04-01,synthetic revision
10916,BHR,ECCS,2016,2026-04-01,synthetic revision
10917,BGD,ECCS,2016,2026-04-01,synthetic revision
10918,BRB,ECCS,2016,2026-04-01,synthetic revision
10919,BLR,ECCS,2016,2026-04-01,synthetic revision
10920,BEL,ECCS,2016,2026-04-01,synthetic revision
10921,BLZ,ECCS,2016,2026-04-01,synthetic revision
10922,BEN,ECCS,2016,2026-04-01,synthetic revision
10923,BTN,ECCS,2016,2026-04-01,synthetic revision
10924,BOL,ECCS,2016,2026-04-01,synthetic revision
10925,BIH,ECCS,2016,2026-04-01,synthetic revision
10926,BWA,ECCS,2016,2026-04-01,synthetic revision
10927,BRA,ECCS,2016,2026-04-01,synthetic revision
10928,VGB,ECCS,2016,2026-04-01,synthetic revision
10929,BRN,ECCS,2016,2026-04-01,synthetic revision
10930,BGR,ECCS,2016,2026-04-01,synthetic revision
10931,BFA,ECCS,2016,2026-04-01,synthetic revision
10932,CPV,ECCS,2016,2026-04-01,synthetic revision
10933,KHM,ECCS,2016,2026-04-01,synthetic revision
10934,CMR,ECCS,2016,2026-04-01,synthetic revision
10935,CAN,ECCS,2016,2026-04-01,synthetic revision
10936,CAF,ECCS,2016,2026-04-01,synthetic revision
10937,TCD,ECCS,2016,2026-04-01,synthetic revision
10938,CHL,ECCS,2016,2026-04-01,synthetic revision
10939,HKG,ECCS,2016,2026-04-01,synthetic revision
10940,MAC,ECCS,2016,2026-04-01,synthetic revision
10941,CHN,ECCS,2016,2026-04-01,synthetic revision
10942,COL,ECCS,2016,2026-04-01,synthetic revision
10943,COM,ECCS,2016,2026-04-01,synthetic revision
10944,COD,ECCS,2016,2026-04-01,synthetic revision
10945,COG,ECCS,2016,2026-04-01,synthetic revision
10946,COK,ECCS,2016,2026-04-01,synthetic revision
10947,CRI,ECCS,2016,2026-04-01,synthetic revision
10948,HRV,ECCS,2016,2026-04-01,synthetic revision
10949,CUB,ECCS,2016,2026-04-01,synthetic revision
10950,CYP,ECCS,2016,2026-04-01,synthetic revision
10951,CZE,ECCS,2016,2026-04-01,synthetic revision
10952,DNK,ECCS,2016,2026-04-01,synthetic revision
10953,DJI,ECCS,2016,2026-04-01,synthetic revision
10954,DMA,ECCS,2016,2026-04-01,synthetic revision
10955,DOM,ECCS,2016,2026-04-01,synthetic revision
10956,ECU,ECCS,2016,2026-04-01,synthetic revision
10957,EGY,ECCS,2016,2026-04-01,synthetic revision
10958,SLV,ECCS,2016,2026-04-01,synthetic revision
10959,GNQ,ECCS,2016,2026-04-01,synthetic revision
10960,ERI,ECCS,2016,2026-04-01,synthetic revision
10961,EST,ECCS,2016,2026-04-01,synthetic revision
10962,SWZ,ECCS,2016,2026-04-01,synthetic revision
10963,ETH,ECCS,2016,2026-04-01,synthetic revision
10964,FRO,ECCS,2016,2026-04-01,synthetic revision
10965,FJI,ECCS,2016,2026-04-01,synthetic revision
10966,FIN,ECCS,2016,2026-04-01,synthetic revision
10967,FRA,ECCS,2016,2026-04-01,synthetic revision
10968,PYF,ECCS,2016,2026-04-01,synthetic revision
10969,GAB,ECCS,2016,2026-04-01,synthetic revision
10970,GMB,ECCS,2016,2026-04-01,synthetic revision
10971,GEO,ECCS,2016,2026-04-01,synthetic revision
10972,DEU,ECCS,2016,2026-04-01,synthetic revision
10973,GHA,ECCS,2016,2026-04-01,synthetic revision
10974,GIB,ECCS,2016,2026-04-01,synthetic revision
10975,GRC,ECCS,2016,2026-04-01,synthetic revision
10976,GRL,ECCS,2016,2026-04-01,synthetic revision
10977,GRD,ECCS,2016,2026-04-01,synthetic revision
10978,GLP,ECCS,2016,2026-04-01,synthetic revision
10979,GTM,ECCS,2016,2026-04-01,synthetic revision
10980,GUF,ECCS,2016,2026-04-01,synthetic revision
10981,GIN,ECCS,2016,2026-04-01,synthetic revision
10982,GNB,ECCS,2016,2026-04-01,synthetic revision
10983,GUY,ECCS,2016,2026-04-01,synthetic revision
10984,HTI,ECCS,2016,2026-04-01,synthetic revision
10985,VAT,ECCS,2016,2026-04-01,synthetic revision
10986,HND,ECCS,2016,2026-04-01,synthetic revision
10987,HUN,ECCS,2016,2026-04-01,synthetic revision
10988,ISL,ECCS,2016,2026-04-01,synthetic revision
10989,IND,ECCS,2016,2026-04-01,synthetic revision
10990,IDN,ECCS,2016,2026-04-01,synthetic revision
10991,IRN,ECCS,2016,2026-04-01,synthetic revision
10992,IRQ,ECCS,2016,2026-04-01,synthetic revision
10993,IRL,ECCS,2016,2026-04-01,synthetic revision
10994,IMN,ECCS,2016,2026-04-01,synthetic revision
10995,ISR,ECCS,2016,2026-04-01,synthetic revision
10996,ITA,ECCS,2016,2026-04-01,synthetic revision
10997,JAM,ECCS,2016,2026-04-01,synthetic revision
10998,JPN,ECCS,2016,2026-04-01,synthetic revision
10999,JOR,ECCS,2016,2026-04-01,synthetic revision
11000,KAZ,ECCS,2016,2026-04-01,synthetic revision
11001,KEN,ECCS,2016,2026-04-01,synthetic revision
11002,KIR,ECCS,2016,2026-04-01,synthetic revision
11003,PRK,ECCS,2016,2026-04-01,synthetic revision
11004,KOR,ECCS,2016,2026-04-01,synthetic revision
11005,KWT,ECCS,2016,2026-04-01,synthetic revision
11006,KGZ,ECCS,2016,2026-04-01,synthetic revision
11007,LAO,ECCS,2016,2026-04-01,synthetic revision
11008,LVA,ECCS,2016,2026-04-01,synthetic revision
11009,LBN,ECCS,2016,2026-04-01,synthetic revision
11010,LSO,ECCS,2016,2026-04-01,synthetic revision
11011,LBR,ECCS,2016,2026-04-01,synthetic revision
11012,LBY,ECCS,2016,2026-04-01,synthetic revision
11013,LIE,ECCS,2016,2026-04-01,synthetic revision
11014,LTU,ECCS,2016,2026-04-01,synthetic revision
11015,LUX,ECCS,2016,2026-04-01,synthetic revision
11016,MDG,ECCS,2016,2026-04-01,synthetic revision
11017,MWI,ECCS,2016,2026-04-01,synthetic revision
11018,MYS,ECCS,2016,2026-04-01,synthetic revision
11019,MDV,ECCS,2016,2026-04-01,synthetic revision
11020,MLI,ECCS,2016,2026-04-01,synthetic revision
11021,MLT,ECCS,2016,2026-04-01,synthetic revision
11022,MHL,ECCS,2016,2026-04-01,synthetic revision
11023,MTQ,ECCS,2016,2026-04-01,synthetic revision
11024,MRT,ECCS,2016,2026-04-01,synthetic revision
11025,MUS,ECCS,2016,2026-04-01,synthetic revision
11026,MYT,ECCS,2016,2026-04-01,synthetic revision
11027,MEX,ECCS,2016,2026-04-01,synthetic revision
11028,FSM,ECCS,2016,2026-04-01,synthetic revision
11029,MDA,ECCS,2016,2026-04-01,synthetic revision
11030,MCO,ECCS,2016,2026-04-01,synthetic revision
11031,MNG,ECCS,2016,2026-04-01,synthetic revision
11032,MNE,ECCS,2016,2026-04-01,synthetic revision
11033,MSR,ECCS,2016,2026-04-01,synthetic revision
11034,MAR,ECCS,2016,2026-04-01,synthetic revision
11035,MOZ,ECCS,2016,2026-04-01,synthetic revision
11036,MMR,ECCS,2016,2026-04-01,synthetic revision
11037,NPL,ECCS,2016,2026-04-01,synthetic revision
11038,NLD,ECCS,2016,2026-04-01,synthetic revision
11039,NCL,ECCS,2016,2026-04-01,synthetic revision
11040,NZL,ECCS,2016,2026-04-01,synthetic revision
11041,NIC,ECCS,2016,2026-04-01,synthetic revision
11042,NER,ECCS,2016,2026-04-01,synthetic revision
11043,NGA,ECCS,2016,2026-04-01,synthetic revision
11044,NFK,ECCS,2016,2026-04-01,synthetic revision
11045,MKD,ECCS,2016,2026-04-01,synthetic revision
11046,NOR,ECCS,2016,2026-04-01,synthetic revision
11047,OMN,ECCS,2016,2026-04-01,synthetic revision
11048,PAK,ECCS,2016,2026-04-01,synthetic revision
11049,PLW,ECCS,2016,2026-04-01,synthetic revision
11050,PAN,ECCS,2016,2026-04-01,synthetic revision
11051,PNG,ECCS,2016,2026-04-01,synthetic revision
11052,PRY,ECCS,2016,2026-04-01,synthetic revision
11053,PER,ECCS,2016,2026-04-01,synthetic revision
11054,PHL,ECCS,2016,2026-04-01,synthetic revision
11055,POL,ECCS,2016,2026-04-01,synthetic revision
11056,PRT,ECCS,2016,2026-04-01,synthetic revision
11057,PRI,ECCS,2016,2026-04-01,synthetic revision
11058,QAT,ECCS,2016,2026-04-01,synthetic revision
11059,ROU,ECCS,2016,2026-04-01,synthetic revision
11060,RUS,ECCS,2016,2026-04-01,synthetic revision
11061,SPM,ECCS,2016,2026-04-01,synthetic revision
11062,WSM,ECCS,2016,2026-04-01,synthetic revision
11063,SMR,ECCS,2016,2026-04-01,synthetic revision
11064,STP,ECCS,2016,2026-04-01,synthetic revision
11065,SAU,ECCS,2016,2026-04-01,synthetic revision
11066,SEN,ECCS,2016,2026-04-01,synthetic revision
11067,SRB,ECCS,2016,2026-04-01,synthetic revision
11068,SYC,ECCS,2016,2026-04-01,synthetic revision
11069,SLE,ECCS,2016,2026-04-01,synthetic revision
11070,SGP,ECCS,2016,2026-04-01,synthetic revision
11071,SVK,ECCS,2016,2026-04-01,synthetic revision
11072,SVN,ECCS,2016,2026-04-01,synthetic revision
11073,SLB,ECCS,2016,2026-04-01,synthetic revision
11074,SOM,ECCS,2016,2026-04-01,synthetic revision
11075,ZAF,ECCS,2016,2026-04-01,synthetic revision
11076,SSD,ECCS,2016,2026-04-01,synthetic revision
11077,ESP,ECCS,2016,2026-04-01,synthetic revision
11078,LKA,ECCS,2016,2026-04-01,synthetic revision
11079,KNA,ECCS,2016,2026-04-01,synthetic revision
11080,LCA,ECCS,2016,2026-04-01,synthetic revision
11081,VCT,ECCS,2016,2026-04-01,synthetic revision
11082,SDN,ECCS,2016,2026-04-01,synthetic revision
11083,SUR,ECCS,2016,2026-04-01,synthetic revision
11084,SJM,ECCS,2016,2026-04-01,synthetic revision
11085,SWE,ECCS,2016,2026-04-01,synthetic revision
11086,CHE,ECCS,2016,2026-04-01,synthetic revision
11087,SYR,ECCS,2016,2026-04-01,synthetic revision
11088,TWN,ECCS,2016,2026-04-01,synthetic revision
11089,TJK,ECCS,2016,2026-04-01,synthetic revision
11090,TZA,ECCS,2016,2026-04-01,synthetic revision
11091,THA,ECCS,2016,2026-04-01,synthetic revision
11092,TLS,ECCS,2016,2026-04-01,synthetic revision
11093,TGO,ECCS,2016,2026-04-01,synthetic revision
11094,TON,ECCS,2016,2026-04-01,synthetic revision
11095,TTO,ECCS,2016,2026-04-01,synthetic revision
11096,TUN,ECCS,2016,2026-04-01,synthetic revision
11097,TKM,ECCS,2016,2026-04-01,synthetic revision
11098,TUV,ECCS,2016,2026-04-01,synthetic revision
11099,UGA,ECCS,2016,2026-04-01,synthetic revision
11100,UKR,ECCS,2016,2026-04-01,synthetic revision
11101,ARE,ECCS,2016,2026-04-01,synthetic revision
11102,GBR,ECCS,2016,2026-04-01,synthetic revision
11103,USA,ECCS,2016,2026-04-01,synthetic revision
11104,VIR,ECCS,2016,2026-04-01,synthetic revision
11105,URY,ECCS,2016,2026-04-01,synthetic revision
11106,UZB,ECCS,2016,2026-04-01,synthetic revision
11107,VUT,ECCS,2016,2026-04-01,synthetic revision
11108,VEN,ECCS,2016,2026-04-01,synthetic revision
11109,VNM,ECCS,2016,2026-04-01,synthetic revision
11110,WLF,ECCS,2016,2026-04-01,synthetic revision
11111,PSE,ECCS,2016,2026-04-01,synthetic revision
11112,ESH,ECCS,2016,2026-04-01,synthetic revision
11113,ZMB,ECCS,2016,2026-04-01,synthetic revision
11114,ZWE,ECCS,2016,2026-04-01,synthetic revision
11115,AFG,ECCS,2017,2026-04-01,synthetic revision
11116,ALB,ECCS,2017,2026-04-01,synthetic revision
11117,DZA,ECCS,2017,2026-04-01,synthetic revision
11118,ASM,ECCS,2017,2026-04-01,synthetic revision
11119,AND,ECCS,2017,2026-04-01,synthetic revision
11120,AGO,ECCS,2017,2026-04-01,synthetic revision
11121,AIA,ECCS,2017,2026-04-01,synthetic revision
11122,ATG,ECCS,2017,2026-04-01,synthetic revision
11123,ARG,ECCS,2017,2026-04-01,synthetic revision
11124,ARM,ECCS,2017,2026-04-01,synthetic revision
11125,ABW,ECCS,2017,2026-04-01,synthetic revision
11126,AUS,ECCS,2017,2026-04-01,synthetic revision
11127,AUT,ECCS,2017,2026-04-01,synthetic revision
11128,AZE,ECCS,2017,2026-04-01,synthetic revision
11129,BHS,ECCS,2017,2026-04-01,synthetic revision
11130,BHR,ECCS,2017,2026-04-01,synthetic revision
11131,BGD,ECCS,2017,2026-04-01,synthetic revision
11132,BRB,ECCS,2017,2026-04-01,synthetic revision
11133,BLR,ECCS,2017,2026-04-01,synthetic revision
11134,BEL,ECCS,2017,2026-04-01,synthetic revision
11135,BLZ,ECCS,2017,2026-04-01,synthetic revision
11136,BEN,ECCS,2017,2026-04-01,synthetic revision
11137,BTN,ECCS,2017,2026-04-01,synthetic revision
11138,BOL,ECCS,2017,2026-04-01,synthetic revision
11139,BIH,ECCS,2017,2026-04-01,synthetic revision
11140,BWA,ECCS,2017,2026-04-01,synthetic revision
11141,BRA,ECCS,2017,2026-04-01,synthetic revision
11142,VGB,ECCS,2017,2026-04-01,synthetic revision
11143,BRN,ECCS,2017,2026-04-01,synthetic revision
11144,BGR,ECCS,2017,2026-04-01,synthetic revision
11145,BFA,ECCS,2017,2026-04-01,synthetic revision
11146,CPV,ECCS,2017,2026-04-01,synthetic revision
11147,KHM,ECCS,2017,2026-04-01,synthetic revision
11148,CMR,ECCS,2017,2026-04-01,synthetic revision
11149,CAN,ECCS,2017,2026-04-01,synthetic revision
11150,CAF,ECCS,2017,2026-04-01,synthetic revision
11151,TCD,ECCS,2017,2026-04-01,synthetic revision
11152,CHL,ECCS,2017,2026-04-01,synthetic revision
11153,HKG,ECCS,2017,2026-04-01,synthetic revision
11154,MAC,ECCS,2017,2026-04-01,synthetic revision
11155,CHN,ECCS,2017,2026-04-01,synthetic revision
11156,COL,ECCS,2017,2026-04-01,synthetic revision
11157,COM,ECCS,2017,2026-04-01,synthetic revision
11158,COD,ECCS,2017,2026-04-01,synthetic revision
11159,COG,ECCS,2017,2026-04-01,synthetic revision
11160,COK,ECCS,2017,2026-04-01,synthetic revision
11161,CRI,ECCS,2017,2026-04-01,synthetic revision
11162,HRV,ECCS,2017,2026-04-01,synthetic revision
11163,CUB,ECCS,2017,2026-04-01,synthetic revision
11164,CYP,ECCS,2017,2026-04-01,synthetic revision
11165,CZE,ECCS,2017,2026-04-01,synthetic revision
11166,DNK,ECCS,2017,2026-04-01,synthetic revision
11167,DJI,ECCS,2017,2026-04-01,synthetic revision
11168,DMA,ECCS,2017,2026-04-01,synthetic revision
11169,DOM,ECCS,2017,2026-04-01,synthetic revision
11170,ECU,ECCS,2017,2026-04-01,synthetic revision
11171,EGY,ECCS,2017,2026-04-01,synthetic revision
11172,SLV,ECCS,2017,2026-04-01,synthetic revision
11173,GNQ,ECCS,2017,2026-04-01,synthetic revision
11174,ERI,ECCS,2017,2026-04-01,synthetic revision
11175,EST,ECCS,2017,2026-04-01,synthetic revision
11176,SWZ,ECCS,2017,2026-04-01,synthetic revision
11177,ETH,ECCS,2017,2026-04-01,synthetic revision
11178,FRO,ECCS,2017,2026-04-01,synthetic revision
11179,FJI,ECCS,2017,2026-04-01,synthetic revision
11180,FIN,ECCS,2017,2026-04-01,synthetic revision
11181,FRA,ECCS,2017,2026-04-01,synthetic revision
11182,PYF,ECCS,2017,2026-04-01,synthetic revision
11183,GAB,ECCS,2017,2026-04-01,synthetic revision
11184,GMB,ECCS,2017,2026-04-01,synthetic revision
11185,GEO,ECCS,2017,2026-04-01,synthetic revision
11186,DEU,ECCS,2017,2026-04-01,synthetic revision
11187,GHA,ECCS,2017,2026-04-01,synthetic revision
11188,GIB,ECCS,2017,2026-04-01,synthetic revision
11189,GRC,ECCS,2017,2026-04-01,synthetic revision
11190,GRL,ECCS,2017,2026-04-01,synthetic revision
11191,GRD,ECCS,2017,2026-04-01,synthetic revision
11192,GLP,ECCS,2017,2026-04-01,synthetic revision
11193,GTM,ECCS,2017,2026-04-01,synthetic revision
11194,GUF,ECCS,2017,2026-04-01,synthetic revision
11195,GIN,ECCS,2017,2026-04-01,synthetic revision
11196,GNB,ECCS,2017,2026-04-01,synthetic revision
11197,GUY,ECCS,2017,2026-04-01,synthetic revision
11198,HTI,ECCS,2017,2026-04-01,synthetic revision
11199,VAT,ECCS,2017,2026-04-01,synthetic revision
11200,HND,ECCS,2017,2026-04-01,synthetic revision
11201,HUN,ECCS,2017,2026-04-01,synthetic revision
11202,ISL,ECCS,2017,2026-04-01,synthetic revision
11203,IND,ECCS,2017,2026-04-01,synthetic revision
11204,IDN,ECCS,2017,2026-04-01,synthetic revision
11205,IRN,ECCS,2017,2026-04-01,synthetic revision
11206,IRQ,ECCS,2017,2026-04-01,synthetic revision
11207,IRL,ECCS,2017,2026-04-01,synthetic revision
11208,IMN,ECCS,2017,2026-04-01,synthetic revision
11209,ISR,ECCS,2017,2026-04-01,synthetic revision
11210,ITA,ECCS,2017,2026-04-01,synthetic revision
11211,JAM,ECCS,2017,2026-04-01,synthetic revision
11212,JPN,ECCS,2017,2026-04-01,synthetic revision
11213,JOR,ECCS,2017,2026-04-01,synthetic revision
11214,KAZ,ECCS,2017,2026-04-01,synthetic revision
11215,KEN,ECCS,2017,2026-04-01,synthetic revision
11216,KIR,ECCS,2017,2026-04-01,synthetic revision
11217,PRK,ECCS,2017,2026-04-01,synthetic revision
11218,KOR,ECCS,2017,2026-04-01,synthetic revision
11219,KWT,ECCS,2017,2026-04-01,synthetic revision
11220,KGZ,ECCS,2017,2026-04-01,synthetic revision
11221,LAO,ECCS,2017,2026-04-01,synthetic revision
11222,LVA,ECCS,2017,2026-04-01,synthetic revision
11223,LBN,ECCS,2017,2026-04-01,synthetic revision
11224,LSO,ECCS,2017,2026-04-01,synthetic revision
11225,LBR,ECCS,2017,2026-04-01,synthetic revision
11226,LBY,ECCS,2017,2026-04-01,synthetic revision
11227,LIE,ECCS,2017,2026-04-01,synthetic revision
11228,LTU,ECCS,2017,2026-04-01,synthetic revision
11229,LUX,ECCS,2017,2026-04-01,synthetic revision
11230,MDG,ECCS,2017,2026-04-01,synthetic revision
11231,MWI,ECCS,2017,2026-04-01,synthetic revision
11232,MYS,ECCS,2017,2026-04-01,synthetic revision
11233,MDV,ECCS,2017,2026-04-01,synthetic revision
11234,MLI,ECCS,2017,2026-04-01,synthetic revision
11235,MLT,ECCS,2017,2026-04-01,synthetic revision
11236,MHL,ECCS,2017,2026-04-01,synthetic revision
11237,MTQ,ECCS,2017,2026-04-01,synthetic revision
11238,MRT,ECCS,2017,2026-04-01,synthetic revision
11239,MUS,ECCS,2017,2026-04-01,synthetic revision
11240,MYT,ECCS,2017,2026-04-01,synthetic revision
11241,MEX,ECCS,2017,2026-04-01,synthetic revision
11242,FSM,ECCS,2017,2026-04-01,synthetic revision
11243,MDA,ECCS,2017,2026-04-01,synthetic revision
11244,MCO,ECCS,2017,2026-04-01,synthetic revision
11245,MNG,ECCS,2017,2026-04-01,synthetic revision
11246,MNE,ECCS,2017,2026-04-01,synthetic revision
11247,MSR,ECCS,2017,2026-04-01,synthetic revision
11248,MAR,ECCS,2017,2026-04-01,synthetic revision
11249,MOZ,ECCS,2017,2026-04-01,synthetic revision
11250,MMR,ECCS,2017,2026-04-01,synthetic revision
11251,NPL,ECCS,2017,2026-04-01,synthetic revision
11252,NLD,ECCS,2017,2026-04-01,synthetic revision
11253,NCL,ECCS,2017,2026-04-01,synthetic revision
11254,NZL,ECCS,2017,2026-04-01,synthetic revision
11255,NIC,ECCS,2017,2026-04-01,synthetic revision
11256,NER,ECCS,2017,2026-04-01,synthetic revision
11257,NGA,ECCS,2017,2026-04-01,synthetic revision
11258,NFK,ECCS,2017,2026-04-01,synthetic revision
11259,MKD,ECCS,2017,2026-04-01,synthetic revision
11260,NOR,ECCS,2017,2026-04-01,synthetic revision
11261,OMN,ECCS,2017,2026-04-01,synthetic revision
11262,PAK,ECCS,2017,2026-04-01,synthetic revision
11263,PLW,ECCS,2017,2026-04-01,synthetic revision
11264,PAN,ECCS,2017,2026-04-01,synthetic revision
11265,PNG,ECCS,2017,2026-04-01,synthetic revision
11266,PRY,ECCS,2017,2026-04-01,synthetic revision
11267,PER,ECCS,2017,2026-04-01,synthetic revision
11268,PHL,ECCS,2017,2026-04-01,synthetic revision
11269,POL,ECCS,2017,2026-04-01,synthetic revision
11270,PRT,ECCS,2017,2026-04-01,synthetic revision
11271,PRI,ECCS,2017,2026-04-01,synthetic revision
11272,QAT,ECCS,2017,2026-04-01,synthetic revision
11273,ROU,ECCS,2017,2026-04-01,synthetic revision
11274,RUS,ECCS,2017,2026-04-01,synthetic revision
11275,SPM,ECCS,2017,2026-04-01,synthetic revision
11276,WSM,ECCS,2017,2026-04-01,synthetic revision
11277,SMR,ECCS,2017,2026-04-01,synthetic revision
11278,STP,ECCS,2017,2026-04-01,synthetic revision
11279,SAU,ECCS,2017,2026-04-01,synthetic revision
11280,SEN,ECCS,2017,2026-04-01,synthetic revision
11281,SRB,ECCS,2017,2026-04-01,synthetic revision
11282,SYC,ECCS,2017,2026-04-01,synthetic revision
11283,SLE,ECCS,2017,2026-04-01,synthetic revision
11284,SGP,ECCS,2017,2026-04-01,synthetic revision
11285,SVK,ECCS,2017,2026-04-01,synthetic revision
11286,SVN,ECCS,2017,2026-04-01,synthetic revision
11287,SLB,ECCS,2017,2026-04-01,synthetic revision
11288,SOM,ECCS,2017,2026-04-01,synthetic revision
11289,ZAF,ECCS,2017,2026-04-01,synthetic revision
11290,SSD,ECCS,2017,2026-04-01,synthetic revision
11291,ESP,ECCS,2017,2026-04-01,synthetic revision
11292,LKA,ECCS,2017,2026-04-01,synthetic revision
11293,KNA,ECCS,2017,2026-04-01,synthetic revision
11294,LCA,ECCS,2017,2026-04-01,synthetic revision
11295,VCT,ECCS,2017,2026-04-01,synthetic revision
11296,SDN,ECCS,2017,2026-04-01,synthetic revision
11297,SUR,ECCS,2017,2026-04-01,synthetic revision
11298,SJM,ECCS,2017,2026-04-01,synthetic revision
11299,SWE,ECCS,2017,2026-04-01,synthetic revision
11300,CHE,ECCS,2017,2026-04-01,synthetic revision
11301,SYR,ECCS,2017,2026-04-01,synthetic revision
11302,TWN,ECCS,2017,2026-04-01,synthetic revision
11303,TJK,ECCS,2017,2026-04-01,synthetic revision
11304,TZA,ECCS,2017,2026-04-01,synthetic revision
11305,THA,ECCS,2017,2026-04-01,synthetic revision
11306,TLS,ECCS,2017,2026-04-01,synthetic revision
11307,TGO,ECCS,2017,2026-04-01,synthetic revision
11308,TON,ECCS,2017,2026-04-01,synthetic revision
11309,TTO,ECCS,2017,2026-04-01,synthetic revision
11310,TUN,ECCS,2017,2026-04-01,synthetic revision
11311,TKM,ECCS,2017,2026-04-01,synthetic revision
11312,TUV,ECCS,2017,2026-04-01,synthetic revision
11313,UGA,ECCS,2017,2026-04-01,synthetic revision
11314,UKR,ECCS,2017,2026-04-01,synthetic revision
11315,ARE,ECCS,2017,2026-04-01,synthetic revision
11316,GBR,ECCS,2017,2026-04-01,synthetic revision
11317,USA,ECCS,2017,2026-04-01,synthetic revision
11318,VIR,ECCS,2017,2026-04-01,synthetic revision
11319,URY,ECCS,2017,2026-04-01,synthetic revision
11320,UZB,ECCS,2017,2026-04-01,synthetic revision
11321,VUT,ECCS,2017,2026-04-01,synthetic revision
11322,VEN,ECCS,2017,2026-04-01,synthetic revision
11323,VNM,ECCS,2017,2026-04-01,synthetic revision
11324,WLF,ECCS,2017,2026-04-01,synthetic revision
11325,PSE,ECCS,2017,2026-04-01,synthetic revision
11326,ESH,ECCS,2017,2026-04-01,synthetic revision
11327,ZMB,ECCS,2017,2026-04-01,synthetic revision
11328,ZWE,ECCS,2017,2026-04-01,synthetic revision
11329,AFG,ECCS,2018,2026-04-01,synthetic revision
11330,ALB,ECCS,2018,2026-04-01,synthetic revision
11331,DZA,ECCS,2018,2026-04-01,synthetic revision
11332,ASM,ECCS,2018,2026-04-01,synthetic revision
11333,AND,ECCS,2018,2026-04-01,synthetic revision
11334,AGO,ECCS,2018,2026-04-01,synthetic revision
11335,AIA,ECCS,2018,2026-04-01,synthetic revision
11336,ATG,ECCS,2018,2026-04-01,synthetic revision
11337,ARG,ECCS,2018,2026-04-01,synthetic revision
11338,ARM,ECCS,2018,2026-04-01,synthetic revision
11339,ABW,ECCS,2018,2026-04-01,synthetic revision
11340,AUS,ECCS,2018,2026-04-01,synthetic revision
11341,AUT,ECCS,2018,2026-04-01,synthetic revision
11342,AZE,ECCS,2018,2026-04-01,synthetic revision
11343,BHS,ECCS,2018,2026-04-01,synthetic revision
11344,BHR,ECCS,2018,2026-04-01,synthetic revision
11345,BGD,ECCS,2018,2026-04-01,synthetic revision
11346,BRB,ECCS,2018,2026-04-01,synthetic revision
11347,BLR,ECCS,2018,2026-04-01,synthetic revision
11348,BEL,ECCS,2018,2026-04-01,synthetic revision
11349,BLZ,ECCS,2018,2026-04-01,synthetic revision
11350,BEN,ECCS,2018,2026-04-01,synthetic revision
11351,BTN,ECCS,2018,2026-04-01,synthetic revision
11352,BOL,ECCS,2018,2026-04-01,synthetic revision
11353,BIH,ECCS,2018,2026-04-01,synthetic revision
11354,BWA,ECCS,2018,2026-04-01,synthetic revision
11355,BRA,ECCS,2018,2026-04-01,synthetic revision
11356,VGB,ECCS,2018,2026-04-01,synthetic revision
11357,BRN,ECCS,2018,2026-04-01,synthetic revision
11358,BGR,ECCS,2018,2026-04-01,synthetic revision
11359,BFA,ECCS,2018,2026-04-01,synthetic revision
11360,CPV,ECCS,2018,2026-04-01,synthetic revision
11361,KHM,ECCS,2018,2026-04-01,synthetic revision
11362,CMR,ECCS,2018,2026-04-01,synthetic revision
11363,CAN,ECCS,2018,2026-04-01,synthetic revision
11364,CAF,ECCS,2018,2026-04-01,synthetic revision
11365,TCD,ECCS,2018,2026-04-01,synthetic revision
11366,CHL,ECCS,2018,2026-04-01,synthetic revision
11367,HKG,ECCS,2018,2026-04-01,synthetic revision
11368,MAC,ECCS,2018,2026-04-01,synthetic revision
11369,CHN,ECCS,2018,2026-04-01,synthetic revision
11370,COL,ECCS,2018,2026-04-01,synthetic revision
11371,COM,ECCS,2018,2026-04-01,synthetic revision
11372,COD,ECCS,2018,2026-04-01,synthetic revision
11373,COG,ECCS,2018,2026-04-01,synthetic revision
11374,COK,ECCS,2018,2026-04-01,synthetic revision
11375,CRI,ECCS,2018,2026-04-01,synthetic revision
11376,HRV,ECCS,2018,2026-04-01,synthetic revision
11377,CUB,ECCS,2018,2026-04-01,synthetic revision
11378,CYP,ECCS,2018,2026-04-01,synthetic revision
11379,CZE,ECCS,2018,2026-04-01,synthetic revision
11380,DNK,ECCS,2018,2026-04-01,synthetic revision
11381,DMA,ECCS,2018,2026-04-01,synthetic revision
11382,DOM,ECCS,2018,2026-04-01,synthetic revision
11383,ECU,ECCS,2018,2026-04-01,synthetic revision
11384,EGY,ECCS,2018,2026-04-01,synthetic revision
11385,SLV,ECCS,2018,2026-04-01,synthetic revision
11386,GNQ,ECCS,2018,2026-04-01,synthetic revision
11387,ERI,ECCS,2018,2026-04-01,synthetic revision
11388,EST,ECCS,2018,2026-04-01,synthetic revision
11389,SWZ,ECCS,2018,2026-04-01,synthetic revision
11390,ETH,ECCS,2018,2026-04-01,synthetic revision
11391,FRO,ECCS,2018,2026-04-01,synthetic revision
11392,FJI,ECCS,2018,2026-04-01,synthetic revision
11393,FIN,ECCS,2018,2026-04-01,synthetic revision
11394,FRA,ECCS,2018,2026-04-01,synthetic revision
11395,PYF,ECCS,2018,2026-04-01,synthetic revision
11396,GAB,ECCS,2018,2026-04-01,synthetic revision
11397,GMB,ECCS,2018,2026-04-01,synthetic revision
11398,GEO,ECCS,2018,2026-04-01,synthetic revision
11399,DEU,ECCS,2018,2026-04-01,synthetic revision
11400,GHA,ECCS,2018,2026-04-01,synthetic revision
11401,GIB,ECCS,2018,2026-04-01,synthetic revision
11402,GRC,ECCS,2018,2026-04-01,synthetic revision
11403,GRL,ECCS,2018,2026-04-01,synthetic revision
11404,GRD,ECCS,2018,2026-04-01,synthetic revision
11405,GLP,ECCS,2018,2026-04-01,synthetic revision
11406,GTM,ECCS,2018,2026-04-01,synthetic revision
11407,GUF,ECCS,2018,2026-04-01,synthetic revision
11408,GIN,ECCS,2018,2026-04-01,synthetic revision
11409,GNB,ECCS,2018,2026-04-01,synthetic revision
11410,GUY,ECCS,2018,2026-04-01,synthetic revision
11411,HTI,ECCS,2018,2026-04-01,synthetic revision
11412,VAT,ECCS,2018,2026-04-01,synthetic revision
11413,HND,ECCS,2018,2026-04-01,synthetic revision
11414,HUN,ECCS,2018,2026-04-01,synthetic revision
11415,ISL,ECCS,2018,2026-04-01,synthetic revision
11416,IND,ECCS,2018,2026-04-01,synthetic revision
11417,IDN,ECCS,2018,2026-04-01,synthetic revision
11418,IRN,ECCS,2018,2026-04-01,synthetic revision
11419,IRQ,ECCS,2018,2026-04-01,synthetic revision
11420,IRL,ECCS,2018,2026-04-01,synthetic revision
11421,IMN,ECCS,2018,2026-04-01,synthetic revision
11422,ISR,ECCS,2018,2026-04-01,synthetic revision
11423,ITA,ECCS,2018,2026-04-01,synthetic revision
11424,JAM,ECCS,2018,2026-04-01,synthetic revision
11425,JPN,ECCS,2018,2026-04-01,synthetic revision
11426,JOR,ECCS,2018,2026-04-01,synthetic revision
11427,KAZ,ECCS,2018,2026-04-01,synthetic revision
11428,KEN,ECCS,2018,2026-04-01,synthetic revision
11429,KIR,ECCS,2018,2026-04-01,synthetic revision
11430,PRK,ECCS,2018,2026-04-01,synthetic revision
11431,KOR,ECCS,2018,2026-04-01,synthetic revision
11432,KWT,ECCS,2018,2026-04-01,synthetic revision
11433,KGZ,ECCS,2018,2026-04-01,synthetic revision
11434,LAO,ECCS,2018,2026-04-01,synthetic revision
11435,LVA,ECCS,2018,2026-04-01,synthetic revision
11436,LBN,ECCS,2018,2026-04-01,synthetic revision
11437,LSO,ECCS,2018,2026-04-01,synthetic revision
11438,LBR,ECCS,2018,2026-04-01,synthetic revision
11439,LBY,ECCS,2018,2026-04-01,synthetic revision
11440,LIE,ECCS,2018,2026-04-01,synthetic revision
11441,LTU,ECCS,2018,2026-04-01,synthetic revision
11442,LUX,ECCS,2018,2026-04-01,synthetic revision
11443,MDG,ECCS,2018,2026-04-01,synthetic revision
11444,MWI,ECCS,2018,2026-04-01,synthetic revision
11445,MYS,ECCS,2018,2026-04-01,synthetic revision
11446,MDV,ECCS,2018,2026-04-01,synthetic revision
11447,MLI,ECCS,2018,2026-04-01,synthetic revision
11448,MLT,ECCS,2018,2026-04-01,synthetic revision
11449,MHL,ECCS,2018,2026-04-01,synthetic revision
11450,MTQ,ECCS,2018,2026-04-01,synthetic revision
11451,MRT,ECCS,2018,2026-04-01,synthetic revision
11452,MUS,ECCS,2018,2026-04-01,synthetic revision
11453,MYT,ECCS,2018,2026-04-01,synthetic revision
11454,MEX,ECCS,2018,2026-04-01,synthetic revision
11455,FSM,ECCS,2018,2026-04-01,synthetic revision
11456,MDA,ECCS,2018,2026-04-01,synthetic revision
11457,MCO,ECCS,2018,2026-04-01,synthetic revision
11458,MNG,ECCS,2018,2026-04-01,synthetic revision
11459,MNE,ECCS,2018,2026-04-01,synthetic revision
11460,MSR,ECCS,2018,2026-04-01,synthetic revision
11461,MAR,ECCS,2018,2026-04-01,synthetic revision
11462,MOZ,ECCS,2018,2026-04-01,synthetic revision
11463,MMR,ECCS,2018,2026-04-01,synthetic revision
11464,NPL,ECCS,2018,2026-04-01,synthetic revision
11465,NLD,ECCS,2018,2026-04-01,synthetic revision
11466,NCL,ECCS,2018,2026-04-01,synthetic revision
11467,NZL,ECCS,2018,2026-04-01,synthetic revision
11468,NIC,ECCS,2018,2026-04-01,synthetic revision
11469,NER,ECCS,2018,2026-04-01,synthetic revision
11470,NGA,ECCS,2018,2026-04-01,synthetic revision
11471,NFK,ECCS,2018,2026-04-01,synthetic revision
11472,MKD,ECCS,2018,2026-04-01,synthetic revision
11473,NOR,ECCS,2018,2026-04-01,synthetic revision
11474,OMN,ECCS,2018,2026-04-01,synthetic revision
11475,PAK,ECCS,2018,2026-04-01,synthetic revision
11476,PLW,ECCS,2018,2026-04-01,synthetic revision
11477,PAN,ECCS,2018,2026-04-01,synthetic revision
11478,PNG,ECCS,2018,2026-04-01,synthetic revision
11479,PRY,ECCS,2018,2026-04-01,synthetic revision
11480,PER,ECCS,2018,2026-04-01,synthetic revision
11481,PHL,ECCS,2018,2026-04-01,synthetic revision
11482,POL,ECCS,2018,2026-04-01,synthetic revision
11483,PRT,ECCS,2018,2026-04-01,synthetic revision
11484,PRI,ECCS,2018,2026-04-01,synthetic revision
11485,QAT,ECCS,2018,2026-04-01,synthetic revision
11486,ROU,ECCS,2018,2026-04-01,synthetic revision
11487,RUS,ECCS,2018,2026-04-01,synthetic revision
11488,SPM,ECCS,2018,2026-04-01,synthetic revision
11489,WSM,ECCS,2018,2026-04-01,synthetic revision
11490,SMR,ECCS,2018,2026-04-01,synthetic revision
11491,STP,ECCS,2018,2026-04-01,synthetic revision
11492,SAU,ECCS,2018,2026-04-01,synthetic revision
11493,SEN,ECCS,2018,2026-04-01,synthetic revision
11494,SRB,ECCS,2018,2026-04-01,synthetic revision
11495,SYC,ECCS,2018,2026-04-01,synthetic revision
11496,SLE,ECCS,2018,2026-04-01,synthetic revision
11497,SGP,ECCS,2018,2026-04-01,synthetic revision
11498,SVK,ECCS,2018,2026-04-01,synthetic revision
11499,SVN,ECCS,2018,2026-04-01,synthetic revision
11500,SLB,ECCS,2018,2026-04-01,synthetic revision
11501,SOM,ECCS,2018,2026-04-01,synthetic revision
11502,ZAF,ECCS,2018,2026-04-01,synthetic revision
11503,SSD,ECCS,2018,2026-04-01,synthetic revision
11504,ESP,ECCS,2018,2026-04-01,synthetic revision
11505,LKA,ECCS,2018,2026-04-01,synthetic revision
11506,KNA,ECCS,2018,2026-04-01,synthetic revision
11507,LCA,ECCS,2018,2026-04-01,synthetic revision
11508,VCT,ECCS,2018,2026-04-01,synthetic revision
11509,SDN,ECCS,2018,2026-04-01,synthetic revision
11510,SUR,ECCS,2018,2026-04-01,synthetic revision
11511,SJM,ECCS,2018,2026-04-01,synthetic revision
11512,SWE,ECCS,2018,2026-04-01,synthetic revision
11513,CHE,ECCS,2018,2026-04-01,synthetic revision
11514,SYR,ECCS,2018,2026-04-01,synthetic revision
11515,TWN,ECCS,2018,2026-04-01,synthetic revision
11516,TJK,ECCS,2018,2026-04-01,synthetic revision
11517,TZA,ECCS,2018,2026-04-01,synthetic revision
11518,THA,ECCS,2018,2026-04-01,synthetic revision
11519,TLS,ECCS,2018,2026-04-01,synthetic revision
11520,TGO,ECCS,2018,2026-04-01,synthetic revision
11521,TON,ECCS,2018,2026-04-01,synthetic revision
11522,TTO,ECCS,2018,2026-04-01,synthetic revision
11523,TUN,ECCS,2018,2026-04-01,synthetic revision
11524,TKM,ECCS,2018,2026-04-01,synthetic revision
11525,TUV,ECCS,2018,2026-04-01,synthetic revision
11526,UGA,ECCS,2018,2026-04-01,synthetic revision
11527,UKR,ECCS,2018,2026-04-01,synthetic revision
11528,ARE,ECCS,2018,2026-04-01,synthetic revision
11529,GBR,ECCS,2018,2026-04-01,synthetic revision
11530,USA,ECCS,2018,2026-04-01,synthetic revision
11531,VIR,ECCS,2018,2026-04-01,synthetic revision
11532,URY,ECCS,2018,2026-04-01,synthetic revision
11533,UZB,ECCS,2018,2026-04-01,synthetic revision
11534,VUT,ECCS,2018,2026-04-01,synthetic revision
11535,VEN,ECCS,2018,2026-04-01,synthetic revision
11536,VNM,ECCS,2018,2026-04-01,synthetic revision
11537,WLF,ECCS,2018,2026-04-01,synthetic revision
11538,PSE,ECCS,2018,2026-04-01,synthetic revision
11539,ESH,ECCS,2018,2026-04-01,synthetic revision
11540,ZMB,ECCS,2018,2026-04-01,synthetic revision
11541,ZWE,ECCS,2018,2026-04-01,synthetic revision
11542,AFG,ECCS,2019,2026-04-01,synthetic revision
11543,ALB,ECCS,2019,2026-04-01,synthetic revision
11544,DZA,ECCS,2019,2026-04-01,synthetic revision
11545,ASM,ECCS,2019,2026-04-01,synthetic revision
11546,AND,ECCS,2019,2026-04-01,synthetic revision
11547,AGO,ECCS,2019,2026-04-01,synthetic revision
11548,AIA,ECCS,2019,2026-04-01,synthetic revision
11549,ATG,ECCS,2019,2026-04-01,synthetic revision
11550,ARG,ECCS,2019,2026-04-01,synthetic revision
11551,ARM,ECCS,2019,2026-04-01,synthetic revision
11552,ABW,ECCS,2019,2026-04-01,synthetic revision
11553,AUS,ECCS,2019,2026-04-01,synthetic revision
11554,AUT,ECCS,2019,2026-04-01,synthetic revision
11555,AZE,ECCS,2019,2026-04-01,synthetic revision
11556,BHS,ECCS,2019,2026-04-01,synthetic revision
11557,BHR,ECCS,2019,2026-04-01,synthetic revision
11558,BGD,ECCS,2019,2026-04-01,synthetic revision
11559,BRB,ECCS,2019,2026-04-01,synthetic revision
11560,BLR,ECCS,2019,2026-04-01,synthetic revision
11561,BEL,ECCS,2019,2026-04-01,synthetic revision
11562,BLZ,ECCS,2019,2026-04-01,synthetic revision
11563,BEN,ECCS,2019,2026-04-01,synthetic revision
11564,BTN,ECCS,2019,2026-04-01,synthetic revision
11565,BOL,ECCS,2019,2026-04-01,synthetic revision
11566,BIH,ECCS,2019,2026-04-01,synthetic revision
11567,BWA,ECCS,2019,2026-04-01,synthetic revision
11568,BRA,ECCS,2019,2026-04-01,synthetic revision
11569,VGB,ECCS,2019,2026-04-01,synthetic revision
11570,BRN,ECCS,2019,2026-04-01,synthetic revision
11571,BGR,ECCS,2019,2026-04-01,synthetic revision
11572,BFA,ECCS,2019,2026-04-01,synthetic revision
11573,CPV,ECCS,2019,2026-04-01,synthetic revision
11574,KHM,ECCS,2019,2026-04-01,synthetic revision
11575,CMR,ECCS,2019,2026-04-01,synthetic revision
11576,CAN,ECCS,2019,2026-04-01,synthetic revision
11577,CYM,ECCS,2019,2026-04-01,synthetic revision
11578,CAF,ECCS,2019,2026-04-01,synthetic revision
11579,TCD,ECCS,2019,2026-04-01,synthetic revision
11580,CHL,ECCS,2019,2026-04-01,synthetic revision
11581,HKG,ECCS,2019,2026-04-01,synthetic revision
11582,MAC,ECCS,2019,2026-04-01,synthetic revision
11583,CHN,ECCS,2019,2026-04-01,synthetic revision
11584,COL,ECCS,2019,2026-04-01,synthetic revision
11585,COM,ECCS,2019,2026-04-01,synthetic revision
11586,COD,ECCS,2019,2026-04-01,synthetic revision
11587,COG,ECCS,2019,2026-04-01,synthetic revision
11588,COK,ECCS,2019,2026-04-01,synthetic revision
11589,CRI,ECCS,2019,2026-04-01,synthetic revision
11590,HRV,ECCS,2019,2026-04-01,synthetic revision
11591,CUB,ECCS,2019,2026-04-01,synthetic revision
11592,CYP,ECCS,2019,2026-04-01,synthetic revision
11593,CZE,ECCS,2019,2026-04-01,synthetic revision
11594,DNK,ECCS,2019,2026-04-01,synthetic revision
11595,DJI,ECCS,2019,2026-04-01,synthetic revision
11596,DMA,ECCS,2019,2026-04-01,synthetic revision
11597,DOM,ECCS,2019,2026-04-01,synthetic revision
11598,ECU,ECCS,2019,2026-04-01,synthetic revision
11599,EGY,ECCS,2019,2026-04-01,synthetic revision
11600,SLV,ECCS,2019,2026-04-01,synthetic revision
11601,GNQ,ECCS,2019,2026-04-01,synthetic revision
11602,ERI,ECCS,2019,2026-04-01,synthetic revision
11603,EST,ECCS,2019,2026-04-01,synthetic revision
11604,SWZ,ECCS,2019,2026-04-01,synthetic revision
11605,ETH,ECCS,2019,2026-04-01,synthetic revision
11606,FRO,ECCS,2019,2026-04-01,synthetic revision
11607,FJI,ECCS,2019,2026-04-01,synthetic revision
11608,FIN,ECCS,2019,2026-04-01,synthetic revision
11609,FRA,ECCS,2019,2026-04-01,synthetic revision
11610,PYF,ECCS,2019,2026-04-01,synthetic revision
11611,GAB,ECCS,2019,2026-04-01,synthetic revision
11612,GMB,ECCS,2019,2026-04-01,synthetic revision
11613,GEO,ECCS,2019,2026-04-01,synthetic revision
11614,DEU,ECCS,2019,2026-04-01,synthetic revision
11615,GHA,ECCS,2019,2026-04-01,synthetic revision
11616,GIB,ECCS,2019,2026-04-01,synthetic revision
11617,GRC,ECCS,2019,2026-04-01,synthetic revision
11618,GRL,ECCS,2019,2026-04-01,synthetic revision
11619,GRD,ECCS,2019,2026-04-01,synthetic revision
11620,GLP,ECCS,2019,2026-04-01,synthetic revision
11621,GTM,ECCS,2019,2026-04-01,synthetic revision
11622,GUF,ECCS,2019,2026-04-01,synthetic revision
11623,GIN,ECCS,2019,2026-04-01,synthetic revision
11624,GNB,ECCS,2019,2026-04-01,synthetic revision
11625,GUY,ECCS,2019,2026-04-01,synthetic revision
11626,HTI,ECCS,2019,2026-04-01,synthetic revision
11627,VAT,ECCS,2019,2026-04-01,synthetic revision
11628,HND,ECCS,2019,2026-04-01,synthetic revision
11629,HUN,ECCS,2019,2026-04-01,synthetic revision
11630,ISL,ECCS,2019,2026-04-01,synthetic revision
11631,IND,ECCS,2019,2026-04-01,synthetic revision
11632,IDN,ECCS,2019,2026-04-01,synthetic revision
11633,IRN,ECCS,2019,2026-04-01,synthetic revision
11634,IRQ,ECCS,2019,2026-04-01,synthetic revision
11635,IRL,ECCS,2019,2026-04-01,synthetic revision
11636,IMN,ECCS,2019,2026-04-01,synthetic revision
11637,ISR,ECCS,2019,2026-04-01,synthetic revision
11638,ITA,ECCS,2019,2026-04-01,synthetic revision
11639,JAM,ECCS,2019,2026-04-01,synthetic revision
11640,JPN,ECCS,2019,2026-04-01,synthetic revision
11641,JOR,ECCS,2019,2026-04-01,synthetic revision
11642,KAZ,ECCS,2019,2026-04-01,synthetic revision
11643,KEN,ECCS,2019,2026-04-01,synthetic revision
11644,KIR,ECCS,2019,2026-04-01,synthetic revision
11645,PRK,ECCS,2019,2026-04-01,synthetic revision
11646,KOR,ECCS,2019,2026-04-01,synthetic revision
11647,KWT,ECCS,2019,2026-04-01,synthetic revision
11648,KGZ,ECCS,2019,2026-04-01,synthetic revision
11649,LAO,ECCS,2019,2026-04-01,synthetic revision
11650,LVA,ECCS,2019,2026-04-01,synthetic revision
11651,LBN,ECCS,2019,2026-04-01,synthetic revision
11652,LSO,ECCS,2019,2026-04-01,synthetic revision
11653,LBR,ECCS,2019,2026-04-01,synthetic revision
11654,LBY,ECCS,2019,2026-04-01,synthetic revision
11655,LIE,ECCS,2019,2026-04-01,synthetic revision
11656,LTU,ECCS,2019,2026-04-01,synthetic revision
11657,LUX,ECCS,2019,2026-04-01,synthetic revision
11658,MDG,ECCS,2019,2026-04-01,synthetic revision
11659,MWI,ECCS,2019,2026-04-01,synthetic revision
11660,MYS,ECCS,2019,2026-04-01,synthetic revision
11661,MDV,ECCS,2019,2026-04-01,synthetic revision
11662,MLI,ECCS,2019,2026-04-01,synthetic revision
11663,MLT,ECCS,2019,2026-04-01,synthetic revision
11664,MHL,ECCS,2019,2026-04-01,synthetic revision
11665,MTQ,ECCS,2019,2026-04-01,synthetic revision
11666,MRT,ECCS,2019,2026-04-01,synthetic revision
11667,MUS,ECCS,2019,2026-04-01,synthetic revision
11668,MYT,ECCS,2019,2026-04-01,synthetic revision
11669,MEX,ECCS,2019,2026-04-01,synthetic revision
11670,FSM,ECCS,2019,2026-04-01,synthetic revision
11671,MDA,ECCS,2019,2026-04-01,synthetic revision
11672,MCO,ECCS,2019,2026-04-01,synthetic revision
11673,MNG,ECCS,2019,2026-04-01,synthetic revision
11674,MNE,ECCS,2019,2026-04-01,synthetic revision
11675,MSR,ECCS,2019,2026-04-01,synthetic revision
11676,MAR,ECCS,2019,2026-04-01,synthetic revision
11677,MOZ,ECCS,2019,2026-04-01,synthetic revision
11678,MMR,ECCS,2019,2026-04-01,synthetic revision
11679,NPL,ECCS,2019,2026-04-01,synthetic revision
11680,NLD,ECCS,2019,2026-04-01,synthetic revision
11681,NCL,ECCS,2019,2026-04-01,synthetic revision
11682,NZL,ECCS,2019,2026-04-01,synthetic revision
11683,NIC,ECCS,2019,2026-04-01,synthetic revision
11684,NER,ECCS,2019,2026-04-01,synthetic revision
11685,NGA,ECCS,2019,2026-04-01,synthetic revision
11686,NFK,ECCS,2019,2026-04-01,synthetic revision
11687,MKD,ECCS,2019,2026-04-01,synthetic revision
11688,NOR,ECCS,2019,2026-04-01,synthetic revision
11689,OMN,ECCS,2019,2026-04-01,synthetic revision
11690,PAK,ECCS,2019,2026-04-01,synthetic revision
11691,PAN,ECCS,2019,2026-04-01,synthetic revision
11692,PNG,ECCS,2019,2026-04-01,synthetic revision
11693,PRY,ECCS,2019,2026-04-01,synthetic revision
11694,PER,ECCS,2019,2026-04-01,synthetic revision
11695,PHL,ECCS,2019,2026-04-01,synthetic revision
11696,POL,ECCS,2019,2026-04-01,synthetic revision
11697,PRT,ECCS,2019,2026-04-01,synthetic revision
11698,PRI,ECCS,2019,2026-04-01,synthetic revision
11699,QAT,ECCS,2019,2026-04-01,synthetic revision
11700,ROU,ECCS,2019,2026-04-01,synthetic revision
11701,RUS,ECCS,2019,2026-04-01,synthetic revision
11702,SPM,ECCS,2019,2026-04-01,synthetic revision
11703,WSM,ECCS,2019,2026-04-01,synthetic revision
11704,SMR,ECCS,2019,2026-04-01,synthetic revision
11705,STP,ECCS,2019,2026-04-01,synthetic revision
11706,SAU,ECCS,2019,2026-04-01,synthetic revision
11707,SEN,ECCS,2019,2026-04-01,synthetic revision
11708,SRB,ECCS,2019,2026-04-01,synthetic revision
11709,SYC,ECCS,2019,2026-04-01,synthetic revision
11710,SLE,ECCS,2019,2026-04-01,synthetic revision
11711,SGP,ECCS,2019,2026-04-01,synthetic revision
11712,SVK,ECCS,2019,2026-04-01,synthetic revision
11713,SVN,ECCS,2019,2026-04-01,synthetic revision
11714,SLB,ECCS,2019,2026-04-01,synthetic revision
11715,SOM,ECCS,2019,2026-04-01,synthetic revision
11716,ZAF,ECCS,2019,2026-04-01,synthetic revision
11717,SSD,ECCS,2019,2026-04-01,synthetic revision
11718,ESP,ECCS,2019,2026-04-01,synthetic revision
11719,LKA,ECCS,2019,2026-04-01,synthetic revision
11720,KNA,ECCS,2019,2026-04-01,synthetic revision
11721,LCA,ECCS,2019,2026-04-01,synthetic revision
11722,VCT,ECCS,2019,2026-04-01,synthetic revision
11723,SDN,ECCS,2019,2026-04-01,synthetic revision
11724,SUR,ECCS,2019,2026-04-01,synthetic revision
11725,SJM,ECCS,2019,2026-04-01,synthetic revision
11726,SWE,ECCS,2019,2026-04-01,synthetic revision
11727,CHE,ECCS,2019,2026-04-01,synthetic revision
11728,SYR,ECCS,2019,2026-04-01,synthetic revision
11729,TWN,ECCS,2019,2026-04-01,synthetic revision
11730,TJK,ECCS,2019,2026-04-01,synthetic revision
11731,TZA,ECCS,2019,2026-04-01,synthetic revision
11732,THA,ECCS,2019,2026-04-01,synthetic revision
11733,TLS,ECCS,2019,2026-04-01,synthetic revision
11734,TGO,ECCS,2019,2026-04-01,synthetic revision
11735,TON,ECCS,2019,2026-04-01,synthetic revision
11736,TTO,ECCS,2019,2026-04-01,synthetic revision
11737,TUN,ECCS,2019,2026-04-01,synthetic revision
11738,TKM,ECCS,2019,2026-04-01,synthetic revision
11739,TUV,ECCS,2019,2026-04-01,synthetic revision
11740,UGA,ECCS,2019,2026-04-01,synthetic revision
11741,UKR,ECCS,2019,2026-04-01,synthetic revision
11742,ARE,ECCS,2019,2026-04-01,synthetic revision
11743,GBR,ECCS,2019,2026-04-01,synthetic revision
11744,USA,ECCS,2019,2026-04-01,synthetic revision
11745,VIR,ECCS,2019,2026-04-01,synthetic revision
11746,URY,ECCS,2019,2026-04-01,synthetic revision
11747,UZB,ECCS,2019,2026-04-01,synthetic revision
11748,VUT,ECCS,2019,2026-04-01,synthetic revision
11749,VEN,ECCS,2019,2026-04-01,synthetic revision
11750,VNM,ECCS,2019,2026-04-01,synthetic revision
11751,WLF,ECCS,2019,2026-04-01,synthetic revision
11752,PSE,ECCS,2019,2026-04-01,synthetic revision
11753,ESH,ECCS,2019,2026-04-01,synthetic revision
11754,ZMB,ECCS,2019,2026-04-01,synthetic revision
11755,ZWE,ECCS,2019,2026-04-01,synthetic revision
11756,AFG,ECCS,2020,2026-04-01,synthetic revision
11757,ALB,ECCS,2020,2026-04-01,synthetic revision
11758,DZA,ECCS,2020,2026-04-01,synthetic revision
11759,ASM,ECCS,2020,2026-04-01,synthetic revision
11760,AND,ECCS,2020,2026-04-01,synthetic revision
11761,AGO,ECCS,2020,2026-04-01,synthetic revision
11762,AIA,ECCS,2020,2026-04-01,synthetic revision
11763,ATG,ECCS,2020,2026-04-01,synthetic revision
11764,ARG,ECCS,2020,2026-04-01,synthetic revision
11765,ARM,ECCS,2020,2026-04-01,synthetic revision
11766,ABW,ECCS,2020,2026-04-01,synthetic revision
11767,AUS,ECCS,2020,2026-04-01,synthetic revision
11768,AUT,ECCS,2020,2026-04-01,synthetic revision
11769,AZE,ECCS,2020,2026-04-01,synthetic revision
11770,BHS,ECCS,2020,2026-04-01,synthetic revision
11771,BHR,ECCS,2020,2026-04-01,synthetic revision
11772,BGD,ECCS,2020,2026-04-01,synthetic revision
11773,BRB,ECCS,2020,2026-04-01,synthetic revision
11774,BLR,ECCS,2020,2026-04-01,synthetic revision
11775,BEL,ECCS,2020,2026-04-01,synthetic revision
11776,BLZ,ECCS,2020,2026-04-01,synthetic revision
11777,BEN,ECCS,2020,2026-04-01,synthetic revision
11778,BTN,ECCS,2020,2026-04-01,synthetic revision
11779,BOL,ECCS,2020,2026-04-01,synthetic revision
11780,BIH,ECCS,2020,2026-04-01,synthetic revision
11781,BWA,ECCS,2020,2026-04-01,synthetic revision
11782,BRA,ECCS,2020,2026-04-01,synthetic revision
11783,VGB,ECCS,2020,2026-04-01,synthetic revision
11784,BRN,ECCS,2020,2026-04-01,synthetic revision
11785,BGR,ECCS,2020,2026-04-01,synthetic revision
11786,BFA,ECCS,2020,2026-04-01,synthetic revision
11787,KHM,ECCS,2020,2026-04-01,synthetic revision
11788,CMR,ECCS,2020,2026-04-01,synthetic revision
11789,CAN,ECCS,2020,2026-04-01,synthetic revision
11790,CYM,ECCS,2020,2026-04-01,synthetic revision
11791,CAF,ECCS,2020,2026-04-01,synthetic revision
11792,TCD,ECCS,2020,2026-04-01,synthetic revision
11793,CHL,ECCS,2020,2026-04-01,synthetic revision
11794,HKG,ECCS,2020,2026-04-01,synthetic revision
11795,MAC,ECCS,2020,2026-04-01,synthetic revision
11796,CHN,ECCS,2020,2026-04-01,synthetic revision
11797,COL,ECCS,2020,2026-04-01,synthetic revision
11798,COM,ECCS,2020,2026-04-01,synthetic revision
11799,COD,ECCS,2020,2026-04-01,synthetic revision
11800,COG,ECCS,2020,2026-04-01,synthetic revision
11801,COK,ECCS,2020,2026-04-01,synthetic revision
11802,CRI,ECCS,2020,2026-04-01,synthetic revision
11803,HRV,ECCS,2020,2026-04-01,synthetic revision
11804,CUB,ECCS,2020,2026-04-01,synthetic revision
11805,CYP,ECCS,2020,2026-04-01,synthetic revision
11806,CZE,ECCS,2020,2026-04-01,synthetic revision
11807,DNK,ECCS,2020,2026-04-01,synthetic revision
11808,DJI,ECCS,2020,2026-04-01,synthetic revision
11809,DMA,ECCS,2020,2026-04-01,synthetic revision
11810,DOM,ECCS,2020,2026-04-01,synthetic revision
11811,ECU,ECCS,2020,2026-04-01,synthetic revision
11812,EGY,ECCS,2020,2026-04-01,synthetic revision
11813,SLV,ECCS,2020,2026-04-01,synthetic revision
11814,GNQ,ECCS,2020,2026-04-01,synthetic revision
11815,EST,ECCS,2020,2026-04-01,synthetic revision
11816,SWZ,ECCS,2020,2026-04-01,synthetic revision
11817,ETH,ECCS,2020,2026-04-01,synthetic revision
11818,FRO,ECCS,2020,2026-04-01,synthetic revision
11819,FJI,ECCS,2020,2026-04-01,synthetic revision
11820,FIN,ECCS,2020,2026-04-01,synthetic revision
11821,FRA,ECCS,2020,2026-04-01,synthetic revision
11822,PYF,ECCS,2020,2026-04-01,synthetic revision
11823,GAB,ECCS,2020,2026-04-01,synthetic revision
11824,GMB,ECCS,2020,2026-04-01,synthetic revision
11825,GEO,ECCS,2020,2026-04-01,synthetic revision
11826,DEU,ECCS,2020,2026-04-01,synthetic revision
11827,GHA,ECCS,2020,2026-04-01,synthetic revision
11828,GIB,ECCS,2020,2026-04-01,synthetic revision
11829,GRC,ECCS,2020,2026-04-01,synthetic revision
11830,GRL,ECCS,2020,2026-04-01,synthetic revision
11831,GRD,ECCS,2020,2026-04-01,synthetic revision
11832,GLP,ECCS,2020,2026-04-01,synthetic revision
11833,GTM,ECCS,2020,2026-04-01,synthetic revision
11834,GUF,ECCS,2020,2026-04-01,synthetic revision
11835,GIN,ECCS,2020,2026-04-01,synthetic revision
11836,GNB,ECCS,2020,2026-04-01,synthetic revision
11837,GUY,ECCS,2020,2026-04-01,synthetic revision
11838,HTI,ECCS,2020,2026-04-01,synthetic revision
11839,VAT,ECCS,2020,2026-04-01,synthetic revision
11840,HND,ECCS,2020,2026-04-01,synthetic revision
11841,HUN,ECCS,2020,2026-04-01,synthetic revision
11842,ISL,ECCS,2020,2026-04-01,synthetic revision
11843,IND,ECCS,2020,2026-04-01,synthetic revision
11844,IDN,ECCS,2020,2026-04-01,synthetic revision
11845,IRN,ECCS,2020,2026-04-01,synthetic revision
11846,IRQ,ECCS,2020,2026-04-01,synthetic revision
11847,IRL,ECCS,2020,2026-04-01,synthetic revision
11848,IMN,ECCS,2020,2026-04-01,synthetic revision
11849,ISR,ECCS,2020,2026-04-01,synthetic revision
11850,ITA,ECCS,2020,2026-04-01,synthetic revision
11851,JAM,ECCS,2020,2026-04-01,synthetic revision
11852,JPN,ECCS,2020,2026-04-01,synthetic revision
11853,JOR,ECCS,2020,2026-04-01,synthetic revision
11854,KAZ,ECCS,2020,2026-04-01,synthetic revision
11855,KEN,ECCS,2020,2026-04-01,synthetic revision
11856,KIR,ECCS,2020,2026-04-01,synthetic revision
11857,PRK,ECCS,2020,2026-04-01,synthetic revision
11858,KOR,ECCS,2020,2026-04-01,synthetic revision
11859,KWT,ECCS,2020,2026-04-01,synthetic revision
11860,KGZ,ECCS,2020,2026-04-01,synthetic revision
11861,LAO,ECCS,2020,2026-04-01,synthetic revision
11862,LVA,ECCS,2020,2026-04-01,synthetic revision
11863,LBN,ECCS,2020,2026-04-01,synthetic revision
11864,LSO,ECCS,2020,2026-04-01,synthetic revision
11865,LBR,ECCS,2020,2026-04-01,synthetic revision
11866,LBY,ECCS,2020,2026-04-01,synthetic revision
11867,LIE,ECCS,2020,2026-04-01,synthetic revision
11868,LTU,ECCS,2020,2026-04-01,synthetic revision
11869,LUX,ECCS,2020,2026-04-01,synthetic revision
11870,MDG,ECCS,2020,2026-04-01,synthetic revision
11871,MWI,ECCS,2020,2026-04-01,synthetic revision
11872,MYS,ECCS,2020,2026-04-01,synthetic revision
11873,MDV,ECCS,2020,2026-04-01,synthetic revision
11874,MLI,ECCS,2020,2026-04-01,synthetic revision
11875,MLT,ECCS,2020,2026-04-01,synthetic revision
11876,MHL,ECCS,2020,2026-04-01,synthetic revision
11877,MTQ,ECCS,2020,2026-04-01,synthetic revision
11878,MRT,ECCS,2020,2026-04-01,synthetic revision
11879,MUS,ECCS,2020,2026-04-01,synthetic revision
11880,MYT,ECCS,2020,2026-04-01,synthetic revision
11881,MEX,ECCS,2020,2026-04-01,synthetic revision
11882,FSM,ECCS,2020,2026-04-01,synthetic revision
11883,MDA,ECCS,2020,2026-04-01,synthetic revision
11884,MCO,ECCS,2020,2026-04-01,synthetic revision
11885,MNG,ECCS,2020,2026-04-01,synthetic revision
11886,MNE,ECCS,2020,2026-04-01,synthetic revision
11887,MSR,ECCS,2020,2026-04-01,synthetic revision
11888,MAR,ECCS,2020,2026-04-01,synthetic revision
11889,MOZ,ECCS,2020,2026-04-01,synthetic revision
11890,MMR,ECCS,2020,2026-04-01,synthetic revision
11891,NPL,ECCS,2020,2026-04-01,synthetic revision
11892,NLD,ECCS,2020,2026-04-01,synthetic revision
11893,NCL,ECCS,2020,2026-04-01,synthetic revision
11894,NZL,ECCS,2020,2026-04-01,synthetic revision
11895,NIC,ECCS,2020,2026-04-01,synthetic revision
11896,NER,ECCS,2020,2026-04-01,synthetic revision
11897,NGA,ECCS,2020,2026-04-01,synthetic revision
11898,NFK,ECCS,2020,2026-04-01,synthetic revision
11899,MKD,ECCS,2020,2026-04-01,synthetic revision
11900,NOR,ECCS,2020,2026-04-01,synthetic revision
11901,OMN,ECCS,2020,2026-04-01,synthetic revision
11902,PAK,ECCS,2020,2026-04-01,synthetic revision
11903,PAN,ECCS,2020,2026-04-01,synthetic revision
11904,PNG,ECCS,2020,2026-04-01,synthetic revision
11905,PRY,ECCS,2020,2026-04-01,synthetic revision
11906,PER,ECCS,2020,2026-04-01,synthetic revision
11907,PHL,ECCS,2020,2026-04-01,synthetic revision
11908,POL,ECCS,2020,2026-04-01,synthetic revision
11909,PRT,ECCS,2020,2026-04-01,synthetic revision
11910,PRI,ECCS,2020,2026-04-01,synthetic revision
11911,QAT,ECCS,2020,2026-04-01,synthetic revision
11912,ROU,ECCS,2020,2026-04-01,synthetic revision
11913,RUS,ECCS,2020,2026-04-01,synthetic revision
11914,SPM,ECCS,2020,2026-04-01,synthetic revision
11915,WSM,ECCS,2020,2026-04-01,synthetic revision
11916,SMR,ECCS,2020,2026-04-01,synthetic revision
11917,STP,ECCS,2020,2026-04-01,synthetic revision
11918,SAU,ECCS,2020,2026-04-01,synthetic revision
11919,SEN,ECCS,2020,2026-04-01,synthetic revision
11920,SRB,ECCS,2020,2026-04-01,synthetic revision
11921,SYC,ECCS,2020,2026-04-01,synthetic revision
11922,SLE,ECCS,2020,2026-04-01,synthetic revision
11923,SGP,ECCS,2020,2026-04-01,synthetic revision
11924,SVK,ECCS,2020,2026-04-01,synthetic revision
11925,SVN,ECCS,2020,2026-04-01,synthetic revision
11926,SLB,ECCS,2020,2026-04-01,synthetic revision
11927,SOM,ECCS,2020,2026-04-01,synthetic revision
11928,ZAF,ECCS,2020,2026-04-01,synthetic revision
11929,SSD,ECCS,2020,2026-04-01,synthetic revision
11930,ESP,ECCS,2020,2026-04-01,synthetic revision
11931,LKA,ECCS,2020,2026-04-01,synthetic revision
11932,KNA,ECCS,2020,2026-04-01,synthetic revision
11933,LCA,ECCS,2020,2026-04-01,synthetic revision
11934,VCT,ECCS,2020,2026-04-01,synthetic revision
11935,SDN,ECCS,2020,2026-04-01,synthetic revision
11936,SUR,ECCS,2020,2026-04-01,synthetic revision
11937,SJM,ECCS,2020,2026-04-01,synthetic revision
11938,SWE,ECCS,2020,2026-04-01,synthetic revision
11939,CHE,ECCS,2020,2026-04-01,synthetic revision
11940,SYR,ECCS,2020,2026-04-01,synthetic revision
11941,TWN,ECCS,2020,2026-04-01,synthetic revision
11942,TJK,ECCS,2020,2026-04-01,synthetic revision
11943,TZA,ECCS,2020,2026-04-01,synthetic revision
11944,THA,ECCS,2020,2026-04-01,synthetic revision
11945,TLS,ECCS,2020,2026-04-01,synthetic revision
11946,TGO,ECCS,2020,2026-04-01,synthetic revision
11947,TON,ECCS,2020,2026-04-01,synthetic revision
11948,TTO,ECCS,2020,2026-04-01,synthetic revision
11949,TUN,ECCS,2020,2026-04-01,synthetic revision
11950,TKM,ECCS,2020,2026-04-01,synthetic revision
11951,TUV,ECCS,2020,2026-04-01,synthetic revision
11952,UGA,ECCS,2020,2026-04-01,synthetic revision
11953,UKR,ECCS,2020,2026-04-01,synthetic revision
11954,ARE,ECCS,2020,2026-04-01,synthetic revision
11955,GBR,ECCS,2020,2026-04-01,synthetic revision
11956,USA,ECCS,2020,2026-04-01,synthetic revision
11957,VIR,ECCS,2020,2026-04-01,synthetic revision
11958,URY,ECCS,2020,2026-04-01,synthetic revision
11959,UZB,ECCS,2020,2026-04-01,synthetic revision
11960,VUT,ECCS,2020,2026-04-01,synthetic revision
11961,VEN,ECCS,2020,2026-04-01,synthetic revision
11962,VNM,ECCS,2020,2026-04-01,synthetic revision
11963,WLF,ECCS,2020,2026-04-01,synthetic revision
11964,PSE,ECCS,2020,2026-04-01,synthetic revision
11965,ESH,ECCS,2020,2026-04-01,synthetic revision
11966,ZMB,ECCS,2020,2026-04-01,synthetic revision
11967,ZWE,ECCS,2020,2026-04-01,synthetic revision
11968,AFG,ECCS,2021,2026-04-01,synthetic revision
11969,ALB,ECCS,2021,2026-04-01,synthetic revision
11970,DZA,ECCS,2021,2026-04-01,synthetic revision
11971,ASM,ECCS,2021,2026-04-01,synthetic revision
11972,AND,ECCS,2021,2026-04-01,synthetic revision
11973,AGO,ECCS,2021,2026-04-01,synthetic revision
11974,AIA,ECCS,2021,2026-04-01,synthetic revision
11975,ATG,ECCS,2021,2026-04-01,synthetic revision
11976,ARG,ECCS,2021,2026-04-01,synthetic revision
11977,ARM,ECCS,2021,2026-04-01,synthetic revision
11978,AUS,ECCS,2021,2026-04-01,synthetic revision
11979,AUT,ECCS,2021,2026-04-01,synthetic revision
11980,AZE,ECCS,2021,2026-04-01,synthetic revision
11981,BHS,ECCS,2021,2026-04-01,synthetic revision
11982,BHR,ECCS,2021,2026-04-01,synthetic revision
11983,BGD,ECCS,2021,2026-04-01,synthetic revision
11984,BRB,ECCS,2021,2026-04-01,synthetic revision
11985,BLR,ECCS,2021,2026-04-01,synthetic revision
11986,BEL,ECCS,2021,2026-04-01,synthetic revision
11987,BLZ,ECCS,2021,2026-04-01,synthetic revision
11988,BEN,ECCS,2021,2026-04-01,synthetic revision
11989,BTN,ECCS,2021,2026-04-01,synthetic revision
11990,BOL,ECCS,2021,2026-04-01,synthetic revision
11991,BIH,ECCS,2021,2026-04-01,synthetic revision
11992,BWA,ECCS,2021,2026-04-01,synthetic revision
11993,BRA,ECCS,2021,2026-04-01,synthetic revision
11994,VGB,ECCS,2021,2026-04-01,synthetic revision
11995,BRN,ECCS,2021,2026-04-01,synthetic revision
11996,BGR,ECCS,2021,2026-04-01,synthetic revision
11997,BFA,ECCS,2021,2026-04-01,synthetic revision
11998,CPV,ECCS,2021,2026-04-01,synthetic revision
11999,KHM,ECCS,2021,2026-04-01,synthetic revision
12000,CMR,ECCS,2021,2026-04-01,synthetic revision
12001,CAN,ECCS,2021,2026-04-01,synthetic revision
12002,CYM,ECCS,2021,2026-04-01,synthetic revision
12003,CAF,ECCS,2021,2026-04-01,synthetic revision
12004,TCD,ECCS,2021,2026-04-01,synthetic revision
12005,CHL,ECCS,2021,2026-04-01,synthetic revision
12006,HKG,ECCS,2021,2026-04-01,synthetic revision
12007,MAC,ECCS,2021,2026-04-01,synthetic revision
12008,CHN,ECCS,2021,2026-04-01,synthetic revision
12009,COL,ECCS,2021,2026-04-01,synthetic revision
12010,COM,ECCS,2021,2026-04-01,synthetic revision
12011,COD,ECCS,2021,2026-04-01,synthetic revision
12012,COG,ECCS,2021,2026-04-01,synthetic revision
12013,COK,ECCS,2021,2026-04-01,synthetic revision
12014,CRI,ECCS,2021,2026-04-01,synthetic revision
12015,HRV,ECCS,2021,2026-04-01,synthetic revision
12016,CUB,ECCS,2021,2026-04-01,synthetic revision
12017,CYP,ECCS,2021,2026-04-01,synthetic revision
12018,CZE,ECCS,2021,2026-04-01,synthetic revision
12019,DNK,ECCS,2021,2026-04-01,synthetic revision
12020,DJI,ECCS,2021,2026-04-01,synthetic revision
12021,DMA,ECCS,2021,2026-04-01,synthetic revision
12022,DOM,ECCS,2021,2026-04-01,synthetic revision
12023,ECU,ECCS,2021,2026-04-01,synthetic revision
12024,EGY,ECCS,2021,2026-04-01,synthetic revision
12025,SLV,ECCS,2021,2026-04-01,synthetic revision
12026,GNQ,ECCS,2021,2026-04-01,synthetic revision
12027,ERI,ECCS,2021,2026-04-01,synthetic revision
12028,EST,ECCS,2021,2026-04-01,synthetic revision
12029,SWZ,ECCS,2021,2026-04-01,synthetic revision
12030,ETH,ECCS,2021,2026-04-01,synthetic revision
12031,FRO,ECCS,2021,2026-04-01,synthetic revision
12032,FJI,ECCS,2021,2026-04-01,synthetic revision
12033,FIN,ECCS,2021,2026-04-01,synthetic revision
12034,FRA,ECCS,2021,2026-04-01,synthetic revision
12035,PYF,ECCS,2021,2026-04-01,synthetic revision
12036,GAB,ECCS,2021,2026-04-01,synthetic revision
12037,GMB,ECCS,2021,2026-04-01,synthetic revision
12038,GEO,ECCS,2021,2026-04-01,synthetic revision
12039,DEU,ECCS,2021,2026-04-01,synthetic revision
12040,GHA,ECCS,2021,2026-04-01,synthetic revision
12041,GIB,ECCS,2021,2026-04-01,synthetic revision
12042,GRC,ECCS,2021,2026-04-01,synthetic revision
12043,GRL,ECCS,2021,2026-04-01,synthetic revision
12044,GRD,ECCS,2021,2026-04-01,synthetic revision
12045,GLP,ECCS,2021,2026-04-01,synthetic revision
12046,GTM,ECCS,2021,2026-04-01,synthetic revision
12047,GUF,ECCS,2021,2026-04-01,synthetic revision
12048,GIN,ECCS,2021,2026-04-01,synthetic revision
12049,GNB,ECCS,2021,2026-04-01,synthetic revision
12050,GUY,ECCS,2021,2026-04-01,synthetic revision
12051,HTI,ECCS,2021,2026-04-01,synthetic revision
12052,VAT,ECCS,2021,2026-04-01,synthetic revision
12053,HND,ECCS,2021,2026-04-01,synthetic revision
12054,HUN,ECCS,2021,2026-04-01,synthetic revision
12055,ISL,ECCS,2021,2026-04-01,synthetic revision
12056,IND,ECCS,2021,2026-04-01,synthetic revision
12057,IDN,ECCS,2021,2026-04-01,synthetic revision
12058,IRN,ECCS,2021,2026-04-01,synthetic revision
12059,IRQ,ECCS,2021,2026-04-01,synthetic revision
12060,IRL,ECCS,2021,2026-04-01,synthetic revision
12061,IMN,ECCS,2021,2026-04-01,synthetic revision
12062,ISR,ECCS,2021,2026-04-01,synthetic revision
12063,ITA,ECCS,2021,2026-04-01,synthetic revision
12064,JAM,ECCS,2021,2026-04-01,synthetic revision
12065,JPN,ECCS,2021,2026-04-01,synthetic revision
12066,JOR,ECCS,2021,2026-04-01,synthetic revision
12067,KAZ,ECCS,2021,2026-04-01,synthetic revision
12068,KEN,ECCS,2021,2026-04-01,synthetic revision
12069,KIR,ECCS,2021,2026-04-01,synthetic revision
12070,PRK,ECCS,2021,2026-04-01,synthetic revision
12071,KOR,ECCS,2021,2026-04-01,synthetic revision
12072,KWT,ECCS,2021,2026-04-01,synthetic revision
12073,KGZ,ECCS,2021,2026-04-01,synthetic revision
12074,LAO,ECCS,2021,2026-04-01,synthetic revision
12075,LVA,ECCS,2021,2026-04-01,synthetic revision
12076,LBN,ECCS,2021,2026-04-01,synthetic revision
12077,LSO,ECCS,2021,2026-04-01,synthetic revision
12078,LBR,ECCS,2021,2026-04-01,synthetic revision
12079,LBY,ECCS,2021,2026-04-01,synthetic revision
12080,LIE,ECCS,2021,2026-04-01,synthetic revision
12081,LTU,ECCS,2021,2026-04-01,synthetic revision
12082,LUX,ECCS,2021,2026-04-01,synthetic revision
12083,MDG,ECCS,2021,2026-04-01,synthetic revision
12084,MWI,ECCS,2021,2026-04-01,synthetic revision
12085,MYS,ECCS,2021,2026-04-01,synthetic revision
12086,MDV,ECCS,2021,2026-04-01,synthetic revision
12087,MLI,ECCS,2021,2026-04-01,synthetic revision
12088,MLT,ECCS,2021,2026-04-01,synthetic revision
12089,MHL,ECCS,2021,2026-04-01,synthetic revision
12090,MTQ,ECCS,2021,2026-04-01,synthetic revision
12091,MRT,ECCS,2021,2026-04-01,synthetic revision
12092,MUS,ECCS,2021,2026-04-01,synthetic revision
12093,MYT,ECCS,2021,2026-04-01,synthetic revision
12094,MEX,ECCS,2021,2026-04-01,synthetic revision
12095,FSM,ECCS,2021,2026-04-01,synthetic revision
12096,MDA,ECCS,2021,2026-04-01,synthetic revision
12097,MCO,ECCS,2021,2026-04-01,synthetic revision
12098,MNG,ECCS,2021,2026-04-01,synthetic revision
12099,MNE,ECCS,2021,2026-04-01,synthetic revision
12100,MSR,ECCS,2021,2026-04-01,synthetic revision
12101,MAR,ECCS,2021,2026-04-01,synthetic revision
12102,MOZ,ECCS,2021,2026-04-01,synthetic revision
12103,MMR,ECCS,2021,2026-04-01,synthetic revision
12104,NPL,ECCS,2021,2026-04-01,synthetic revision
12105,NLD,ECCS,2021,2026-04-01,synthetic revision
12106,NCL,ECCS,2021,2026-04-01,synthetic revision
12107,NZL,ECCS,2021,2026-04-01,synthetic revision
12108,NIC,ECCS,2021,2026-04-01,synthetic revision
12109,NER,ECCS,2021,2026-04-01,synthetic revision
12110,NGA,ECCS,2021,2026-04-01,synthetic revision
12111,NFK,ECCS,2021,2026-04-01,synthetic revision
12112,MKD,ECCS,2021,2026-04-01,synthetic revision
12113,NOR,ECCS,2021,2026-04-01,synthetic revision
12114,OMN,ECCS,2021,2026-04-01,synthetic revision
12115,PAK,ECCS,2021,2026-04-01,synthetic revision
12116,PLW,ECCS,2021,2026-04-01,synthetic revision
12117,PAN,ECCS,2021,2026-04-01,synthetic revision
12118,PNG,ECCS,2021,2026-04-01,synthetic revision
12119,PRY,ECCS,2021,2026-04-01,synthetic revision
12120,PER,ECCS,2021,2026-04-01,synthetic revision
12121,PHL,ECCS,2021,2026-04-01,synthetic revision
12122,POL,ECCS,2021,2026-04-01,synthetic revision
12123,PRT,ECCS,2021,2026-04-01,synthetic revision
12124,PRI,ECCS,2021,2026-04-01,synthetic revision
12125,QAT,ECCS,2021,2026-04-01,synthetic revision
12126,ROU,ECCS,2021,2026-04-01,synthetic revision
12127,RUS,ECCS,2021,2026-04-01,synthetic revision
12128,SPM,ECCS,2021,2026-04-01,synthetic revision
12129,WSM,ECCS,2021,2026-04-01,synthetic revision
12130,SMR,ECCS,2021,2026-04-01,synthetic revision
12131,STP,ECCS,2021,2026-04-01,synthetic revision
12132,SAU,ECCS,2021,2026-04-01,synthetic revision
12133,SEN,ECCS,2021,2026-04-01,synthetic revision
12134,SRB,ECCS,2021,2026-04-01,synthetic revision
12135,SYC,ECCS,2021,2026-04-01,synthetic revision
12136,SLE,ECCS,2021,2026-04-01,synthetic revision
12137,SGP,ECCS,2021,2026-04-01,synthetic revision
12138,SVK,ECCS,2021,2026-04-01,synthetic revision
12139,SVN,ECCS,2021,2026-04-01,synthetic revision
12140,SLB,ECCS,2021,2026-04-01,synthetic revision
12141,SOM,ECCS,2021,2026-04-01,synthetic revision
12142,ZAF,ECCS,2021,2026-04-01,synthetic revision
12143,SSD,ECCS,2021,2026-04-01,synthetic revision
12144,ESP,ECCS,2021,2026-04-01,synthetic revision
12145,LKA,ECCS,2021,2026-04-01,synthetic revision
12146,KNA,ECCS,2021,2026-04-01,synthetic revision
12147,LCA,ECCS,2021,2026-04-01,synthetic revision
12148,VCT,ECCS,2021,2026-04-01,synthetic revision
12149,SDN,ECCS,2021,2026-04-01,synthetic revision
12150,SUR,ECCS,2021,2026-04-01,synthetic revision
12151,SJM,ECCS,2021,2026-04-01,synthetic revision
12152,SWE,ECCS,2021,2026-04-01,synthetic revision
12153,CHE,ECCS,2021,2026-04-01,synthetic revision
12154,SYR,ECCS,2021,2026-04-01,synthetic revision
12155,TWN,ECCS,2021,2026-04-01,synthetic revision
12156,TJK,ECCS,2021,2026-04-01,synthetic revision
12157,TZA,ECCS,2021,2026-04-01,synthetic revision
12158,THA,ECCS,2021,2026-04-01,synthetic revision
12159,TLS,ECCS,2021,2026-04-01,synthetic revision
12160,TGO,ECCS,2021,2026-04-01,synthetic revision
12161,TON,ECCS,2021,2026-04-01,synthetic revision
12162,TTO,ECCS,2021,2026-04-01,synthetic revision
12163,TUN,ECCS,2021,2026-04-01,synthetic revision
12164,TKM,ECCS,2021,2026-04-01,synthetic revision
12165,TUV,ECCS,2021,2026-04-01,synthetic revision
12166,UGA,ECCS,2021,2026-04-01,synthetic revision
12167,UKR,ECCS,2021,2026-04-01,synthetic revision
12168,ARE,ECCS,2021,2026-04-01,synthetic revision
12169,GBR,ECCS,2021,2026-04-01,synthetic revision
12170,USA,ECCS,2021,2026-04-01,synthetic revision
12171,VIR,ECCS,2021,2026-04-01,synthetic revision
12172,URY,ECCS,2021,2026-04-01,synthetic revision
12173,UZB,ECCS,2021,2026-04-01,synthetic revision
12174,VUT,ECCS,2021,2026-04-01,synthetic revision
12175,VEN,ECCS,2021,2026-04-01,synthetic revision
12176,VNM,ECCS,2021,2026-04-01,synthetic revision
12177,WLF,ECCS,2021,2026-04-01,synthetic revision
12178,PSE,ECCS,2021,2026-04-01,synthetic revision
12179,ESH,ECCS,2021,2026-04-01,synthetic revision
12180,ZMB,ECCS,2021,2026-04-01,synthetic revision
12181,ZWE,ECCS,2021,2026-04-01,synthetic revision
12182,AFG,ECCS,2022,2026-04-01,synthetic revision
12183,ALB,ECCS,2022,2026-04-01,synthetic revision
12184,DZA,ECCS,2022,2026-04-01,synthetic revision
12185,ASM,ECCS,2022,2026-04-01,synthetic revision
12186,AND,ECCS,2022,2026-04-01,synthetic revision
12187,AGO,ECCS,2022,2026-04-01,synthetic revision
12188,AIA,ECCS,2022,2026-04-01,synthetic revision
12189,ATG,ECCS,2022,2026-04-01,synthetic revision
12190,ARG,ECCS,2022,2026-04-01,synthetic revision
12191,ARM,ECCS,2022,2026-04-01,synthetic revision
12192,AUS,ECCS,2022,2026-04-01,synthetic revision
12193,AUT,ECCS,2022,2026-04-01,synthetic revision
12194,AZE,ECCS,2022,2026-04-01,synthetic revision
12195,BHS,ECCS,2022,2026-04-01,synthetic revision
12196,BHR,ECCS,2022,2026-04-01,synthetic revision
12197,BGD,ECCS,2022,2026-04-01,synthetic revision
12198,BRB,ECCS,2022,2026-04-01,synthetic revision
12199,BLR,ECCS,2022,2026-04-01,synthetic revision
12200,BEL,ECCS,2022,2026-04-01,synthetic revision
12201,BLZ,ECCS,2022,2026-04-01,synthetic revision
12202,BEN,ECCS,2022,2026-04-01,synthetic revision
12203,BTN,ECCS,2022,2026-04-01,synthetic revision
12204,BOL,ECCS,2022,2026-04-01,synthetic revision
12205,BIH,ECCS,2022,2026-04-01,synthetic revision
12206,BWA,ECCS,2022,2026-04-01,synthetic revision
12207,BRA,ECCS,2022,2026-04-01,synthetic revision
12208,VGB,ECCS,2022,2026-04-01,synthetic revision
12209,BRN,ECCS,2022,2026-04-01,synthetic revision
12210,BGR,ECCS,2022,2026-04-01,synthetic revision
12211,BFA,ECCS,2022,2026-04-01,synthetic revision
12212,CPV,ECCS,2022,2026-04-01,synthetic revision
12213,KHM,ECCS,2022,2026-04-01,synthetic revision
12214,CMR,ECCS,2022,2026-04-01,synthetic revision
12215,CAN,ECCS,2022,2026-04-01,synthetic revision
12216,CYM,ECCS,2022,2026-04-01,synthetic revision
12217,CAF,ECCS,2022,2026-04-01,synthetic revision
12218,TCD,ECCS,2022,2026-04-01,synthetic revision
12219,CHL,ECCS,2022,2026-04-01,synthetic revision
12220,HKG,ECCS,2022,2026-04-01,synthetic revision
12221,MAC,ECCS,2022,2026-04-01,synthetic revision
12222,CHN,ECCS,2022,2026-04-01,synthetic revision
12223,COL,ECCS,2022,2026-04-01,synthetic revision
12224,COM,ECCS,2022,2026-04-01,synthetic revision
12225,COD,ECCS,2022,2026-04-01,synthetic revision
12226,COG,ECCS,2022,2026-04-01,synthetic revision
12227,COK,ECCS,2022,2026-04-01,synthetic revision
12228,CRI,ECCS,2022,2026-04-01,synthetic revision
12229,HRV,ECCS,2022,2026-04-01,synthetic revision
12230,CUB,ECCS,2022,2026-04-01,synthetic revision
12231,CYP,ECCS,2022,2026-04-01,synthetic revision
12232,CZE,ECCS,2022,2026-04-01,synthetic revision
12233,DNK,ECCS,2022,2026-04-01,synthetic revision
12234,DJI,ECCS,2022,2026-04-01,synthetic revision
12235,DMA,ECCS,2022,2026-04-01,synthetic revision
12236,DOM,ECCS,2022,2026-04-01,synthetic revision
12237,ECU,ECCS,2022,2026-04-01,synthetic revision
12238,EGY,ECCS,2022,2026-04-01,synthetic revision
12239,SLV,ECCS,2022,2026-04-01,synthetic revision
12240,GNQ,ECCS,2022,2026-04-01,synthetic revision
12241,ERI,ECCS,2022,2026-04-01,synthetic revision
12242,EST,ECCS,2022,2026-04-01,synthetic revision
12243,SWZ,ECCS,2022,2026-04-01,synthetic revision
12244,ETH,ECCS,2022,2026-04-01,synthetic revision
12245,FRO,ECCS,2022,2026-04-01,synthetic revision
12246,FJI,ECCS,2022,2026-04-01,synthetic revision
12247,FIN,ECCS,2022,2026-04-01,synthetic revision
12248,FRA,ECCS,2022,2026-04-01,synthetic revision
12249,PYF,ECCS,2022,2026-04-01,synthetic revision
12250,GAB,ECCS,2022,2026-04-01,synthetic revision
12251,GMB,ECCS,2022,2026-04-01,synthetic revision
12252,GEO,ECCS,2022,2026-04-01,synthetic revision
12253,DEU,ECCS,2022,2026-04-01,synthetic revision
12254,GHA,ECCS,2022,2026-04-01,synthetic revision
12255,GIB,ECCS,2022,2026-04-01,synthetic revision
12256,GRC,ECCS,2022,2026-04-01,synthetic revision
12257,GRL,ECCS,2022,2026-04-01,synthetic revision
12258,GRD,ECCS,2022,2026-04-01,synthetic revision
12259,GLP,ECCS,2022,2026-04-01,synthetic revision
12260,GTM,ECCS,2022,2026-04-01,synthetic revision
12261,GUF,ECCS,2022,2026-04-01,synthetic revision
12262,GIN,ECCS,2022,2026-04-01,synthetic revision
12263,GNB,ECCS,2022,2026-04-01,synthetic revision
12264,GUY,ECCS,2022,2026-04-01,synthetic revision
12265,HTI,ECCS,2022,2026-04-01,synthetic revision
12266,VAT,ECCS,2022,2026-04-01,synthetic revision
12267,HND,ECCS,2022,2026-04-01,synthetic revision
12268,HUN,ECCS,2022,2026-04-01,synthetic revision
12269,ISL,ECCS,2022,2026-04-01,synthetic revision
12270,IND,ECCS,2022,2026-04-01,synthetic revision
12271,IDN,ECCS,2022,2026-04-01,synthetic revision
12272,IRN,ECCS,2022,2026-04-01,synthetic revision
12273,IRQ,ECCS,2022,2026-04-01,synthetic revision
12274,IRL,ECCS,2022,2026-04-01,synthetic revision
12275,IMN,ECCS,2022,2026-04-01,synthetic revision
12276,ISR,ECCS,2022,2026-04-01,synthetic revision
12277,ITA,ECCS,2022,2026-04-01,synthetic revision
12278,JAM,ECCS,2022,2026-04-01,synthetic revision
12279,JPN,ECCS,2022,2026-04-01,synthetic revision
12280,JOR,ECCS,2022,2026-04-01,synthetic revision
12281,KAZ,ECCS,2022,2026-04-01,synthetic revision
12282,KEN,ECCS,2022,2026-04-01,synthetic revision
12283,KIR,ECCS,2022,2026-04-01,synthetic revision
12284,PRK,ECCS,2022,2026-04-01,synthetic revision
12285,KOR,ECCS,2022,2026-04-01,synthetic revision
12286,KWT,ECCS,2022,2026-04-01,synthetic revision
12287,KGZ,ECCS,2022,2026-04-01,synthetic revision
12288,LAO,ECCS,2022,2026-04-01,synthetic revision
12289,LVA,ECCS,2022,2026-04-01,synthetic revision
12290,LBN,ECCS,2022,2026-04-01,synthetic revision
12291,LSO,ECCS,2022,2026-04-01,synthetic revision
12292,LBR,ECCS,2022,2026-04-01,synthetic revision
12293,LBY,ECCS,2022,2026-04-01,synthetic revision
12294,LIE,ECCS,2022,2026-04-01,synthetic revision
12295,LTU,ECCS,2022,2026-04-01,synthetic revision
12296,LUX,ECCS,2022,2026-04-01,synthetic revision
12297,MDG,ECCS,2022,2026-04-01,synthetic revision
12298,MWI,ECCS,2022,2026-04-01,synthetic revision
12299,MYS,ECCS,2022,2026-04-01,synthetic revision
12300,MDV,ECCS,2022,2026-04-01,synthetic revision
12301,MLI,ECCS,2022,2026-04-01,synthetic revision
12302,MLT,ECCS,2022,2026-04-01,synthetic revision
12303,MHL,ECCS,2022,2026-04-01,synthetic revision
12304,MTQ,ECCS,2022,2026-04-01,synthetic revision
12305,MRT,ECCS,2022,2026-04-01,synthetic revision
12306,MUS,ECCS,2022,2026-04-01,synthetic revision
12307,MYT,ECCS,2022,2026-04-01,synthetic revision
12308,MEX,ECCS,2022,2026-04-01,synthetic revision
12309,FSM,ECCS,2022,2026-04-01,synthetic revision
12310,MDA,ECCS,2022,2026-04-01,synthetic revision
12311,MCO,ECCS,2022,2026-04-01,synthetic revision
12312,MNG,ECCS,2022,2026-04-01,synthetic revision
12313,MNE,ECCS,2022,2026-04-01,synthetic revision
12314,MSR,ECCS,2022,2026-04-01,synthetic revision
12315,MAR,ECCS,2022,2026-04-01,synthetic revision
12316,MOZ,ECCS,2022,2026-04-01,synthetic revision
12317,MMR,ECCS,2022,2026-04-01,synthetic revision
12318,NPL,ECCS,2022,2026-04-01,synthetic revision
12319,NLD,ECCS,2022,2026-04-01,synthetic revision
12320,NCL,ECCS,2022,2026-04-01,synthetic revision
12321,NZL,ECCS,2022,2026-04-01,synthetic revision
12322,NIC,ECCS,2022,2026-04-01,synthetic revision
12323,NER,ECCS,2022,2026-04-01,synthetic revision
12324,NGA,ECCS,2022,2026-04-01,synthetic revision
12325,NFK,ECCS,2022,2026-04-01,synthetic revision
12326,MKD,ECCS,2022,2026-04-01,synthetic revision
12327,NOR,ECCS,2022,2026-04-01,synthetic revision
12328,OMN,ECCS,2022,2026-04-01,synthetic revision
12329,PAK,ECCS,2022,2026-04-01,synthetic revision
12330,PLW,ECCS,2022,2026-04-01,synthetic revision
12331,PAN,ECCS,2022,2026-04-01,synthetic revision
12332,PNG,ECCS,2022,2026-04-01,synthetic revision
12333,PRY,ECCS,2022,2026-04-01,synthetic revision
12334,PER,ECCS,2022,2026-04-01,synthetic revision
12335,PHL,ECCS,2022,2026-04-01,synthetic revision
12336,POL,ECCS,2022,2026-04-01,synthetic revision
12337,PRT,ECCS,2022,2026-04-01,synthetic revision
12338,PRI,ECCS,2022,2026-04-01,synthetic revision
12339,QAT,ECCS,2022,2026-04-01,synthetic revision
12340,ROU,ECCS,2022,2026-04-01,synthetic revision
12341,RUS,ECCS,2022,2026-04-01,synthetic revision
12342,SPM,ECCS,2022,2026-04-01,synthetic revision
12343,WSM,ECCS,2022,2026-04-01,synthetic revision
12344,SMR,ECCS,2022,2026-04-01,synthetic revision
12345,STP,ECCS,2022,2026-04-01,synthetic revision
12346,SAU,ECCS,2022,2026-04-01,synthetic revision
12347,SEN,ECCS,2022,2026-04-01,synthetic revision
12348,SRB,ECCS,2022,2026-04-01,synthetic revision
12349,SYC,ECCS,2022,2026-04-01,synthetic revision
12350,SLE,ECCS,2022,2026-04-01,synthetic revision
12351,SGP,ECCS,2022,2026-04-01,synthetic revision
12352,SVK,ECCS,2022,2026-04-01,synthetic revision
12353,SVN,ECCS,2022,2026-04-01,synthetic revision
12354,SLB,ECCS,2022,2026-04-01,synthetic revision
12355,SOM,ECCS,2022,2026-04-01,synthetic revision
12356,ZAF,ECCS,2022,2026-04-01,synthetic revision
12357,SSD,ECCS,2022,2026-04-01,synthetic revision
12358,ESP,ECCS,2022,2026-04-01,synthetic revision
12359,LKA,ECCS,2022,2026-04-01,synthetic revision
12360,KNA,ECCS,2022,2026-04-01,synthetic revision
12361,LCA,ECCS,2022,2026-04-01,synthetic revision
12362,VCT,ECCS,2022,2026-04-01,synthetic revision
12363,SDN,ECCS,2022,2026-04-01,synthetic revision
12364,SUR,ECCS,2022,2026-04-01,synthetic revision
12365,SJM,ECCS,2022,2026-04-01,synthetic revision
12366,SWE,ECCS,2022,2026-04-01,synthetic revision
12367,CHE,ECCS,2022,2026-04-01,synthetic revision
12368,SYR,ECCS,2022,2026-04-01,synthetic revision
12369,TWN,ECCS,2022,2026-04-01,synthetic revision
12370,TJK,ECCS,2022,2026-04-01,synthetic revision
12371,TZA,ECCS,2022,2026-04-01,synthetic revision
12372,THA,ECCS,2022,2026-04-01,synthetic revision
12373,TLS,ECCS,2022,2026-04-01,synthetic revision
12374,TGO,ECCS,2022,2026-04-01,synthetic revision
12375,TON,ECCS,2022,2026-04-01,synthetic revision
12376,TTO,ECCS,2022,2026-04-01,synthetic revision
12377,TUN,ECCS,2022,2026-04-01,synthetic revision
12378,TKM,ECCS,2022,2026-04-01,synthetic revision
12379,TUV,ECCS,2022,2026-04-01,synthetic revision
12380,UGA,ECCS,2022,2026-04-01,synthetic revision
12381,UKR,ECCS,2022,2026-04-01,synthetic revision
12382,ARE,ECCS,2022,2026-04-01,synthetic revision
12383,GBR,ECCS,2022,2026-04-01,synthetic revision
12384,USA,ECCS,2022,2026-04-01,synthetic revision
12385,VIR,ECCS,2022,2026-04-01,synthetic revision
12386,URY,ECCS,2022,2026-04-01,synthetic revision
12387,UZB,ECCS,2022,2026-04-01,synthetic revision
12388,VUT,ECCS,2022,2026-04-01,synthetic revision
12389,VEN,ECCS,2022,2026-04-01,synthetic revision
12390,VNM,ECCS,2022,2026-04-01,synthetic revision
12391,WLF,ECCS,2022,2026-04-01,synthetic revision
12392,PSE,ECCS,2022,2026-04-01,synthetic revision
12393,ESH,ECCS,2022,2026-04-01,synthetic revision
12394,ZMB,ECCS,2022,2026-04-01,synthetic revision
12395,ZWE,ECCS,2022,2026-04-01,synthetic revision
12396,AFG,ECCS,2023,2026-04-01,synthetic revision
12397,ALB,ECCS,2023,2026-04-01,synthetic revision
12398,DZA,ECCS,2023,2026-04-01,synthetic revision
12399,ASM,ECCS,2023,2026-04-01,synthetic revision
12400,AND,ECCS,2023,2026-04-01,synthetic revision
12401,AGO,ECCS,2023,2026-04-01,synthetic revision
12402,AIA,ECCS,2023,2026-04-01,synthetic revision
12403,ATG,ECCS,2023,2026-04-01,synthetic revision
12404,ARG,ECCS,2023,2026-04-01,synthetic revision
12405,ARM,ECCS,2023,2026-04-01,synthetic revision
12406,AUS,ECCS,2023,2026-04-01,synthetic revision
12407,AUT,ECCS,2023,2026-04-01,synthetic revision
12408,AZE,ECCS,2023,2026-04-01,synthetic revision
12409,BHS,ECCS,2023,2026-04-01,synthetic revision
12410,BHR,ECCS,2023,2026-04-01,synthetic revision
12411,BGD,ECCS,2023,2026-04-01,synthetic revision
12412,BLR,ECCS,2023,2026-04-01,synthetic revision
12413,BEL,ECCS,2023,2026-04-01,synthetic revision
12414,BLZ,ECCS,2023,2026-04-01,synthetic revision
12415,BEN,ECCS,2023,2026-04-01,synthetic revision
12416,BTN,ECCS,2023,2026-04-01,synthetic revision
12417,BOL,ECCS,2023,2026-04-01,synthetic revision
12418,BIH,ECCS,2023,2026-04-01,synthetic revision
12419,BWA,ECCS,2023,2026-04-01,synthetic revision
12420,BRA,ECCS,2023,2026-04-01,synthetic revision
12421,VGB,ECCS,2023,2026-04-01,synthetic revision
12422,BRN,ECCS,2023,2026-04-01,synthetic revision
12423,BGR,ECCS,2023,2026-04-01,synthetic revision
12424,BFA,ECCS,2023,2026-04-01,synthetic revision
12425,CPV,ECCS,2023,2026-04-01,synthetic revision
12426,KHM,ECCS,2023,2026-04-01,synthetic revision
12427,CMR,ECCS,2023,2026-04-01,synthetic revision
12428,CAN,ECCS,2023,2026-04-01,synthetic revision
12429,CYM,ECCS,2023,2026-04-01,synthetic revision
12430,CAF,ECCS,2023,2026-04-01,synthetic revision
12431,TCD,ECCS,2023,2026-04-01,synthetic revision
12432,CHL,ECCS,2023,2026-04-01,synthetic revision
12433,HKG,ECCS,2023,2026-04-01,synthetic revision
12434,MAC,ECCS,2023,2026-04-01,synthetic revision
12435,CHN,ECCS,2023,2026-04-01,synthetic revision
12436,COL,ECCS,2023,2026-04-01,synthetic revision
12437,COM,ECCS,2023,2026-04-01,synthetic revision
12438,COD,ECCS,2023,2026-04-01,synthetic revision
12439,COG,ECCS,2023,2026-04-01,synthetic revision
12440,COK,ECCS,2023,2026-04-01,synthetic revision
12441,CRI,ECCS,2023,2026-04-01,synthetic revision
12442,HRV,ECCS,2023,2026-04-01,synthetic revision
12443,CUB,ECCS,2023,2026-04-01,synthetic revision
12444,CYP,ECCS,2023,2026-04-01,synthetic revision
12445,CZE,ECCS,2023,2026-04-01,synthetic revision
12446,DNK,ECCS,2023,2026-04-01,synthetic revision
12447,DJI,ECCS,2023,2026-04-01,synthetic revision
12448,DMA,ECCS,2023,2026-04-01,synthetic revision
12449,DOM,ECCS,2023,2026-04-01,synthetic revision
12450,ECU,ECCS,2023,2026-04-01,synthetic revision
12451,EGY,ECCS,2023,2026-04-01,synthetic revision
12452,SLV,ECCS,2023,2026-04-01,synthetic revision
12453,GNQ,ECCS,2023,2026-04-01,synthetic revision
12454,EST,ECCS,2023,2026-04-01,synthetic revision
12455,SWZ,ECCS,2023,2026-04-01,synthetic revision
12456,ETH,ECCS,2023,2026-04-01,synthetic revision
12457,FRO,ECCS,2023,2026-04-01,synthetic revision
12458,FJI,ECCS,2023,2026-04-01,synthetic revision
12459,FIN,ECCS,2023,2026-04-01,synthetic revision
12460,FRA,ECCS,2023,2026-04-01,synthetic revision
12461,PYF,ECCS,2023,2026-04-01,synthetic revision
12462,GAB,ECCS,2023,2026-04-01,synthetic revision
12463,GMB,ECCS,2023,2026-04-01,synthetic revision
12464,GEO,ECCS,2023,2026-04-01,synthetic revision
12465,DEU,ECCS,2023,2026-04-01,synthetic revision
12466,GHA,ECCS,2023,2026-04-01,synthetic revision
12467,GIB,ECCS,2023,2026-04-01,synthetic revision
12468,GRC,ECCS,2023,2026-04-01,synthetic revision
12469,GRL,ECCS,2023,2026-04-01,synthetic revision
12470,GRD,ECCS,2023,2026-04-01,synthetic revision
12471,GLP,ECCS,2023,2026-04-01,synthetic revision
12472,GTM,ECCS,2023,2026-04-01,synthetic revision
12473,GUF,ECCS,2023,2026-04-01,synthetic revision
12474,GIN,ECCS,2023,2026-04-01,synthetic revision
12475,GNB,ECCS,2023,2026-04-01,synthetic revision
12476,GUY,ECCS,2023,2026-04-01,synthetic revision
12477,HTI,ECCS,2023,2026-04-01,synthetic revision
12478,VAT,ECCS,2023,2026-04-01,synthetic revision
12479,HND,ECCS,2023,2026-04-01,synthetic revision
12480,HUN,ECCS,2023,2026-04-01,synthetic revision
12481,ISL,ECCS,2023,2026-04-01,synthetic revision
12482,IND,ECCS,2023,2026-04-01,synthetic revision
12483,IDN,ECCS,2023,2026-04-01,synthetic revision
12484,IRN,ECCS,2023,2026-04-01,synthetic revision
12485,IRQ,ECCS,2023,2026-04-01,synthetic revision
12486,IRL,ECCS,2023,2026-04-01,synthetic revision
12487,IMN,ECCS,2023,2026-04-01,synthetic revision
12488,ISR,ECCS,2023,2026-04-01,synthetic revision
12489,ITA,ECCS,2023,2026-04-01,synthetic revision
12490,JAM,ECCS,2023,2026-04-01,synthetic revision
12491,JPN,ECCS,2023,2026-04-01,synthetic revision
12492,JOR,ECCS,2023,2026-04-01,synthetic revision
12493,KAZ,ECCS,2023,2026-04-01,synthetic revision
12494,KEN,ECCS,2023,2026-04-01,synthetic revision
12495,KIR,ECCS,2023,2026-04-01,synthetic revision
12496,PRK,ECCS,2023,2026-04-01,synthetic revision
12497,KOR,ECCS,2023,2026-04-01,synthetic revision
12498,KWT,ECCS,2023,2026-04-01,synthetic revision
12499,KGZ,ECCS,2023,2026-04-01,synthetic revision
12500,LAO,ECCS,2023,2026-04-01,synthetic revision
12501,LVA,ECCS,2023,2026-04-01,synthetic revision
12502,LBN,ECCS,2023,2026-04-01,synthetic revision
12503,LSO,ECCS,2023,2026-04-01,synthetic revision
12504,LBR,ECCS,2023,2026-04-01,synthetic revision
12505,LBY,ECCS,2023,2026-04-01,synthetic revision
12506,LIE,ECCS,2023,2026-04-01,synthetic revision
12507,LTU,ECCS,2023,2026-04-01,synthetic revision
12508,LUX,ECCS,2023,2026-04-01,synthetic revision
12509,MDG,ECCS,2023,2026-04-01,synthetic revision
12510,MWI,ECCS,2023,2026-04-01,synthetic revision
12511,MYS,ECCS,2023,2026-04-01,synthetic revision
12512,MDV,ECCS,2023,2026-04-01,synthetic revision
12513,MLI,ECCS,2023,2026-04-01,synthetic revision
12514,MLT,ECCS,2023,2026-04-01,synthetic revision
12515,MHL,ECCS,2023,2026-04-01,synthetic revision
12516,MTQ,ECCS,2023,2026-04-01,synthetic revision
12517,MRT,ECCS,2023,2026-04-01,synthetic revision
12518,MUS,ECCS,2023,2026-04-01,synthetic revision
12519,MYT,ECCS,2023,2026-04-01,synthetic revision
12520,MEX,ECCS,2023,2026-04-01,synthetic revision
12521,FSM,ECCS,2023,2026-04-01,synthetic revision
12522,MDA,ECCS,2023,2026-04-01,synthetic revision
12523,MCO,ECCS,2023,2026-04-01,synthetic revision
12524,MNG,ECCS,2023,2026-04-01,synthetic revision
12525,MNE,ECCS,2023,2026-04-01,synthetic revision
12526,MSR,ECCS,2023,2026-04-01,synthetic revision
12527,MAR,ECCS,2023,2026-04-01,synthetic revision
12528,MOZ,ECCS,2023,2026-04-01,synthetic revision
12529,MMR,ECCS,2023,2026-04-01,synthetic revision
12530,NPL,ECCS,2023,2026-04-01,synthetic revision
12531,NLD,ECCS,2023,2026-04-01,synthetic revision
12532,NCL,ECCS,2023,2026-04-01,synthetic revision
12533,NZL,ECCS,2023,2026-04-01,synthetic revision
12534,NIC,ECCS,2023,2026-04-01,synthetic revision
12535,NER,ECCS,2023,2026-04-01,synthetic revision
12536,NGA,ECCS,2023,2026-04-01,synthetic revision
12537,NFK,ECCS,2023,2026-04-01,synthetic revision
12538,MKD,ECCS,2023,2026-04-01,synthetic revision
12539,NOR,ECCS,2023,2026-04-01,synthetic revision
12540,OMN,ECCS,2023,2026-04-01,synthetic revision
12541,PAK,ECCS,2023,2026-04-01,synthetic revision
12542,PLW,ECCS,2023,2026-04-01,synthetic revision
12543,PAN,ECCS,2023,2026-04-01,synthetic revision
12544,PNG,ECCS,2023,2026-04-01,synthetic revision
12545,PRY,ECCS,2023,2026-04-01,synthetic revision
12546,PER,ECCS,2023,2026-04-01,synthetic revision
12547,PHL,ECCS,2023,2026-04-01,synthetic revision
12548,POL,ECCS,2023,2026-04-01,synthetic revision
12549,PRT,ECCS,2023,2026-04-01,synthetic revision
12550,PRI,ECCS,2023,2026-04-01,synthetic revision
12551,QAT,ECCS,2023,2026-04-01,synthetic revision
12552,ROU,ECCS,2023,2026-04-01,synthetic revision
12553,RUS,ECCS,2023,2026-04-01,synthetic revision
12554,SPM,ECCS,2023,2026-04-01,synthetic revision
12555,WSM,ECCS,2023,2026-04-01,synthetic revision
12556,SMR,ECCS,2023,2026-04-01,synthetic revision
12557,STP,ECCS,2023,2026-04-01,synthetic revision
12558,SAU,ECCS,2023,2026-04-01,synthetic revision
12559,SEN,ECCS,2023,2026-04-01,synthetic revision
12560,SRB,ECCS,2023,2026-04-01,synthetic revision
12561,SYC,ECCS,2023,2026-04-01,synthetic revision
12562,SLE,ECCS,2023,2026-04-01,synthetic revision
12563,SGP,ECCS,2023,2026-04-01,synthetic revision
12564,SVK,ECCS,2023,2026-04-01,synthetic revision
12565,SVN,ECCS,2023,2026-04-01,synthetic revision
12566,SLB,ECCS,2023,2026-04-01,synthetic revision
12567,SOM,ECCS,2023,2026-04-01,synthetic revision
12568,ZAF,ECCS,2023,2026-04-01,synthetic revision
12569,SSD,ECCS,2023,2026-04-01,synthetic revision
12570,ESP,ECCS,2023,2026-04-01,synthetic revision
12571,LKA,ECCS,2023,2026-04-01,synthetic revision
12572,KNA,ECCS,2023,2026-04-01,synthetic revision
12573,LCA,ECCS,2023,2026-04-01,synthetic revision
12574,VCT,ECCS,2023,2026-04-01,synthetic revision
12575,SDN,ECCS,2023,2026-04-01,synthetic revision
12576,SUR,ECCS,2023,2026-04-01,synthetic revision
12577,SJM,ECCS,2023,2026-04-01,synthetic revision
12578,SWE,ECCS,2023,2026-04-01,synthetic revision
12579,CHE,ECCS,2023,2026-04-01,synthetic revision
12580,SYR,ECCS,2023,2026-04-01,synthetic revision
12581,TWN,ECCS,2023,2026-04-01,synthetic revision
12582,TJK,ECCS,2023,2026-04-01,synthetic revision
12583,TZA,ECCS,2023,2026-04-01,synthetic revision
12584,THA,ECCS,2023,2026-04-01,synthetic revision
12585,TLS,ECCS,2023,2026-04-01,synthetic revision
12586,TGO,ECCS,2023,2026-04-01,synthetic revision
12587,TON,ECCS,2023,2026-04-01,synthetic revision
12588,TTO,ECCS,2023,2026-04-01,synthetic revision
12589,TUN,ECCS,2023,2026-04-01,synthetic revision
12590,TKM,ECCS,2023,2026-04-01,synthetic revision
12591,TUV,ECCS,2023,2026-04-01,synthetic revision
12592,UGA,ECCS,2023,2026-04-01,synthetic revision
12593,UKR,ECCS,2023,2026-04-01,synthetic revision
12594,ARE,ECCS,2023,2026-04-01,synthetic revision
12595,GBR,ECCS,2023,2026-04-01,synthetic revision
12596,USA,ECCS,2023,2026-04-01,synthetic revision
12597,VIR,ECCS,2023,2026-04-01,synthetic revision
12598,URY,ECCS,2023,2026-04-01,synthetic revision
12599,UZB,ECCS,2023,2026-04-01,synthetic revision
12600,VUT,ECCS,2023,2026-04-01,synthetic revision
12601,VEN,ECCS,2023,2026-04-01,synthetic revision
12602,VNM,ECCS,2023,2026-04-01,synthetic revision
12603,WLF,ECCS,2023,2026-04-01,synthetic revision
12604,PSE,ECCS,2023,2026-04-01,synthetic revision
12605,ESH,ECCS,2023,2026-04-01,synthetic revision
12606,ZMB,ECCS,2023,2026-04-01,synthetic revision
12607,ZWE,ECCS,2023,2026-04-01,synthetic revision
12608,AFG,ECCS,2024,2026-04-01,synthetic revision
12609,ALB,ECCS,2024,2026-04-01,synthetic revision
12610,DZA,ECCS,2024,2026-04-01,synthetic revision
12611,ASM,ECCS,2024,2026-04-01,synthetic revision
12612,AND,ECCS,2024,2026-04-01,synthetic revision
12613,AGO,ECCS,2024,2026-04-01,synthetic revision
12614,AIA,ECCS,2024,2026-04-01,synthetic revision
12615,ATG,ECCS,2024,2026-04-01,synthetic revision
12616,ARG,ECCS,2024,2026-04-01,synthetic revision
12617,ARM,ECCS,2024,2026-04-01,synthetic revision
12618,AUS,ECCS,2024,2026-04-01,synthetic revision
12619,AUT,ECCS,2024,2026-04-01,synthetic revision
12620,AZE,ECCS,2024,2026-04-01,synthetic revision
12621,BHS,ECCS,2024,2026-04-01,synthetic revision
12622,BHR,ECCS,2024,2026-04-01,synthetic revision
12623,BGD,ECCS,2024,2026-04-01,synthetic revision
12624,BLR,ECCS,2024,2026-04-01,synthetic revision
12625,BEL,ECCS,2024,2026-04-01,synthetic revision
12626,BLZ,ECCS,2024,2026-04-01,synthetic revision
12627,BEN,ECCS,2024,2026-04-01,synthetic revision
12628,BTN,ECCS,2024,2026-04-01,synthetic revision
12629,BOL,ECCS,2024,2026-04-01,synthetic revision
12630,BIH,ECCS,2024,2026-04-01,synthetic revision
12631,BWA,ECCS,2024,2026-04-01,synthetic revision
12632,BRA,ECCS,2024,2026-04-01,synthetic revision
12633,VGB,ECCS,2024,2026-04-01,synthetic revision
12634,BRN,ECCS,2024,2026-04-01,synthetic revision
12635,BGR,ECCS,2024,2026-04-01,synthetic revision
12636,BFA,ECCS,2024,2026-04-01,synthetic revision
12637,CPV,ECCS,2024,2026-04-01,synthetic revision
12638,KHM,ECCS,2024,2026-04-01,synthetic revision
12639,CMR,ECCS,2024,2026-04-01,synthetic revision
12640,CAN,ECCS,2024,2026-04-01,synthetic revision
12641,CYM,ECCS,2024,2026-04-01,synthetic revision
12642,CAF,ECCS,2024,2026-04-01,synthetic revision
12643,TCD,ECCS,2024,2026-04-01,synthetic revision
12644,CHL,ECCS,2024,2026-04-01,synthetic revision
12645,HKG,ECCS,2024,2026-04-01,synthetic revision
12646,MAC,ECCS,2024,2026-04-01,synthetic revision
12647,CHN,ECCS,2024,2026-04-01,synthetic revision
12648,COL,ECCS,2024,2026-04-01,synthetic revision
12649,COM,ECCS,2024,2026-04-01,synthetic revision
12650,COD,ECCS,2024,2026-04-01,synthetic revision
12651,COG,ECCS,2024,2026-04-01,synthetic revision
12652,COK,ECCS,2024,2026-04-01,synthetic revision
12653,CRI,ECCS,2024,2026-04-01,synthetic revision
12654,HRV,ECCS,2024,2026-04-01,synthetic revision
12655,CUB,ECCS,2024,2026-04-01,synthetic revision
12656,CYP,ECCS,2024,2026-04-01,synthetic revision
12657,CZE,ECCS,2024,2026-04-01,synthetic revision
12658,DNK,ECCS,2024,2026-04-01,synthetic revision
12659,DJI,ECCS,2024,2026-04-01,synthetic revision
12660,DMA,ECCS,2024,2026-04-01,synthetic revision
12661,DOM,ECCS,2024,2026-04-01,synthetic revision
12662,ECU,ECCS,2024,2026-04-01,synthetic revision
12663,EGY,ECCS,2024,2026-04-01,synthetic revision
12664,SLV,ECCS,2024,2026-04-01,synthetic revision
12665,GNQ,ECCS,2024,2026-04-01,synthetic revision
12666,EST,ECCS,2024,2026-04-01,synthetic revision
12667,SWZ,ECCS,2024,2026-04-01,synthetic revision
12668,ETH,ECCS,2024,2026-04-01,synthetic revision
12669,FRO,ECCS,2024,2026-04-01,synthetic revision
12670,FJI,ECCS,2024,2026-04-01,synthetic revision
12671,FIN,ECCS,2024,2026-04-01,synthetic revision
12672,FRA,ECCS,2024,2026-04-01,synthetic revision
12673,PYF,ECCS,2024,2026-04-01,synthetic revision
12674,GAB,ECCS,2024,2026-04-01,synthetic revision
12675,GMB,ECCS,2024,2026-04-01,synthetic revision
12676,GEO,ECCS,2024,2026-04-01,synthetic revision
12677,DEU,ECCS,2024,2026-04-01,synthetic revision
12678,GHA,ECCS,2024,2026-04-01,synthetic revision
12679,GIB,ECCS,2024,2026-04-01,synthetic revision
12680,GRC,ECCS,2024,2026-04-01,synthetic revision
12681,GRL,ECCS,2024,2026-04-01,synthetic revision
12682,GRD,ECCS,2024,2026-04-01,synthetic revision
12683,GLP,ECCS,2024,2026-04-01,synthetic revision
12684,GTM,ECCS,2024,2026-04-01,synthetic revision
12685,GUF,ECCS,2024,2026-04-01,synthetic revision
12686,GIN,ECCS,2024,2026-04-01,synthetic revision
12687,GNB,ECCS,2024,2026-04-01,synthetic revision
12688,GUY,ECCS,2024,2026-04-01,synthetic revision
12689,HTI,ECCS,2024,2026-04-01,synthetic revision
12690,VAT,ECCS,2024,2026-04-01,synthetic revision
12691,HND,ECCS,2024,2026-04-01,synthetic revision
12692,HUN,ECCS,2024,2026-04-01,synthetic revision
12693,ISL,ECCS,2024,2026-04-01,synthetic revision
12694,IND,ECCS,2024,2026-04-01,synthetic revision
12695,IDN,ECCS,2024,2026-04-01,synthetic revision
12696,IRN,ECCS,2024,2026-04-01,synthetic revision
12697,IRQ,ECCS,2024,2026-04-01,synthetic revision
12698,IRL,ECCS,2024,2026-04-01,synthetic revision
12699,IMN,ECCS,2024,2026-04-01,synthetic revision
12700,ISR,ECCS,2024,2026-04-01,synthetic revision
12701,ITA,ECCS,2024,2026-04-01,synthetic revision
12702,JAM,ECCS,2024,2026-04-01,synthetic revision
12703,JPN,ECCS,2024,2026-04-01,synthetic revision
12704,JOR,ECCS,2024,2026-04-01,synthetic revision
12705,KAZ,ECCS,2024,2026-04-01,synthetic revision
12706,KEN,ECCS,2024,2026-04-01,synthetic revision
12707,KIR,ECCS,2024,2026-04-01,synthetic revision
12708,PRK,ECCS,2024,2026-04-01,synthetic revision
12709,KOR,ECCS,2024,2026-04-01,synthetic revision
12710,KWT,ECCS,2024,2026-04-01,synthetic revision
12711,KGZ,ECCS,2024,2026-04-01,synthetic revision
12712,LAO,ECCS,2024,2026-04-01,synthetic revision
12713,LVA,ECCS,2024,2026-04-01,synthetic revision
12714,LBN,ECCS,2024,2026-04-01,synthetic revision
12715,LSO,ECCS,2024,2026-04-01,synthetic revision
12716,LBR,ECCS,2024,2026-04-01,synthetic revision
12717,LBY,ECCS,2024,2026-04-01,synthetic revision
12718,LIE,ECCS,2024,2026-04-01,synthetic revision
12719,LTU,ECCS,2024,2026-04-01,synthetic revision
12720,LUX,ECCS,2024,2026-04-01,synthetic revision
12721,MDG,ECCS,2024,2026-04-01,synthetic revision
12722,MWI,ECCS,2024,2026-04-01,synthetic revision
12723,MYS,ECCS,2024,2026-04-01,synthetic revision
12724,MDV,ECCS,2024,2026-04-01,synthetic revision
12725,MLI,ECCS,2024,2026-04-01,synthetic revision
12726,MLT,ECCS,2024,2026-04-01,synthetic revision
12727,MHL,ECCS,2024,2026-04-01,synthetic revision
12728,MTQ,ECCS,2024,2026-04-01,synthetic revision
12729,MRT,ECCS,2024,2026-04-01,synthetic revision
12730,MUS,ECCS,2024,2026-04-01,synthetic revision
12731,MYT,ECCS,2024,2026-04-01,synthetic revision
12732,MEX,ECCS,2024,2026-04-01,synthetic revision
12733,FSM,ECCS,2024,2026-04-01,synthetic revision
12734,MDA,ECCS,2024,2026-04-01,synthetic revision
12735,MCO,ECCS,2024,2026-04-01,synthetic revision
12736,MNG,ECCS,2024,2026-04-01,synthetic revision
12737,MNE,ECCS,2024,2026-04-01,synthetic revision
12738,MSR,ECCS,2024,2026-04-01,synthetic revision
12739,MAR,ECCS,2024,2026-04-01,synthetic revision
12740,MOZ,ECCS,2024,2026-04-01,synthetic revision
12741,MMR,ECCS,2024,2026-04-01,synthetic revision
12742,NPL,ECCS,2024,2026-04-01,synthetic revision
12743,NLD,ECCS,2024,2026-04-01,synthetic revision
12744,NCL,ECCS,2024,2026-04-01,synthetic revision
12745,NZL,ECCS,2024,2026-04-01,synthetic revision
12746,NIC,ECCS,2024,2026-04-01,synthetic revision
12747,NER,ECCS,2024,2026-04-01,synthetic revision
12748,NGA,ECCS,2024,2026-04-01,synthetic revision
12749,NFK,ECCS,2024,2026-04-01,synthetic revision
12750,MKD,ECCS,2024,2026-04-01,synthetic revision
12751,NOR,ECCS,2024,2026-04-01,synthetic revision
12752,OMN,ECCS,2024,2026-04-01,synthetic revision
12753,PAK,ECCS,2024,2026-04-01,synthetic revision
12754,PLW,ECCS,2024,2026-04-01,synthetic revision
12755,PAN,ECCS,2024,2026-04-01,synthetic revision
12756,PNG,ECCS,2024,2026-04-01,synthetic revision
12757,PRY,ECCS,2024,2026-04-01,synthetic revision
12758,PER,ECCS,2024,2026-04-01,synthetic revision
12759,PHL,ECCS,2024,2026-04-01,synthetic revision
12760,POL,ECCS,2024,2026-04-01,synthetic revision
12761,PRT,ECCS,2024,2026-04-01,synthetic revision
12762,PRI,ECCS,2024,2026-04-01,synthetic revision
12763,QAT,ECCS,2024,2026-04-01,synthetic revision
12764,ROU,ECCS,2024,2026-04-01,synthetic revision
12765,RUS,ECCS,2024,2026-04-01,synthetic revision
12766,SPM,ECCS,2024,2026-04-01,synthetic revision
12767,WSM,ECCS,2024,2026-04-01,synthetic revision
12768,SMR,ECCS,2024,2026-04-01,synthetic revision
12769,STP,ECCS,2024,2026-04-01,synthetic revision
12770,SAU,ECCS,2024,2026-04-01,synthetic revision
12771,SEN,ECCS,2024,2026-04-01,synthetic revision
12772,SRB,ECCS,2024,2026-04-01,synthetic revision
12773,SYC,ECCS,2024,2026-04-01,synthetic revision
12774,SLE,ECCS,2024,2026-04-01,synthetic revision
12775,SGP,ECCS,2024,2026-04-01,synthetic revision
12776,SVK,ECCS,2024,2026-04-01,synthetic revision
12777,SVN,ECCS,2024,2026-04-01,synthetic revision
12778,SLB,ECCS,2024,2026-04-01,synthetic revision
12779,SOM,ECCS,2024,2026-04-01,synthetic revision
12780,ZAF,ECCS,2024,2026-04-01,synthetic revision
12781,SSD,ECCS,2024,2026-04-01,synthetic revision
12782,ESP,ECCS,2024,2026-04-01,synthetic revision
12783,LKA,ECCS,2024,2026-04-01,synthetic revision
12784,KNA,ECCS,2024,2026-04-01,synthetic revision
12785,LCA,ECCS,2024,2026-04-01,synthetic revision
12786,VCT,ECCS,2024,2026-04-01,synthetic revision
12787,SDN,ECCS,2024,2026-04-01,synthetic revision
12788,SUR,ECCS,2024,2026-04-01,synthetic revision
12789,SJM,ECCS,2024,2026-04-01,synthetic revision
12790,SWE,ECCS,2024,2026-04-01,synthetic revision
12791,CHE,ECCS,2024,2026-04-01,synthetic revision
12792,SYR,ECCS,2024,2026-04-01,synthetic revision
12793,TWN,ECCS,2024,2026-04-01,synthetic revision
12794,TJK,ECCS,2024,2026-04-01,synthetic revision
12795,TZA,ECCS,2024,2026-04-01,synthetic revision
12796,THA,ECCS,2024,2026-04-01,synthetic revision
12797,TLS,ECCS,2024,2026-04-01,synthetic revision
12798,TGO,ECCS,2024,2026-04-01,synthetic revision
12799,TON,ECCS,2024,2026-04-01,synthetic revision
12800,TTO,ECCS,2024,2026-04-01,synthetic revision
12801,TUN,ECCS,2024,2026-04-01,synthetic revision
12802,TKM,ECCS,2024,2026-04-01,synthetic revision
12803,TUV,ECCS,2024,2026-04-01,synthetic revision
12804,UGA,ECCS,2024,2026-04-01,synthetic revision
12805,UKR,ECCS,2024,2026-04-01,synthetic revision
12806,ARE,ECCS,2024,2026-04-01,synthetic revision
12807,GBR,ECCS,2024,2026-04-01,synthetic revision
12808,USA,ECCS,2024,2026-04-01,synthetic revision
12809,VIR,ECCS,2024,2026-04-01,synthetic revision
12810,URY,ECCS,2024,2026-04-01,synthetic revision
12811,UZB,ECCS,2024,2026-04-01,synthetic revision
12812,VUT,ECCS,2024,2026-04-01,synthetic revision
12813,VEN,ECCS,2024,2026-04-01,synthetic revision
12814,VNM,ECCS,2024,2026-04-01,synthetic revision
12815,WLF,ECCS,2024,2026-04-01,synthetic revision
12816,PSE,ECCS,2024,2026-04-01,synthetic revision
12817,ESH,ECCS,2024,2026-04-01,synthetic revision
12818,ZMB,ECCS,2024,2026-04-01,synthetic revision
12819,ZWE,ECCS,2024,2026-04-01,synthetic revision
